ISO-10303-21;
HEADER;
FILE_DESCRIPTION(('Open CASCADE Model'),'2;1');
FILE_NAME('Open CASCADE Shape Model','2026-09-21T23:02:43',('Author'),(
    'Open CASCADE'),'Open CASCADE STEP processor 7.9','Open CASCADE 7.9'
  ,'Unknown');
FILE_SCHEMA(('AUTOMOTIVE_DESIGN { 1 0 10303 214 1 1 1 1 }'));
ENDSEC;
DATA;
#1 = APPLICATION_PROTOCOL_DEFINITION('international standard',
  'automotive_design',2000,#2);
#2 = APPLICATION_CONTEXT(
  'core data for automotive mechanical design processes');
#3 = SHAPE_DEFINITION_REPRESENTATION(#4,#10);
#4 = PRODUCT_DEFINITION_SHAPE('','',#5);
#5 = PRODUCT_DEFINITION('design','',#6,#9);
#6 = PRODUCT_DEFINITION_FORMATION('','',#7);
#7 = PRODUCT('Open CASCADE STEP translator 7.9 1',
  'Open CASCADE STEP translator 7.9 1','',(#8));
#8 = PRODUCT_CONTEXT('',#2,'mechanical');
#9 = PRODUCT_DEFINITION_CONTEXT('part definition',#2,'design');
#10 = ADVANCED_BREP_SHAPE_REPRESENTATION('',(#11,#15),#9885);
#11 = AXIS2_PLACEMENT_3D('',#12,#13,#14);
#12 = CARTESIAN_POINT('',(0.,0.,0.));
#13 = DIRECTION('',(0.,0.,1.));
#14 = DIRECTION('',(1.,0.,-0.));
#15 = MANIFOLD_SOLID_BREP('',#16);
#16 = CLOSED_SHELL('',(#17,#151,#229,#353,#4276,#7294,#7321,#7348,#7375,
    #7402,#7429,#7456,#7483,#7510,#7537,#7564,#7591,#7618,#7645,#7672,
    #7699,#7726,#7753,#7780,#7807,#7834,#7861,#7888,#7915,#7942,#7969,
    #7996,#8023,#8050,#8077,#8104,#8131,#8158,#8185,#8212,#8239,#8266,
    #8293,#8320,#8347,#8374,#8401,#8428,#8455,#8482,#8509,#8536,#8563,
    #8590,#8617,#8644,#8671,#8698,#8725,#8752,#8779,#8806,#8833,#8860,
    #8887,#8914,#8941,#8968,#8995,#9022,#9049,#9076,#9103,#9130,#9157,
    #9184,#9211,#9238,#9265,#9292,#9319,#9346,#9373,#9400,#9427,#9454,
    #9481,#9508,#9535,#9562,#9589,#9616,#9643,#9670,#9697,#9724,#9751,
    #9778,#9785,#9828,#9853,#9878));
#17 = ADVANCED_FACE('',(#18),#32,.F.);
#18 = FACE_BOUND('',#19,.F.);
#19 = EDGE_LOOP('',(#20,#55,#83,#125));
#20 = ORIENTED_EDGE('',*,*,#21,.T.);
#21 = EDGE_CURVE('',#22,#24,#26,.T.);
#22 = VERTEX_POINT('',#23);
#23 = CARTESIAN_POINT('',(6.710386772941,-0.730211857986,0.));
#24 = VERTEX_POINT('',#25);
#25 = CARTESIAN_POINT('',(6.710386772941,-0.730211857986,6.));
#26 = SURFACE_CURVE('',#27,(#31,#43),.PCURVE_S1.);
#27 = LINE('',#28,#29);
#28 = CARTESIAN_POINT('',(6.710386772941,-0.730211857986,0.));
#29 = VECTOR('',#30,1.);
#30 = DIRECTION('',(0.,0.,1.));
#31 = PCURVE('',#32,#37);
#32 = PLANE('',#33);
#33 = AXIS2_PLACEMENT_3D('',#34,#35,#36);
#34 = CARTESIAN_POINT('',(6.710386772941,-0.730211857986,0.));
#35 = DIRECTION('',(0.108179534516,0.994131373769,-0.));
#36 = DIRECTION('',(0.994131373769,-0.108179534516,0.));
#37 = DEFINITIONAL_REPRESENTATION('',(#38),#42);
#38 = LINE('',#39,#40);
#39 = CARTESIAN_POINT('',(8.949763735298E-16,0.));
#40 = VECTOR('',#41,1.);
#41 = DIRECTION('',(0.,-1.));
#42 = ( GEOMETRIC_REPRESENTATION_CONTEXT(2) 
PARAMETRIC_REPRESENTATION_CONTEXT() REPRESENTATION_CONTEXT('2D SPACE',''
  ) );
#43 = PCURVE('',#44,#49);
#44 = CYLINDRICAL_SURFACE('',#45,6.75);
#45 = AXIS2_PLACEMENT_3D('',#46,#47,#48);
#46 = CARTESIAN_POINT('',(1.42108547152E-14,7.771561172376E-16,0.));
#47 = DIRECTION('',(-0.,-0.,-1.));
#48 = DIRECTION('',(0.959856144433,-0.280492748559,0.));
#49 = DEFINITIONAL_REPRESENTATION('',(#50),#54);
#50 = LINE('',#51,#52);
#51 = CARTESIAN_POINT('',(-0.175915773115,0.));
#52 = VECTOR('',#53,1.);
#53 = DIRECTION('',(-0.,-1.));
#54 = ( GEOMETRIC_REPRESENTATION_CONTEXT(2) 
PARAMETRIC_REPRESENTATION_CONTEXT() REPRESENTATION_CONTEXT('2D SPACE',''
  ) );
#55 = ORIENTED_EDGE('',*,*,#56,.T.);
#56 = EDGE_CURVE('',#24,#57,#59,.T.);
#57 = VERTEX_POINT('',#58);
#58 = CARTESIAN_POINT('',(7.47342332818,-0.813244082441,6.));
#59 = SURFACE_CURVE('',#60,(#64,#71),.PCURVE_S1.);
#60 = LINE('',#61,#62);
#61 = CARTESIAN_POINT('',(6.710386772941,-0.730211857986,6.));
#62 = VECTOR('',#63,1.);
#63 = DIRECTION('',(0.994131373769,-0.108179534516,0.));
#64 = PCURVE('',#32,#65);
#65 = DEFINITIONAL_REPRESENTATION('',(#66),#70);
#66 = LINE('',#67,#68);
#67 = CARTESIAN_POINT('',(0.,-6.));
#68 = VECTOR('',#69,1.);
#69 = DIRECTION('',(1.,0.));
#70 = ( GEOMETRIC_REPRESENTATION_CONTEXT(2) 
PARAMETRIC_REPRESENTATION_CONTEXT() REPRESENTATION_CONTEXT('2D SPACE',''
  ) );
#71 = PCURVE('',#72,#77);
#72 = PLANE('',#73);
#73 = AXIS2_PLACEMENT_3D('',#74,#75,#76);
#74 = CARTESIAN_POINT('',(8.35527557665E-16,-1.023256850685E-15,6.));
#75 = DIRECTION('',(0.,0.,1.));
#76 = DIRECTION('',(1.,0.,-0.));
#77 = DEFINITIONAL_REPRESENTATION('',(#78),#82);
#78 = LINE('',#79,#80);
#79 = CARTESIAN_POINT('',(6.710386772941,-0.730211857986));
#80 = VECTOR('',#81,1.);
#81 = DIRECTION('',(0.994131373769,-0.108179534516));
#82 = ( GEOMETRIC_REPRESENTATION_CONTEXT(2) 
PARAMETRIC_REPRESENTATION_CONTEXT() REPRESENTATION_CONTEXT('2D SPACE',''
  ) );
#83 = ORIENTED_EDGE('',*,*,#84,.F.);
#84 = EDGE_CURVE('',#85,#57,#87,.T.);
#85 = VERTEX_POINT('',#86);
#86 = CARTESIAN_POINT('',(7.47342332818,-0.813244082441,0.));
#87 = SURFACE_CURVE('',#88,(#92,#99),.PCURVE_S1.);
#88 = LINE('',#89,#90);
#89 = CARTESIAN_POINT('',(7.47342332818,-0.813244082441,0.));
#90 = VECTOR('',#91,1.);
#91 = DIRECTION('',(0.,0.,1.));
#92 = PCURVE('',#32,#93);
#93 = DEFINITIONAL_REPRESENTATION('',(#94),#98);
#94 = LINE('',#95,#96);
#95 = CARTESIAN_POINT('',(0.767540966287,0.));
#96 = VECTOR('',#97,1.);
#97 = DIRECTION('',(0.,-1.));
#98 = ( GEOMETRIC_REPRESENTATION_CONTEXT(2) 
PARAMETRIC_REPRESENTATION_CONTEXT() REPRESENTATION_CONTEXT('2D SPACE',''
  ) );
#99 = PCURVE('',#100,#119);
#100 = SURFACE_OF_LINEAR_EXTRUSION('',#101,#117);
#101 = B_SPLINE_CURVE_WITH_KNOTS('',3,(#102,#103,#104,#105,#106,#107,
    #108,#109,#110,#111,#112,#113,#114,#115,#116),.UNSPECIFIED.,.F.,.F.,
  (4,1,1,1,1,1,1,1,1,1,1,1,4),(0.,0.12443872072,0.250991678229,
    0.379586472863,0.510216300037,0.642878959891,0.777573462559,
    0.914299277526,1.053056087294,1.193843686737,1.33666193564,
    1.481510733913,1.628390007606),.UNSPECIFIED.);
#102 = CARTESIAN_POINT('',(7.47342332818,-0.813244082441,0.));
#103 = CARTESIAN_POINT('',(7.514987515933,-0.815269086887,0.));
#104 = CARTESIAN_POINT('',(7.598684987875,-0.813733056476,0.));
#105 = CARTESIAN_POINT('',(7.72447471879,-0.798390277918,0.));
#106 = CARTESIAN_POINT('',(7.850987779864,-0.775123110305,0.));
#107 = CARTESIAN_POINT('',(7.978032350515,-0.744455728645,0.));
#108 = CARTESIAN_POINT('',(8.105424020793,-0.70728559695,0.));
#109 = CARTESIAN_POINT('',(8.233023949617,-0.664027303853,0.));
#110 = CARTESIAN_POINT('',(8.360702743068,-0.615026476188,0.));
#111 = CARTESIAN_POINT('',(8.488341231955,-0.560526916071,0.));
#112 = CARTESIAN_POINT('',(8.615825573105,-0.500722362357,0.));
#113 = CARTESIAN_POINT('',(8.743046049147,-0.435765888892,0.));
#114 = CARTESIAN_POINT('',(8.869895311863,-0.365786994339,0.));
#115 = CARTESIAN_POINT('',(8.953562455266,-0.316194813545,-0.));
#116 = CARTESIAN_POINT('',(8.995306800448,-0.29061239789,0.));
#117 = VECTOR('',#118,1.);
#118 = DIRECTION('',(-0.,-0.,-1.));
#119 = DEFINITIONAL_REPRESENTATION('',(#120),#124);
#120 = LINE('',#121,#122);
#121 = CARTESIAN_POINT('',(0.,0.));
#122 = VECTOR('',#123,1.);
#123 = DIRECTION('',(0.,-1.));
#124 = ( GEOMETRIC_REPRESENTATION_CONTEXT(2) 
PARAMETRIC_REPRESENTATION_CONTEXT() REPRESENTATION_CONTEXT('2D SPACE',''
  ) );
#125 = ORIENTED_EDGE('',*,*,#126,.F.);
#126 = EDGE_CURVE('',#22,#85,#127,.T.);
#127 = SURFACE_CURVE('',#128,(#132,#139),.PCURVE_S1.);
#128 = LINE('',#129,#130);
#129 = CARTESIAN_POINT('',(6.710386772941,-0.730211857986,0.));
#130 = VECTOR('',#131,1.);
#131 = DIRECTION('',(0.994131373769,-0.108179534516,0.));
#132 = PCURVE('',#32,#133);
#133 = DEFINITIONAL_REPRESENTATION('',(#134),#138);
#134 = LINE('',#135,#136);
#135 = CARTESIAN_POINT('',(0.,0.));
#136 = VECTOR('',#137,1.);
#137 = DIRECTION('',(1.,0.));
#138 = ( GEOMETRIC_REPRESENTATION_CONTEXT(2) 
PARAMETRIC_REPRESENTATION_CONTEXT() REPRESENTATION_CONTEXT('2D SPACE',''
  ) );
#139 = PCURVE('',#140,#145);
#140 = PLANE('',#141);
#141 = AXIS2_PLACEMENT_3D('',#142,#143,#144);
#142 = CARTESIAN_POINT('',(8.35527557665E-16,-1.023256850685E-15,0.));
#143 = DIRECTION('',(0.,0.,1.));
#144 = DIRECTION('',(1.,0.,-0.));
#145 = DEFINITIONAL_REPRESENTATION('',(#146),#150);
#146 = LINE('',#147,#148);
#147 = CARTESIAN_POINT('',(6.710386772941,-0.730211857986));
#148 = VECTOR('',#149,1.);
#149 = DIRECTION('',(0.994131373769,-0.108179534516));
#150 = ( GEOMETRIC_REPRESENTATION_CONTEXT(2) 
PARAMETRIC_REPRESENTATION_CONTEXT() REPRESENTATION_CONTEXT('2D SPACE',''
  ) );
#151 = ADVANCED_FACE('',(#152),#44,.T.);
#152 = FACE_BOUND('',#153,.F.);
#153 = EDGE_LOOP('',(#154,#184,#206,#207));
#154 = ORIENTED_EDGE('',*,*,#155,.T.);
#155 = EDGE_CURVE('',#156,#158,#160,.T.);
#156 = VERTEX_POINT('',#157);
#157 = CARTESIAN_POINT('',(6.479028974922,-1.893326052776,0.));
#158 = VERTEX_POINT('',#159);
#159 = CARTESIAN_POINT('',(6.479028974922,-1.893326052776,6.));
#160 = SURFACE_CURVE('',#161,(#165,#172),.PCURVE_S1.);
#161 = LINE('',#162,#163);
#162 = CARTESIAN_POINT('',(6.479028974922,-1.893326052776,0.));
#163 = VECTOR('',#164,1.);
#164 = DIRECTION('',(0.,0.,1.));
#165 = PCURVE('',#44,#166);
#166 = DEFINITIONAL_REPRESENTATION('',(#167),#171);
#167 = LINE('',#168,#169);
#168 = CARTESIAN_POINT('',(-0.,0.));
#169 = VECTOR('',#170,1.);
#170 = DIRECTION('',(-0.,-1.));
#171 = ( GEOMETRIC_REPRESENTATION_CONTEXT(2) 
PARAMETRIC_REPRESENTATION_CONTEXT() REPRESENTATION_CONTEXT('2D SPACE',''
  ) );
#172 = PCURVE('',#173,#178);
#173 = PLANE('',#174);
#174 = AXIS2_PLACEMENT_3D('',#175,#176,#177);
#175 = CARTESIAN_POINT('',(7.215757887517,-2.108615728042,0.));
#176 = DIRECTION('',(-0.280492748559,-0.959856144433,0.));
#177 = DIRECTION('',(-0.959856144433,0.280492748559,0.));
#178 = DEFINITIONAL_REPRESENTATION('',(#179),#183);
#179 = LINE('',#180,#181);
#180 = CARTESIAN_POINT('',(0.767540966287,0.));
#181 = VECTOR('',#182,1.);
#182 = DIRECTION('',(0.,-1.));
#183 = ( GEOMETRIC_REPRESENTATION_CONTEXT(2) 
PARAMETRIC_REPRESENTATION_CONTEXT() REPRESENTATION_CONTEXT('2D SPACE',''
  ) );
#184 = ORIENTED_EDGE('',*,*,#185,.T.);
#185 = EDGE_CURVE('',#158,#24,#186,.T.);
#186 = SURFACE_CURVE('',#187,(#192,#199),.PCURVE_S1.);
#187 = CIRCLE('',#188,6.75);
#188 = AXIS2_PLACEMENT_3D('',#189,#190,#191);
#189 = CARTESIAN_POINT('',(1.42108547152E-14,7.771561172376E-16,6.));
#190 = DIRECTION('',(0.,0.,1.));
#191 = DIRECTION('',(0.959856144433,-0.280492748559,0.));
#192 = PCURVE('',#44,#193);
#193 = DEFINITIONAL_REPRESENTATION('',(#194),#198);
#194 = LINE('',#195,#196);
#195 = CARTESIAN_POINT('',(-0.,-6.));
#196 = VECTOR('',#197,1.);
#197 = DIRECTION('',(-1.,0.));
#198 = ( GEOMETRIC_REPRESENTATION_CONTEXT(2) 
PARAMETRIC_REPRESENTATION_CONTEXT() REPRESENTATION_CONTEXT('2D SPACE',''
  ) );
#199 = PCURVE('',#72,#200);
#200 = DEFINITIONAL_REPRESENTATION('',(#201),#205);
#201 = CIRCLE('',#202,6.75);
#202 = AXIS2_PLACEMENT_2D('',#203,#204);
#203 = CARTESIAN_POINT('',(1.337532715754E-14,1.800412967922E-15));
#204 = DIRECTION('',(0.959856144433,-0.280492748559));
#205 = ( GEOMETRIC_REPRESENTATION_CONTEXT(2) 
PARAMETRIC_REPRESENTATION_CONTEXT() REPRESENTATION_CONTEXT('2D SPACE',''
  ) );
#206 = ORIENTED_EDGE('',*,*,#21,.F.);
#207 = ORIENTED_EDGE('',*,*,#208,.F.);
#208 = EDGE_CURVE('',#156,#22,#209,.T.);
#209 = SURFACE_CURVE('',#210,(#215,#222),.PCURVE_S1.);
#210 = CIRCLE('',#211,6.75);
#211 = AXIS2_PLACEMENT_3D('',#212,#213,#214);
#212 = CARTESIAN_POINT('',(1.42108547152E-14,7.771561172376E-16,0.));
#213 = DIRECTION('',(0.,0.,1.));
#214 = DIRECTION('',(0.959856144433,-0.280492748559,0.));
#215 = PCURVE('',#44,#216);
#216 = DEFINITIONAL_REPRESENTATION('',(#217),#221);
#217 = LINE('',#218,#219);
#218 = CARTESIAN_POINT('',(-0.,0.));
#219 = VECTOR('',#220,1.);
#220 = DIRECTION('',(-1.,0.));
#221 = ( GEOMETRIC_REPRESENTATION_CONTEXT(2) 
PARAMETRIC_REPRESENTATION_CONTEXT() REPRESENTATION_CONTEXT('2D SPACE',''
  ) );
#222 = PCURVE('',#140,#223);
#223 = DEFINITIONAL_REPRESENTATION('',(#224),#228);
#224 = CIRCLE('',#225,6.75);
#225 = AXIS2_PLACEMENT_2D('',#226,#227);
#226 = CARTESIAN_POINT('',(1.337532715754E-14,1.800412967922E-15));
#227 = DIRECTION('',(0.959856144433,-0.280492748559));
#228 = ( GEOMETRIC_REPRESENTATION_CONTEXT(2) 
PARAMETRIC_REPRESENTATION_CONTEXT() REPRESENTATION_CONTEXT('2D SPACE',''
  ) );
#229 = ADVANCED_FACE('',(#230),#100,.F.);
#230 = FACE_BOUND('',#231,.F.);
#231 = EDGE_LOOP('',(#232,#233,#280,#308));
#232 = ORIENTED_EDGE('',*,*,#84,.T.);
#233 = ORIENTED_EDGE('',*,*,#234,.T.);
#234 = EDGE_CURVE('',#57,#235,#237,.T.);
#235 = VERTEX_POINT('',#236);
#236 = CARTESIAN_POINT('',(8.995306800448,-0.29061239789,6.));
#237 = SURFACE_CURVE('',#238,(#254,#261),.PCURVE_S1.);
#238 = B_SPLINE_CURVE_WITH_KNOTS('',3,(#239,#240,#241,#242,#243,#244,
    #245,#246,#247,#248,#249,#250,#251,#252,#253),.UNSPECIFIED.,.F.,.F.,
  (4,1,1,1,1,1,1,1,1,1,1,1,4),(0.,0.12443872072,0.250991678229,
    0.379586472863,0.510216300037,0.642878959891,0.777573462559,
    0.914299277526,1.053056087294,1.193843686737,1.33666193564,
    1.481510733913,1.628390007606),.UNSPECIFIED.);
#239 = CARTESIAN_POINT('',(7.47342332818,-0.813244082441,6.));
#240 = CARTESIAN_POINT('',(7.514987515933,-0.815269086887,6.));
#241 = CARTESIAN_POINT('',(7.598684987875,-0.813733056476,6.));
#242 = CARTESIAN_POINT('',(7.72447471879,-0.798390277918,6.));
#243 = CARTESIAN_POINT('',(7.850987779864,-0.775123110305,6.));
#244 = CARTESIAN_POINT('',(7.978032350515,-0.744455728645,6.));
#245 = CARTESIAN_POINT('',(8.105424020793,-0.70728559695,6.));
#246 = CARTESIAN_POINT('',(8.233023949617,-0.664027303853,6.));
#247 = CARTESIAN_POINT('',(8.360702743068,-0.615026476188,6.));
#248 = CARTESIAN_POINT('',(8.488341231955,-0.560526916071,6.));
#249 = CARTESIAN_POINT('',(8.615825573105,-0.500722362357,6.));
#250 = CARTESIAN_POINT('',(8.743046049147,-0.435765888892,6.));
#251 = CARTESIAN_POINT('',(8.869895311863,-0.365786994339,6.));
#252 = CARTESIAN_POINT('',(8.953562455266,-0.316194813545,6.));
#253 = CARTESIAN_POINT('',(8.995306800448,-0.29061239789,6.));
#254 = PCURVE('',#100,#255);
#255 = DEFINITIONAL_REPRESENTATION('',(#256),#260);
#256 = LINE('',#257,#258);
#257 = CARTESIAN_POINT('',(0.,-6.));
#258 = VECTOR('',#259,1.);
#259 = DIRECTION('',(1.,0.));
#260 = ( GEOMETRIC_REPRESENTATION_CONTEXT(2) 
PARAMETRIC_REPRESENTATION_CONTEXT() REPRESENTATION_CONTEXT('2D SPACE',''
  ) );
#261 = PCURVE('',#72,#262);
#262 = DEFINITIONAL_REPRESENTATION('',(#263),#279);
#263 = B_SPLINE_CURVE_WITH_KNOTS('',3,(#264,#265,#266,#267,#268,#269,
    #270,#271,#272,#273,#274,#275,#276,#277,#278),.UNSPECIFIED.,.F.,.F.,
  (4,1,1,1,1,1,1,1,1,1,1,1,4),(0.,0.12443872072,0.250991678229,
    0.379586472863,0.510216300037,0.642878959891,0.777573462559,
    0.914299277526,1.053056087294,1.193843686737,1.33666193564,
    1.481510733913,1.628390007606),.UNSPECIFIED.);
#264 = CARTESIAN_POINT('',(7.47342332818,-0.813244082441));
#265 = CARTESIAN_POINT('',(7.514987515933,-0.815269086887));
#266 = CARTESIAN_POINT('',(7.598684987875,-0.813733056476));
#267 = CARTESIAN_POINT('',(7.72447471879,-0.798390277918));
#268 = CARTESIAN_POINT('',(7.850987779864,-0.775123110305));
#269 = CARTESIAN_POINT('',(7.978032350515,-0.744455728645));
#270 = CARTESIAN_POINT('',(8.105424020793,-0.70728559695));
#271 = CARTESIAN_POINT('',(8.233023949617,-0.664027303853));
#272 = CARTESIAN_POINT('',(8.360702743068,-0.615026476188));
#273 = CARTESIAN_POINT('',(8.488341231955,-0.560526916071));
#274 = CARTESIAN_POINT('',(8.615825573105,-0.500722362357));
#275 = CARTESIAN_POINT('',(8.743046049147,-0.435765888892));
#276 = CARTESIAN_POINT('',(8.869895311863,-0.365786994339));
#277 = CARTESIAN_POINT('',(8.953562455266,-0.316194813545));
#278 = CARTESIAN_POINT('',(8.995306800448,-0.29061239789));
#279 = ( GEOMETRIC_REPRESENTATION_CONTEXT(2) 
PARAMETRIC_REPRESENTATION_CONTEXT() REPRESENTATION_CONTEXT('2D SPACE',''
  ) );
#280 = ORIENTED_EDGE('',*,*,#281,.F.);
#281 = EDGE_CURVE('',#282,#235,#284,.T.);
#282 = VERTEX_POINT('',#283);
#283 = CARTESIAN_POINT('',(8.995306800448,-0.29061239789,0.));
#284 = SURFACE_CURVE('',#285,(#289,#296),.PCURVE_S1.);
#285 = LINE('',#286,#287);
#286 = CARTESIAN_POINT('',(8.995306800448,-0.29061239789,0.));
#287 = VECTOR('',#288,1.);
#288 = DIRECTION('',(0.,0.,1.));
#289 = PCURVE('',#100,#290);
#290 = DEFINITIONAL_REPRESENTATION('',(#291),#295);
#291 = LINE('',#292,#293);
#292 = CARTESIAN_POINT('',(1.628390007606,0.));
#293 = VECTOR('',#294,1.);
#294 = DIRECTION('',(0.,-1.));
#295 = ( GEOMETRIC_REPRESENTATION_CONTEXT(2) 
PARAMETRIC_REPRESENTATION_CONTEXT() REPRESENTATION_CONTEXT('2D SPACE',''
  ) );
#296 = PCURVE('',#297,#302);
#297 = CYLINDRICAL_SURFACE('',#298,9.000000000001);
#298 = AXIS2_PLACEMENT_3D('',#299,#300,#301);
#299 = CARTESIAN_POINT('',(-8.242295734817E-13,0.,0.));
#300 = DIRECTION('',(-0.,0.,-1.));
#301 = DIRECTION('',(0.999478533383,-3.229026643226E-02,-0.));
#302 = DEFINITIONAL_REPRESENTATION('',(#303),#307);
#303 = LINE('',#304,#305);
#304 = CARTESIAN_POINT('',(-0.,0.));
#305 = VECTOR('',#306,1.);
#306 = DIRECTION('',(-0.,-1.));
#307 = ( GEOMETRIC_REPRESENTATION_CONTEXT(2) 
PARAMETRIC_REPRESENTATION_CONTEXT() REPRESENTATION_CONTEXT('2D SPACE',''
  ) );
#308 = ORIENTED_EDGE('',*,*,#309,.F.);
#309 = EDGE_CURVE('',#85,#282,#310,.T.);
#310 = SURFACE_CURVE('',#311,(#327,#334),.PCURVE_S1.);
#311 = B_SPLINE_CURVE_WITH_KNOTS('',3,(#312,#313,#314,#315,#316,#317,
    #318,#319,#320,#321,#322,#323,#324,#325,#326),.UNSPECIFIED.,.F.,.F.,
  (4,1,1,1,1,1,1,1,1,1,1,1,4),(0.,0.12443872072,0.250991678229,
    0.379586472863,0.510216300037,0.642878959891,0.777573462559,
    0.914299277526,1.053056087294,1.193843686737,1.33666193564,
    1.481510733913,1.628390007606),.UNSPECIFIED.);
#312 = CARTESIAN_POINT('',(7.47342332818,-0.813244082441,0.));
#313 = CARTESIAN_POINT('',(7.514987515933,-0.815269086887,0.));
#314 = CARTESIAN_POINT('',(7.598684987875,-0.813733056476,0.));
#315 = CARTESIAN_POINT('',(7.72447471879,-0.798390277918,0.));
#316 = CARTESIAN_POINT('',(7.850987779864,-0.775123110305,0.));
#317 = CARTESIAN_POINT('',(7.978032350515,-0.744455728645,0.));
#318 = CARTESIAN_POINT('',(8.105424020793,-0.70728559695,0.));
#319 = CARTESIAN_POINT('',(8.233023949617,-0.664027303853,0.));
#320 = CARTESIAN_POINT('',(8.360702743068,-0.615026476188,0.));
#321 = CARTESIAN_POINT('',(8.488341231955,-0.560526916071,0.));
#322 = CARTESIAN_POINT('',(8.615825573105,-0.500722362357,0.));
#323 = CARTESIAN_POINT('',(8.743046049147,-0.435765888892,0.));
#324 = CARTESIAN_POINT('',(8.869895311863,-0.365786994339,0.));
#325 = CARTESIAN_POINT('',(8.953562455266,-0.316194813545,-0.));
#326 = CARTESIAN_POINT('',(8.995306800448,-0.29061239789,0.));
#327 = PCURVE('',#100,#328);
#328 = DEFINITIONAL_REPRESENTATION('',(#329),#333);
#329 = LINE('',#330,#331);
#330 = CARTESIAN_POINT('',(0.,0.));
#331 = VECTOR('',#332,1.);
#332 = DIRECTION('',(1.,0.));
#333 = ( GEOMETRIC_REPRESENTATION_CONTEXT(2) 
PARAMETRIC_REPRESENTATION_CONTEXT() REPRESENTATION_CONTEXT('2D SPACE',''
  ) );
#334 = PCURVE('',#140,#335);
#335 = DEFINITIONAL_REPRESENTATION('',(#336),#352);
#336 = B_SPLINE_CURVE_WITH_KNOTS('',3,(#337,#338,#339,#340,#341,#342,
    #343,#344,#345,#346,#347,#348,#349,#350,#351),.UNSPECIFIED.,.F.,.F.,
  (4,1,1,1,1,1,1,1,1,1,1,1,4),(0.,0.12443872072,0.250991678229,
    0.379586472863,0.510216300037,0.642878959891,0.777573462559,
    0.914299277526,1.053056087294,1.193843686737,1.33666193564,
    1.481510733913,1.628390007606),.UNSPECIFIED.);
#337 = CARTESIAN_POINT('',(7.47342332818,-0.813244082441));
#338 = CARTESIAN_POINT('',(7.514987515933,-0.815269086887));
#339 = CARTESIAN_POINT('',(7.598684987875,-0.813733056476));
#340 = CARTESIAN_POINT('',(7.72447471879,-0.798390277918));
#341 = CARTESIAN_POINT('',(7.850987779864,-0.775123110305));
#342 = CARTESIAN_POINT('',(7.978032350515,-0.744455728645));
#343 = CARTESIAN_POINT('',(8.105424020793,-0.70728559695));
#344 = CARTESIAN_POINT('',(8.233023949617,-0.664027303853));
#345 = CARTESIAN_POINT('',(8.360702743068,-0.615026476188));
#346 = CARTESIAN_POINT('',(8.488341231955,-0.560526916071));
#347 = CARTESIAN_POINT('',(8.615825573105,-0.500722362357));
#348 = CARTESIAN_POINT('',(8.743046049147,-0.435765888892));
#349 = CARTESIAN_POINT('',(8.869895311863,-0.365786994339));
#350 = CARTESIAN_POINT('',(8.953562455266,-0.316194813545));
#351 = CARTESIAN_POINT('',(8.995306800448,-0.29061239789));
#352 = ( GEOMETRIC_REPRESENTATION_CONTEXT(2) 
PARAMETRIC_REPRESENTATION_CONTEXT() REPRESENTATION_CONTEXT('2D SPACE',''
  ) );
#353 = ADVANCED_FACE('',(#354,#4160),#140,.F.);
#354 = FACE_BOUND('',#355,.F.);
#355 = EDGE_LOOP('',(#356,#357,#358,#382,#448,#476,#505,#533,#599,#628,
    #694,#722,#751,#779,#845,#874,#940,#968,#997,#1025,#1091,#1120,#1186
    ,#1214,#1243,#1271,#1337,#1366,#1432,#1460,#1489,#1517,#1583,#1612,
    #1678,#1706,#1735,#1763,#1829,#1858,#1924,#1952,#1981,#2009,#2075,
    #2104,#2170,#2198,#2227,#2255,#2321,#2350,#2416,#2444,#2473,#2501,
    #2567,#2596,#2662,#2690,#2719,#2747,#2813,#2842,#2908,#2936,#2965,
    #2993,#3059,#3088,#3154,#3182,#3211,#3239,#3305,#3334,#3400,#3428,
    #3457,#3485,#3551,#3580,#3646,#3674,#3703,#3731,#3797,#3826,#3892,
    #3920,#3949,#3977,#4043,#4072,#4138,#4159));
#356 = ORIENTED_EDGE('',*,*,#126,.T.);
#357 = ORIENTED_EDGE('',*,*,#309,.T.);
#358 = ORIENTED_EDGE('',*,*,#359,.T.);
#359 = EDGE_CURVE('',#282,#360,#362,.T.);
#360 = VERTEX_POINT('',#361);
#361 = CARTESIAN_POINT('',(8.995306800448,0.29061239789,0.));
#362 = SURFACE_CURVE('',#363,(#368,#375),.PCURVE_S1.);
#363 = CIRCLE('',#364,9.000000000001);
#364 = AXIS2_PLACEMENT_3D('',#365,#366,#367);
#365 = CARTESIAN_POINT('',(-8.242295734817E-13,0.,0.));
#366 = DIRECTION('',(0.,-0.,1.));
#367 = DIRECTION('',(0.999478533383,-3.229026643226E-02,-0.));
#368 = PCURVE('',#140,#369);
#369 = DEFINITIONAL_REPRESENTATION('',(#370),#374);
#370 = CIRCLE('',#371,9.000000000001);
#371 = AXIS2_PLACEMENT_2D('',#372,#373);
#372 = CARTESIAN_POINT('',(-8.250651010394E-13,1.023256850685E-15));
#373 = DIRECTION('',(0.999478533383,-3.229026643226E-02));
#374 = ( GEOMETRIC_REPRESENTATION_CONTEXT(2) 
PARAMETRIC_REPRESENTATION_CONTEXT() REPRESENTATION_CONTEXT('2D SPACE',''
  ) );
#375 = PCURVE('',#297,#376);
#376 = DEFINITIONAL_REPRESENTATION('',(#377),#381);
#377 = LINE('',#378,#379);
#378 = CARTESIAN_POINT('',(-0.,0.));
#379 = VECTOR('',#380,1.);
#380 = DIRECTION('',(-1.,0.));
#381 = ( GEOMETRIC_REPRESENTATION_CONTEXT(2) 
PARAMETRIC_REPRESENTATION_CONTEXT() REPRESENTATION_CONTEXT('2D SPACE',''
  ) );
#382 = ORIENTED_EDGE('',*,*,#383,.T.);
#383 = EDGE_CURVE('',#360,#384,#386,.T.);
#384 = VERTEX_POINT('',#385);
#385 = CARTESIAN_POINT('',(7.47342332818,0.813244082441,0.));
#386 = SURFACE_CURVE('',#387,(#403,#422),.PCURVE_S1.);
#387 = B_SPLINE_CURVE_WITH_KNOTS('',3,(#388,#389,#390,#391,#392,#393,
    #394,#395,#396,#397,#398,#399,#400,#401,#402),.UNSPECIFIED.,.F.,.F.,
  (4,1,1,1,1,1,1,1,1,1,1,1,4),(0.,0.146879273693,0.291728071966,
    0.434546320869,0.575333920312,0.71409073008,0.850816545047,
    0.985511047715,1.118173707569,1.248803534744,1.377398329377,
    1.503951286886,1.628390007606),.UNSPECIFIED.);
#388 = CARTESIAN_POINT('',(8.995306800448,0.29061239789,0.));
#389 = CARTESIAN_POINT('',(8.953562455266,0.316194813545,0.));
#390 = CARTESIAN_POINT('',(8.869895311863,0.365786994339,0.));
#391 = CARTESIAN_POINT('',(8.743046049147,0.435765888892,0.));
#392 = CARTESIAN_POINT('',(8.615825573105,0.500722362357,0.));
#393 = CARTESIAN_POINT('',(8.488341231955,0.560526916071,0.));
#394 = CARTESIAN_POINT('',(8.360702743068,0.615026476188,0.));
#395 = CARTESIAN_POINT('',(8.233023949617,0.664027303853,0.));
#396 = CARTESIAN_POINT('',(8.105424020793,0.70728559695,0.));
#397 = CARTESIAN_POINT('',(7.978032350515,0.744455728645,0.));
#398 = CARTESIAN_POINT('',(7.850987779864,0.775123110305,0.));
#399 = CARTESIAN_POINT('',(7.72447471879,0.798390277918,0.));
#400 = CARTESIAN_POINT('',(7.598684987875,0.813733056476,0.));
#401 = CARTESIAN_POINT('',(7.514987515933,0.815269086887,-0.));
#402 = CARTESIAN_POINT('',(7.47342332818,0.813244082441,0.));
#403 = PCURVE('',#140,#404);
#404 = DEFINITIONAL_REPRESENTATION('',(#405),#421);
#405 = B_SPLINE_CURVE_WITH_KNOTS('',3,(#406,#407,#408,#409,#410,#411,
    #412,#413,#414,#415,#416,#417,#418,#419,#420),.UNSPECIFIED.,.F.,.F.,
  (4,1,1,1,1,1,1,1,1,1,1,1,4),(0.,0.146879273693,0.291728071966,
    0.434546320869,0.575333920312,0.71409073008,0.850816545047,
    0.985511047715,1.118173707569,1.248803534744,1.377398329377,
    1.503951286886,1.628390007606),.UNSPECIFIED.);
#406 = CARTESIAN_POINT('',(8.995306800448,0.29061239789));
#407 = CARTESIAN_POINT('',(8.953562455266,0.316194813545));
#408 = CARTESIAN_POINT('',(8.869895311863,0.365786994339));
#409 = CARTESIAN_POINT('',(8.743046049147,0.435765888892));
#410 = CARTESIAN_POINT('',(8.615825573105,0.500722362357));
#411 = CARTESIAN_POINT('',(8.488341231955,0.560526916071));
#412 = CARTESIAN_POINT('',(8.360702743068,0.615026476188));
#413 = CARTESIAN_POINT('',(8.233023949617,0.664027303853));
#414 = CARTESIAN_POINT('',(8.105424020793,0.70728559695));
#415 = CARTESIAN_POINT('',(7.978032350515,0.744455728645));
#416 = CARTESIAN_POINT('',(7.850987779864,0.775123110305));
#417 = CARTESIAN_POINT('',(7.72447471879,0.798390277918));
#418 = CARTESIAN_POINT('',(7.598684987875,0.813733056476));
#419 = CARTESIAN_POINT('',(7.514987515933,0.815269086887));
#420 = CARTESIAN_POINT('',(7.47342332818,0.813244082441));
#421 = ( GEOMETRIC_REPRESENTATION_CONTEXT(2) 
PARAMETRIC_REPRESENTATION_CONTEXT() REPRESENTATION_CONTEXT('2D SPACE',''
  ) );
#422 = PCURVE('',#423,#442);
#423 = SURFACE_OF_LINEAR_EXTRUSION('',#424,#440);
#424 = B_SPLINE_CURVE_WITH_KNOTS('',3,(#425,#426,#427,#428,#429,#430,
    #431,#432,#433,#434,#435,#436,#437,#438,#439),.UNSPECIFIED.,.F.,.F.,
  (4,1,1,1,1,1,1,1,1,1,1,1,4),(0.,0.146879273693,0.291728071966,
    0.434546320869,0.575333920312,0.71409073008,0.850816545047,
    0.985511047715,1.118173707569,1.248803534744,1.377398329377,
    1.503951286886,1.628390007606),.UNSPECIFIED.);
#425 = CARTESIAN_POINT('',(8.995306800448,0.29061239789,0.));
#426 = CARTESIAN_POINT('',(8.953562455266,0.316194813545,0.));
#427 = CARTESIAN_POINT('',(8.869895311863,0.365786994339,0.));
#428 = CARTESIAN_POINT('',(8.743046049147,0.435765888892,0.));
#429 = CARTESIAN_POINT('',(8.615825573105,0.500722362357,0.));
#430 = CARTESIAN_POINT('',(8.488341231955,0.560526916071,0.));
#431 = CARTESIAN_POINT('',(8.360702743068,0.615026476188,0.));
#432 = CARTESIAN_POINT('',(8.233023949617,0.664027303853,0.));
#433 = CARTESIAN_POINT('',(8.105424020793,0.70728559695,0.));
#434 = CARTESIAN_POINT('',(7.978032350515,0.744455728645,0.));
#435 = CARTESIAN_POINT('',(7.850987779864,0.775123110305,0.));
#436 = CARTESIAN_POINT('',(7.72447471879,0.798390277918,0.));
#437 = CARTESIAN_POINT('',(7.598684987875,0.813733056476,0.));
#438 = CARTESIAN_POINT('',(7.514987515933,0.815269086887,-0.));
#439 = CARTESIAN_POINT('',(7.47342332818,0.813244082441,0.));
#440 = VECTOR('',#441,1.);
#441 = DIRECTION('',(-0.,-0.,-1.));
#442 = DEFINITIONAL_REPRESENTATION('',(#443),#447);
#443 = LINE('',#444,#445);
#444 = CARTESIAN_POINT('',(0.,0.));
#445 = VECTOR('',#446,1.);
#446 = DIRECTION('',(1.,0.));
#447 = ( GEOMETRIC_REPRESENTATION_CONTEXT(2) 
PARAMETRIC_REPRESENTATION_CONTEXT() REPRESENTATION_CONTEXT('2D SPACE',''
  ) );
#448 = ORIENTED_EDGE('',*,*,#449,.T.);
#449 = EDGE_CURVE('',#384,#450,#452,.T.);
#450 = VERTEX_POINT('',#451);
#451 = CARTESIAN_POINT('',(6.710386772941,0.730211857986,0.));
#452 = SURFACE_CURVE('',#453,(#457,#464),.PCURVE_S1.);
#453 = LINE('',#454,#455);
#454 = CARTESIAN_POINT('',(7.47342332818,0.813244082441,0.));
#455 = VECTOR('',#456,1.);
#456 = DIRECTION('',(-0.994131373769,-0.108179534516,0.));
#457 = PCURVE('',#140,#458);
#458 = DEFINITIONAL_REPRESENTATION('',(#459),#463);
#459 = LINE('',#460,#461);
#460 = CARTESIAN_POINT('',(7.47342332818,0.813244082441));
#461 = VECTOR('',#462,1.);
#462 = DIRECTION('',(-0.994131373769,-0.108179534516));
#463 = ( GEOMETRIC_REPRESENTATION_CONTEXT(2) 
PARAMETRIC_REPRESENTATION_CONTEXT() REPRESENTATION_CONTEXT('2D SPACE',''
  ) );
#464 = PCURVE('',#465,#470);
#465 = PLANE('',#466);
#466 = AXIS2_PLACEMENT_3D('',#467,#468,#469);
#467 = CARTESIAN_POINT('',(7.47342332818,0.813244082441,0.));
#468 = DIRECTION('',(0.108179534516,-0.994131373769,0.));
#469 = DIRECTION('',(-0.994131373769,-0.108179534516,0.));
#470 = DEFINITIONAL_REPRESENTATION('',(#471),#475);
#471 = LINE('',#472,#473);
#472 = CARTESIAN_POINT('',(0.,0.));
#473 = VECTOR('',#474,1.);
#474 = DIRECTION('',(1.,0.));
#475 = ( GEOMETRIC_REPRESENTATION_CONTEXT(2) 
PARAMETRIC_REPRESENTATION_CONTEXT() REPRESENTATION_CONTEXT('2D SPACE',''
  ) );
#476 = ORIENTED_EDGE('',*,*,#477,.T.);
#477 = EDGE_CURVE('',#450,#478,#480,.T.);
#478 = VERTEX_POINT('',#479);
#479 = CARTESIAN_POINT('',(6.479028974922,1.893326052776,0.));
#480 = SURFACE_CURVE('',#481,(#486,#493),.PCURVE_S1.);
#481 = CIRCLE('',#482,6.75);
#482 = AXIS2_PLACEMENT_3D('',#483,#484,#485);
#483 = CARTESIAN_POINT('',(-4.143352327901E-13,-8.193445921734E-14,0.));
#484 = DIRECTION('',(0.,0.,1.));
#485 = DIRECTION('',(0.994131373769,0.108179534516,-0.));
#486 = PCURVE('',#140,#487);
#487 = DEFINITIONAL_REPRESENTATION('',(#488),#492);
#488 = CIRCLE('',#489,6.75);
#489 = AXIS2_PLACEMENT_2D('',#490,#491);
#490 = CARTESIAN_POINT('',(-4.151707603478E-13,-8.091120236665E-14));
#491 = DIRECTION('',(0.994131373769,0.108179534516));
#492 = ( GEOMETRIC_REPRESENTATION_CONTEXT(2) 
PARAMETRIC_REPRESENTATION_CONTEXT() REPRESENTATION_CONTEXT('2D SPACE',''
  ) );
#493 = PCURVE('',#494,#499);
#494 = CYLINDRICAL_SURFACE('',#495,6.75);
#495 = AXIS2_PLACEMENT_3D('',#496,#497,#498);
#496 = CARTESIAN_POINT('',(-4.143352327901E-13,-8.193445921734E-14,0.));
#497 = DIRECTION('',(-0.,-0.,-1.));
#498 = DIRECTION('',(0.994131373769,0.108179534516,-0.));
#499 = DEFINITIONAL_REPRESENTATION('',(#500),#504);
#500 = LINE('',#501,#502);
#501 = CARTESIAN_POINT('',(-0.,0.));
#502 = VECTOR('',#503,1.);
#503 = DIRECTION('',(-1.,0.));
#504 = ( GEOMETRIC_REPRESENTATION_CONTEXT(2) 
PARAMETRIC_REPRESENTATION_CONTEXT() REPRESENTATION_CONTEXT('2D SPACE',''
  ) );
#505 = ORIENTED_EDGE('',*,*,#506,.T.);
#506 = EDGE_CURVE('',#478,#507,#509,.T.);
#507 = VERTEX_POINT('',#508);
#508 = CARTESIAN_POINT('',(7.215757887517,2.108615728042,0.));
#509 = SURFACE_CURVE('',#510,(#514,#521),.PCURVE_S1.);
#510 = LINE('',#511,#512);
#511 = CARTESIAN_POINT('',(6.479028974922,1.893326052776,0.));
#512 = VECTOR('',#513,1.);
#513 = DIRECTION('',(0.959856144433,0.280492748559,0.));
#514 = PCURVE('',#140,#515);
#515 = DEFINITIONAL_REPRESENTATION('',(#516),#520);
#516 = LINE('',#517,#518);
#517 = CARTESIAN_POINT('',(6.479028974922,1.893326052776));
#518 = VECTOR('',#519,1.);
#519 = DIRECTION('',(0.959856144433,0.280492748559));
#520 = ( GEOMETRIC_REPRESENTATION_CONTEXT(2) 
PARAMETRIC_REPRESENTATION_CONTEXT() REPRESENTATION_CONTEXT('2D SPACE',''
  ) );
#521 = PCURVE('',#522,#527);
#522 = PLANE('',#523);
#523 = AXIS2_PLACEMENT_3D('',#524,#525,#526);
#524 = CARTESIAN_POINT('',(6.479028974922,1.893326052776,0.));
#525 = DIRECTION('',(-0.280492748559,0.959856144433,0.));
#526 = DIRECTION('',(0.959856144433,0.280492748559,0.));
#527 = DEFINITIONAL_REPRESENTATION('',(#528),#532);
#528 = LINE('',#529,#530);
#529 = CARTESIAN_POINT('',(0.,0.));
#530 = VECTOR('',#531,1.);
#531 = DIRECTION('',(1.,0.));
#532 = ( GEOMETRIC_REPRESENTATION_CONTEXT(2) 
PARAMETRIC_REPRESENTATION_CONTEXT() REPRESENTATION_CONTEXT('2D SPACE',''
  ) );
#533 = ORIENTED_EDGE('',*,*,#534,.T.);
#534 = EDGE_CURVE('',#507,#535,#537,.T.);
#535 = VERTEX_POINT('',#536);
#536 = CARTESIAN_POINT('',(8.421792391506,3.173864035268,0.));
#537 = SURFACE_CURVE('',#538,(#554,#573),.PCURVE_S1.);
#538 = B_SPLINE_CURVE_WITH_KNOTS('',3,(#539,#540,#541,#542,#543,#544,
    #545,#546,#547,#548,#549,#550,#551,#552,#553),.UNSPECIFIED.,.F.,.F.,
  (4,1,1,1,1,1,1,1,1,1,1,1,4),(0.,0.12443872072,0.250991678229,
    0.379586472863,0.510216300037,0.642878959891,0.777573462559,
    0.914299277526,1.053056087294,1.193843686737,1.33666193564,
    1.481510733913,1.628390007606),.UNSPECIFIED.);
#539 = CARTESIAN_POINT('',(7.215757887517,2.108615728042,0.));
#540 = CARTESIAN_POINT('',(7.254933125519,2.122650793914,0.));
#541 = CARTESIAN_POINT('',(7.33167169338,2.156099536815,0.));
#542 = CARTESIAN_POINT('',(7.442014824012,2.21841206188,0.));
#543 = CARTESIAN_POINT('',(7.549993692169,2.288322574268,0.));
#544 = CARTESIAN_POINT('',(7.655631671836,2.365273392859,0.));
#545 = CARTESIAN_POINT('',(7.759101835039,2.448364798389,0.));
#546 = CARTESIAN_POINT('',(7.860434565549,2.537160628724,0.));
#547 = CARTESIAN_POINT('',(7.959642584635,2.631292049399,0.));
#548 = CARTESIAN_POINT('',(8.05670909335,2.730488212551,0.));
#549 = CARTESIAN_POINT('',(8.151603054968,2.834526560922,0.));
#550 = CARTESIAN_POINT('',(8.24428168268,2.9432236857,0.));
#551 = CARTESIAN_POINT('',(8.334695356656,3.056418865334,0.));
#552 = CARTESIAN_POINT('',(8.393015612025,3.134254095756,-0.));
#553 = CARTESIAN_POINT('',(8.421792391506,3.173864035268,0.));
#554 = PCURVE('',#140,#555);
#555 = DEFINITIONAL_REPRESENTATION('',(#556),#572);
#556 = B_SPLINE_CURVE_WITH_KNOTS('',3,(#557,#558,#559,#560,#561,#562,
    #563,#564,#565,#566,#567,#568,#569,#570,#571),.UNSPECIFIED.,.F.,.F.,
  (4,1,1,1,1,1,1,1,1,1,1,1,4),(0.,0.12443872072,0.250991678229,
    0.379586472863,0.510216300037,0.642878959891,0.777573462559,
    0.914299277526,1.053056087294,1.193843686737,1.33666193564,
    1.481510733913,1.628390007606),.UNSPECIFIED.);
#557 = CARTESIAN_POINT('',(7.215757887517,2.108615728042));
#558 = CARTESIAN_POINT('',(7.254933125519,2.122650793914));
#559 = CARTESIAN_POINT('',(7.33167169338,2.156099536815));
#560 = CARTESIAN_POINT('',(7.442014824012,2.21841206188));
#561 = CARTESIAN_POINT('',(7.549993692169,2.288322574268));
#562 = CARTESIAN_POINT('',(7.655631671836,2.365273392859));
#563 = CARTESIAN_POINT('',(7.759101835039,2.448364798389));
#564 = CARTESIAN_POINT('',(7.860434565549,2.537160628724));
#565 = CARTESIAN_POINT('',(7.959642584635,2.631292049399));
#566 = CARTESIAN_POINT('',(8.05670909335,2.730488212551));
#567 = CARTESIAN_POINT('',(8.151603054968,2.834526560922));
#568 = CARTESIAN_POINT('',(8.24428168268,2.9432236857));
#569 = CARTESIAN_POINT('',(8.334695356656,3.056418865334));
#570 = CARTESIAN_POINT('',(8.393015612025,3.134254095756));
#571 = CARTESIAN_POINT('',(8.421792391506,3.173864035268));
#572 = ( GEOMETRIC_REPRESENTATION_CONTEXT(2) 
PARAMETRIC_REPRESENTATION_CONTEXT() REPRESENTATION_CONTEXT('2D SPACE',''
  ) );
#573 = PCURVE('',#574,#593);
#574 = SURFACE_OF_LINEAR_EXTRUSION('',#575,#591);
#575 = B_SPLINE_CURVE_WITH_KNOTS('',3,(#576,#577,#578,#579,#580,#581,
    #582,#583,#584,#585,#586,#587,#588,#589,#590),.UNSPECIFIED.,.F.,.F.,
  (4,1,1,1,1,1,1,1,1,1,1,1,4),(0.,0.12443872072,0.250991678229,
    0.379586472863,0.510216300037,0.642878959891,0.777573462559,
    0.914299277526,1.053056087294,1.193843686737,1.33666193564,
    1.481510733913,1.628390007606),.UNSPECIFIED.);
#576 = CARTESIAN_POINT('',(7.215757887517,2.108615728042,0.));
#577 = CARTESIAN_POINT('',(7.254933125519,2.122650793914,0.));
#578 = CARTESIAN_POINT('',(7.33167169338,2.156099536815,0.));
#579 = CARTESIAN_POINT('',(7.442014824012,2.21841206188,0.));
#580 = CARTESIAN_POINT('',(7.549993692169,2.288322574268,0.));
#581 = CARTESIAN_POINT('',(7.655631671836,2.365273392859,0.));
#582 = CARTESIAN_POINT('',(7.759101835039,2.448364798389,0.));
#583 = CARTESIAN_POINT('',(7.860434565549,2.537160628724,0.));
#584 = CARTESIAN_POINT('',(7.959642584635,2.631292049399,0.));
#585 = CARTESIAN_POINT('',(8.05670909335,2.730488212551,0.));
#586 = CARTESIAN_POINT('',(8.151603054968,2.834526560922,0.));
#587 = CARTESIAN_POINT('',(8.24428168268,2.9432236857,0.));
#588 = CARTESIAN_POINT('',(8.334695356656,3.056418865334,0.));
#589 = CARTESIAN_POINT('',(8.393015612025,3.134254095756,-0.));
#590 = CARTESIAN_POINT('',(8.421792391506,3.173864035268,0.));
#591 = VECTOR('',#592,1.);
#592 = DIRECTION('',(-0.,-0.,-1.));
#593 = DEFINITIONAL_REPRESENTATION('',(#594),#598);
#594 = LINE('',#595,#596);
#595 = CARTESIAN_POINT('',(0.,0.));
#596 = VECTOR('',#597,1.);
#597 = DIRECTION('',(1.,0.));
#598 = ( GEOMETRIC_REPRESENTATION_CONTEXT(2) 
PARAMETRIC_REPRESENTATION_CONTEXT() REPRESENTATION_CONTEXT('2D SPACE',''
  ) );
#599 = ORIENTED_EDGE('',*,*,#600,.T.);
#600 = EDGE_CURVE('',#535,#601,#603,.T.);
#601 = VERTEX_POINT('',#602);
#602 = CARTESIAN_POINT('',(8.199367291681,3.710845727878,0.));
#603 = SURFACE_CURVE('',#604,(#609,#616),.PCURVE_S1.);
#604 = CIRCLE('',#605,9.000000000004);
#605 = AXIS2_PLACEMENT_3D('',#606,#607,#608);
#606 = CARTESIAN_POINT('',(-3.598010778205E-12,-1.498579038639E-12,0.));
#607 = DIRECTION('',(0.,0.,1.));
#608 = DIRECTION('',(0.935754710167,0.352651559474,-0.));
#609 = PCURVE('',#140,#610);
#610 = DEFINITIONAL_REPRESENTATION('',(#611),#615);
#611 = CIRCLE('',#612,9.000000000004);
#612 = AXIS2_PLACEMENT_2D('',#613,#614);
#613 = CARTESIAN_POINT('',(-3.598846305763E-12,-1.497555781788E-12));
#614 = DIRECTION('',(0.935754710167,0.352651559474));
#615 = ( GEOMETRIC_REPRESENTATION_CONTEXT(2) 
PARAMETRIC_REPRESENTATION_CONTEXT() REPRESENTATION_CONTEXT('2D SPACE',''
  ) );
#616 = PCURVE('',#617,#622);
#617 = CYLINDRICAL_SURFACE('',#618,9.000000000004);
#618 = AXIS2_PLACEMENT_3D('',#619,#620,#621);
#619 = CARTESIAN_POINT('',(-3.598010778205E-12,-1.498579038639E-12,0.));
#620 = DIRECTION('',(-0.,-0.,-1.));
#621 = DIRECTION('',(0.935754710167,0.352651559474,-0.));
#622 = DEFINITIONAL_REPRESENTATION('',(#623),#627);
#623 = LINE('',#624,#625);
#624 = CARTESIAN_POINT('',(-0.,0.));
#625 = VECTOR('',#626,1.);
#626 = DIRECTION('',(-1.,0.));
#627 = ( GEOMETRIC_REPRESENTATION_CONTEXT(2) 
PARAMETRIC_REPRESENTATION_CONTEXT() REPRESENTATION_CONTEXT('2D SPACE',''
  ) );
#628 = ORIENTED_EDGE('',*,*,#629,.T.);
#629 = EDGE_CURVE('',#601,#630,#632,.T.);
#630 = VERTEX_POINT('',#631);
#631 = CARTESIAN_POINT('',(6.593327813879,3.611294853448,0.));
#632 = SURFACE_CURVE('',#633,(#649,#668),.PCURVE_S1.);
#633 = B_SPLINE_CURVE_WITH_KNOTS('',3,(#634,#635,#636,#637,#638,#639,
    #640,#641,#642,#643,#644,#645,#646,#647,#648),.UNSPECIFIED.,.F.,.F.,
  (4,1,1,1,1,1,1,1,1,1,1,1,4),(0.,0.146879273693,0.291728071966,
    0.434546320869,0.575333920312,0.71409073008,0.850816545047,
    0.985511047715,1.118173707569,1.248803534744,1.377398329377,
    1.503951286886,1.628390007606),.UNSPECIFIED.);
#634 = CARTESIAN_POINT('',(8.199367291681,3.710845727878,0.));
#635 = CARTESIAN_POINT('',(8.151010578938,3.718505928797,0.));
#636 = CARTESIAN_POINT('',(8.05473411164,3.732305099991,0.));
#637 = CARTESIAN_POINT('',(7.910760910542,3.748414057127,0.));
#638 = CARTESIAN_POINT('',(7.76836675039,3.759740845027,0.));
#639 = CARTESIAN_POINT('',(7.627700364999,3.76620690291,0.));
#640 = CARTESIAN_POINT('',(7.488921698829,3.767712796004,0.));
#641 = CARTESIAN_POINT('',(7.352210069903,3.764123098842,0.));
#642 = CARTESIAN_POINT('',(7.217768875232,3.755258171713,0.));
#643 = CARTESIAN_POINT('',(7.085849924872,3.740848213971,0.));
#644 = CARTESIAN_POINT('',(6.956740147456,3.720563327842,0.));
#645 = CARTESIAN_POINT('',(6.830953360171,3.693644935328,0.));
#646 = CARTESIAN_POINT('',(6.708867375217,3.659682168427,0.));
#647 = CARTESIAN_POINT('',(6.630953180577,3.629071639642,-0.));
#648 = CARTESIAN_POINT('',(6.593327813879,3.611294853448,0.));
#649 = PCURVE('',#140,#650);
#650 = DEFINITIONAL_REPRESENTATION('',(#651),#667);
#651 = B_SPLINE_CURVE_WITH_KNOTS('',3,(#652,#653,#654,#655,#656,#657,
    #658,#659,#660,#661,#662,#663,#664,#665,#666),.UNSPECIFIED.,.F.,.F.,
  (4,1,1,1,1,1,1,1,1,1,1,1,4),(0.,0.146879273693,0.291728071966,
    0.434546320869,0.575333920312,0.71409073008,0.850816545047,
    0.985511047715,1.118173707569,1.248803534744,1.377398329377,
    1.503951286886,1.628390007606),.UNSPECIFIED.);
#652 = CARTESIAN_POINT('',(8.199367291681,3.710845727878));
#653 = CARTESIAN_POINT('',(8.151010578938,3.718505928797));
#654 = CARTESIAN_POINT('',(8.05473411164,3.732305099991));
#655 = CARTESIAN_POINT('',(7.910760910542,3.748414057127));
#656 = CARTESIAN_POINT('',(7.76836675039,3.759740845027));
#657 = CARTESIAN_POINT('',(7.627700364999,3.76620690291));
#658 = CARTESIAN_POINT('',(7.488921698829,3.767712796004));
#659 = CARTESIAN_POINT('',(7.352210069903,3.764123098842));
#660 = CARTESIAN_POINT('',(7.217768875232,3.755258171713));
#661 = CARTESIAN_POINT('',(7.085849924872,3.740848213971));
#662 = CARTESIAN_POINT('',(6.956740147456,3.720563327842));
#663 = CARTESIAN_POINT('',(6.830953360171,3.693644935328));
#664 = CARTESIAN_POINT('',(6.708867375217,3.659682168427));
#665 = CARTESIAN_POINT('',(6.630953180577,3.629071639642));
#666 = CARTESIAN_POINT('',(6.593327813879,3.611294853448));
#667 = ( GEOMETRIC_REPRESENTATION_CONTEXT(2) 
PARAMETRIC_REPRESENTATION_CONTEXT() REPRESENTATION_CONTEXT('2D SPACE',''
  ) );
#668 = PCURVE('',#669,#688);
#669 = SURFACE_OF_LINEAR_EXTRUSION('',#670,#686);
#670 = B_SPLINE_CURVE_WITH_KNOTS('',3,(#671,#672,#673,#674,#675,#676,
    #677,#678,#679,#680,#681,#682,#683,#684,#685),.UNSPECIFIED.,.F.,.F.,
  (4,1,1,1,1,1,1,1,1,1,1,1,4),(0.,0.146879273693,0.291728071966,
    0.434546320869,0.575333920312,0.71409073008,0.850816545047,
    0.985511047715,1.118173707569,1.248803534744,1.377398329377,
    1.503951286886,1.628390007606),.UNSPECIFIED.);
#671 = CARTESIAN_POINT('',(8.199367291681,3.710845727878,0.));
#672 = CARTESIAN_POINT('',(8.151010578938,3.718505928797,0.));
#673 = CARTESIAN_POINT('',(8.05473411164,3.732305099991,0.));
#674 = CARTESIAN_POINT('',(7.910760910542,3.748414057127,0.));
#675 = CARTESIAN_POINT('',(7.76836675039,3.759740845027,0.));
#676 = CARTESIAN_POINT('',(7.627700364999,3.76620690291,0.));
#677 = CARTESIAN_POINT('',(7.488921698829,3.767712796004,0.));
#678 = CARTESIAN_POINT('',(7.352210069903,3.764123098842,0.));
#679 = CARTESIAN_POINT('',(7.217768875232,3.755258171713,0.));
#680 = CARTESIAN_POINT('',(7.085849924872,3.740848213971,0.));
#681 = CARTESIAN_POINT('',(6.956740147456,3.720563327842,0.));
#682 = CARTESIAN_POINT('',(6.830953360171,3.693644935328,0.));
#683 = CARTESIAN_POINT('',(6.708867375217,3.659682168427,0.));
#684 = CARTESIAN_POINT('',(6.630953180577,3.629071639642,-0.));
#685 = CARTESIAN_POINT('',(6.593327813879,3.611294853448,0.));
#686 = VECTOR('',#687,1.);
#687 = DIRECTION('',(-0.,-0.,-1.));
#688 = DEFINITIONAL_REPRESENTATION('',(#689),#693);
#689 = LINE('',#690,#691);
#690 = CARTESIAN_POINT('',(0.,0.));
#691 = VECTOR('',#692,1.);
#692 = DIRECTION('',(1.,0.));
#693 = ( GEOMETRIC_REPRESENTATION_CONTEXT(2) 
PARAMETRIC_REPRESENTATION_CONTEXT() REPRESENTATION_CONTEXT('2D SPACE',''
  ) );
#694 = ORIENTED_EDGE('',*,*,#695,.T.);
#695 = EDGE_CURVE('',#630,#696,#698,.T.);
#696 = VERTEX_POINT('',#697);
#697 = CARTESIAN_POINT('',(5.920149014587,3.242581632756,0.));
#698 = SURFACE_CURVE('',#699,(#703,#710),.PCURVE_S1.);
#699 = LINE('',#700,#701);
#700 = CARTESIAN_POINT('',(6.593327813879,3.611294853448,0.));
#701 = VECTOR('',#702,1.);
#702 = DIRECTION('',(-0.877059113272,-0.480382464112,0.));
#703 = PCURVE('',#140,#704);
#704 = DEFINITIONAL_REPRESENTATION('',(#705),#709);
#705 = LINE('',#706,#707);
#706 = CARTESIAN_POINT('',(6.593327813879,3.611294853448));
#707 = VECTOR('',#708,1.);
#708 = DIRECTION('',(-0.877059113272,-0.480382464112));
#709 = ( GEOMETRIC_REPRESENTATION_CONTEXT(2) 
PARAMETRIC_REPRESENTATION_CONTEXT() REPRESENTATION_CONTEXT('2D SPACE',''
  ) );
#710 = PCURVE('',#711,#716);
#711 = PLANE('',#712);
#712 = AXIS2_PLACEMENT_3D('',#713,#714,#715);
#713 = CARTESIAN_POINT('',(6.593327813879,3.611294853448,0.));
#714 = DIRECTION('',(0.480382464112,-0.877059113272,0.));
#715 = DIRECTION('',(-0.877059113272,-0.480382464112,0.));
#716 = DEFINITIONAL_REPRESENTATION('',(#717),#721);
#717 = LINE('',#718,#719);
#718 = CARTESIAN_POINT('',(0.,0.));
#719 = VECTOR('',#720,1.);
#720 = DIRECTION('',(1.,0.));
#721 = ( GEOMETRIC_REPRESENTATION_CONTEXT(2) 
PARAMETRIC_REPRESENTATION_CONTEXT() REPRESENTATION_CONTEXT('2D SPACE',''
  ) );
#722 = ORIENTED_EDGE('',*,*,#723,.T.);
#723 = EDGE_CURVE('',#696,#724,#726,.T.);
#724 = VERTEX_POINT('',#725);
#725 = CARTESIAN_POINT('',(5.261297748015,4.228622235046,0.));
#726 = SURFACE_CURVE('',#727,(#732,#739),.PCURVE_S1.);
#727 = CIRCLE('',#728,6.75);
#728 = AXIS2_PLACEMENT_3D('',#729,#730,#731);
#729 = CARTESIAN_POINT('',(-1.50990331349E-13,-1.059152765492E-13,0.));
#730 = DIRECTION('',(0.,0.,1.));
#731 = DIRECTION('',(0.877059113272,0.480382464112,-0.));
#732 = PCURVE('',#140,#733);
#733 = DEFINITIONAL_REPRESENTATION('',(#734),#738);
#734 = CIRCLE('',#735,6.75);
#735 = AXIS2_PLACEMENT_2D('',#736,#737);
#736 = CARTESIAN_POINT('',(-1.518258589067E-13,-1.048920196986E-13));
#737 = DIRECTION('',(0.877059113272,0.480382464112));
#738 = ( GEOMETRIC_REPRESENTATION_CONTEXT(2) 
PARAMETRIC_REPRESENTATION_CONTEXT() REPRESENTATION_CONTEXT('2D SPACE',''
  ) );
#739 = PCURVE('',#740,#745);
#740 = CYLINDRICAL_SURFACE('',#741,6.75);
#741 = AXIS2_PLACEMENT_3D('',#742,#743,#744);
#742 = CARTESIAN_POINT('',(-1.50990331349E-13,-1.059152765492E-13,0.));
#743 = DIRECTION('',(-0.,-0.,-1.));
#744 = DIRECTION('',(0.877059113272,0.480382464112,-0.));
#745 = DEFINITIONAL_REPRESENTATION('',(#746),#750);
#746 = LINE('',#747,#748);
#747 = CARTESIAN_POINT('',(-0.,0.));
#748 = VECTOR('',#749,1.);
#749 = DIRECTION('',(-1.,0.));
#750 = ( GEOMETRIC_REPRESENTATION_CONTEXT(2) 
PARAMETRIC_REPRESENTATION_CONTEXT() REPRESENTATION_CONTEXT('2D SPACE',''
  ) );
#751 = ORIENTED_EDGE('',*,*,#752,.T.);
#752 = EDGE_CURVE('',#724,#753,#755,.T.);
#753 = VERTEX_POINT('',#754);
#754 = CARTESIAN_POINT('',(5.859558719488,4.70945790858,0.));
#755 = SURFACE_CURVE('',#756,(#760,#767),.PCURVE_S1.);
#756 = LINE('',#757,#758);
#757 = CARTESIAN_POINT('',(5.261297748015,4.228622235046,0.));
#758 = VECTOR('',#759,1.);
#759 = DIRECTION('',(0.779451518225,0.62646255334,0.));
#760 = PCURVE('',#140,#761);
#761 = DEFINITIONAL_REPRESENTATION('',(#762),#766);
#762 = LINE('',#763,#764);
#763 = CARTESIAN_POINT('',(5.261297748015,4.228622235046));
#764 = VECTOR('',#765,1.);
#765 = DIRECTION('',(0.779451518225,0.62646255334));
#766 = ( GEOMETRIC_REPRESENTATION_CONTEXT(2) 
PARAMETRIC_REPRESENTATION_CONTEXT() REPRESENTATION_CONTEXT('2D SPACE',''
  ) );
#767 = PCURVE('',#768,#773);
#768 = PLANE('',#769);
#769 = AXIS2_PLACEMENT_3D('',#770,#771,#772);
#770 = CARTESIAN_POINT('',(5.261297748015,4.228622235046,0.));
#771 = DIRECTION('',(-0.62646255334,0.779451518225,0.));
#772 = DIRECTION('',(0.779451518225,0.62646255334,0.));
#773 = DEFINITIONAL_REPRESENTATION('',(#774),#778);
#774 = LINE('',#775,#776);
#775 = CARTESIAN_POINT('',(0.,0.));
#776 = VECTOR('',#777,1.);
#777 = DIRECTION('',(1.,0.));
#778 = ( GEOMETRIC_REPRESENTATION_CONTEXT(2) 
PARAMETRIC_REPRESENTATION_CONTEXT() REPRESENTATION_CONTEXT('2D SPACE',''
  ) );
#779 = ORIENTED_EDGE('',*,*,#780,.T.);
#780 = EDGE_CURVE('',#753,#781,#783,.T.);
#781 = VERTEX_POINT('',#782);
#782 = CARTESIAN_POINT('',(6.566136434696,6.155148440205,0.));
#783 = SURFACE_CURVE('',#784,(#800,#819),.PCURVE_S1.);
#784 = B_SPLINE_CURVE_WITH_KNOTS('',3,(#785,#786,#787,#788,#789,#790,
    #791,#792,#793,#794,#795,#796,#797,#798,#799),.UNSPECIFIED.,.F.,.F.,
  (4,1,1,1,1,1,1,1,1,1,1,1,4),(0.,0.12443872072,0.250991678229,
    0.379586472863,0.510216300037,0.642878959891,0.777573462559,
    0.914299277526,1.053056087294,1.193843686737,1.33666193564,
    1.481510733913,1.628390007606),.UNSPECIFIED.);
#785 = CARTESIAN_POINT('',(5.859558719488,4.70945790858,0.));
#786 = CARTESIAN_POINT('',(5.890380932878,4.737416333219,0.));
#787 = CARTESIAN_POINT('',(5.948477845337,4.797685520717,0.));
#788 = CARTESIAN_POINT('',(6.02657563431,4.897481275212,0.));
#789 = CARTESIAN_POINT('',(6.099581505705,5.003391890604,0.));
#790 = CARTESIAN_POINT('',(6.167730469593,5.114911081557,0.));
#791 = CARTESIAN_POINT('',(6.231526731334,5.231273847656,0.));
#792 = CARTESIAN_POINT('',(6.291165273893,5.352088854997,0.));
#793 = CARTESIAN_POINT('',(6.34679899703,5.477020213187,0.));
#794 = CARTESIAN_POINT('',(6.398516029532,5.605811262749,0.));
#795 = CARTESIAN_POINT('',(6.446372866177,5.738244510348,0.));
#796 = CARTESIAN_POINT('',(6.490400164624,5.874134134533,0.));
#797 = CARTESIAN_POINT('',(6.5306135876,6.013312659266,0.));
#798 = CARTESIAN_POINT('',(6.55470822473,6.107541231062,-0.));
#799 = CARTESIAN_POINT('',(6.566136434696,6.155148440205,0.));
#800 = PCURVE('',#140,#801);
#801 = DEFINITIONAL_REPRESENTATION('',(#802),#818);
#802 = B_SPLINE_CURVE_WITH_KNOTS('',3,(#803,#804,#805,#806,#807,#808,
    #809,#810,#811,#812,#813,#814,#815,#816,#817),.UNSPECIFIED.,.F.,.F.,
  (4,1,1,1,1,1,1,1,1,1,1,1,4),(0.,0.12443872072,0.250991678229,
    0.379586472863,0.510216300037,0.642878959891,0.777573462559,
    0.914299277526,1.053056087294,1.193843686737,1.33666193564,
    1.481510733913,1.628390007606),.UNSPECIFIED.);
#803 = CARTESIAN_POINT('',(5.859558719488,4.70945790858));
#804 = CARTESIAN_POINT('',(5.890380932878,4.737416333219));
#805 = CARTESIAN_POINT('',(5.948477845337,4.797685520717));
#806 = CARTESIAN_POINT('',(6.02657563431,4.897481275212));
#807 = CARTESIAN_POINT('',(6.099581505705,5.003391890604));
#808 = CARTESIAN_POINT('',(6.167730469593,5.114911081557));
#809 = CARTESIAN_POINT('',(6.231526731334,5.231273847656));
#810 = CARTESIAN_POINT('',(6.291165273893,5.352088854997));
#811 = CARTESIAN_POINT('',(6.34679899703,5.477020213187));
#812 = CARTESIAN_POINT('',(6.398516029532,5.605811262749));
#813 = CARTESIAN_POINT('',(6.446372866177,5.738244510348));
#814 = CARTESIAN_POINT('',(6.490400164624,5.874134134533));
#815 = CARTESIAN_POINT('',(6.5306135876,6.013312659266));
#816 = CARTESIAN_POINT('',(6.55470822473,6.107541231062));
#817 = CARTESIAN_POINT('',(6.566136434696,6.155148440205));
#818 = ( GEOMETRIC_REPRESENTATION_CONTEXT(2) 
PARAMETRIC_REPRESENTATION_CONTEXT() REPRESENTATION_CONTEXT('2D SPACE',''
  ) );
#819 = PCURVE('',#820,#839);
#820 = SURFACE_OF_LINEAR_EXTRUSION('',#821,#837);
#821 = B_SPLINE_CURVE_WITH_KNOTS('',3,(#822,#823,#824,#825,#826,#827,
    #828,#829,#830,#831,#832,#833,#834,#835,#836),.UNSPECIFIED.,.F.,.F.,
  (4,1,1,1,1,1,1,1,1,1,1,1,4),(0.,0.12443872072,0.250991678229,
    0.379586472863,0.510216300037,0.642878959891,0.777573462559,
    0.914299277526,1.053056087294,1.193843686737,1.33666193564,
    1.481510733913,1.628390007606),.UNSPECIFIED.);
#822 = CARTESIAN_POINT('',(5.859558719488,4.70945790858,0.));
#823 = CARTESIAN_POINT('',(5.890380932878,4.737416333219,0.));
#824 = CARTESIAN_POINT('',(5.948477845337,4.797685520717,0.));
#825 = CARTESIAN_POINT('',(6.02657563431,4.897481275212,0.));
#826 = CARTESIAN_POINT('',(6.099581505705,5.003391890604,0.));
#827 = CARTESIAN_POINT('',(6.167730469593,5.114911081557,0.));
#828 = CARTESIAN_POINT('',(6.231526731334,5.231273847656,0.));
#829 = CARTESIAN_POINT('',(6.291165273893,5.352088854997,0.));
#830 = CARTESIAN_POINT('',(6.34679899703,5.477020213187,0.));
#831 = CARTESIAN_POINT('',(6.398516029532,5.605811262749,0.));
#832 = CARTESIAN_POINT('',(6.446372866177,5.738244510348,0.));
#833 = CARTESIAN_POINT('',(6.490400164624,5.874134134533,0.));
#834 = CARTESIAN_POINT('',(6.5306135876,6.013312659266,0.));
#835 = CARTESIAN_POINT('',(6.55470822473,6.107541231062,-0.));
#836 = CARTESIAN_POINT('',(6.566136434696,6.155148440205,0.));
#837 = VECTOR('',#838,1.);
#838 = DIRECTION('',(-0.,-0.,-1.));
#839 = DEFINITIONAL_REPRESENTATION('',(#840),#844);
#840 = LINE('',#841,#842);
#841 = CARTESIAN_POINT('',(0.,0.));
#842 = VECTOR('',#843,1.);
#843 = DIRECTION('',(1.,0.));
#844 = ( GEOMETRIC_REPRESENTATION_CONTEXT(2) 
PARAMETRIC_REPRESENTATION_CONTEXT() REPRESENTATION_CONTEXT('2D SPACE',''
  ) );
#845 = ORIENTED_EDGE('',*,*,#846,.T.);
#846 = EDGE_CURVE('',#781,#847,#849,.T.);
#847 = VERTEX_POINT('',#848);
#848 = CARTESIAN_POINT('',(6.155148440205,6.566136434696,0.));
#849 = SURFACE_CURVE('',#850,(#855,#862),.PCURVE_S1.);
#850 = CIRCLE('',#851,8.999999999997);
#851 = AXIS2_PLACEMENT_3D('',#852,#853,#854);
#852 = CARTESIAN_POINT('',(2.123190512293E-12,2.136513188589E-12,0.));
#853 = DIRECTION('',(0.,0.,1.));
#854 = DIRECTION('',(0.729570714966,0.683905382245,-0.));
#855 = PCURVE('',#140,#856);
#856 = DEFINITIONAL_REPRESENTATION('',(#857),#861);
#857 = CIRCLE('',#858,8.999999999997);
#858 = AXIS2_PLACEMENT_2D('',#859,#860);
#859 = CARTESIAN_POINT('',(2.122354984735E-12,2.137536445439E-12));
#860 = DIRECTION('',(0.729570714966,0.683905382245));
#861 = ( GEOMETRIC_REPRESENTATION_CONTEXT(2) 
PARAMETRIC_REPRESENTATION_CONTEXT() REPRESENTATION_CONTEXT('2D SPACE',''
  ) );
#862 = PCURVE('',#863,#868);
#863 = CYLINDRICAL_SURFACE('',#864,8.999999999997);
#864 = AXIS2_PLACEMENT_3D('',#865,#866,#867);
#865 = CARTESIAN_POINT('',(2.123190512293E-12,2.136513188589E-12,0.));
#866 = DIRECTION('',(-0.,-0.,-1.));
#867 = DIRECTION('',(0.729570714966,0.683905382245,-0.));
#868 = DEFINITIONAL_REPRESENTATION('',(#869),#873);
#869 = LINE('',#870,#871);
#870 = CARTESIAN_POINT('',(-0.,0.));
#871 = VECTOR('',#872,1.);
#872 = DIRECTION('',(-1.,0.));
#873 = ( GEOMETRIC_REPRESENTATION_CONTEXT(2) 
PARAMETRIC_REPRESENTATION_CONTEXT() REPRESENTATION_CONTEXT('2D SPACE',''
  ) );
#874 = ORIENTED_EDGE('',*,*,#875,.T.);
#875 = EDGE_CURVE('',#847,#876,#878,.T.);
#876 = VERTEX_POINT('',#877);
#877 = CARTESIAN_POINT('',(4.70945790858,5.859558719488,0.));
#878 = SURFACE_CURVE('',#879,(#895,#914),.PCURVE_S1.);
#879 = B_SPLINE_CURVE_WITH_KNOTS('',3,(#880,#881,#882,#883,#884,#885,
    #886,#887,#888,#889,#890,#891,#892,#893,#894),.UNSPECIFIED.,.F.,.F.,
  (4,1,1,1,1,1,1,1,1,1,1,1,4),(0.,0.146879273693,0.291728071966,
    0.434546320869,0.575333920312,0.71409073008,0.850816545047,
    0.985511047715,1.118173707569,1.248803534744,1.377398329377,
    1.503951286886,1.628390007606),.UNSPECIFIED.);
#880 = CARTESIAN_POINT('',(6.155148440205,6.566136434696,0.));
#881 = CARTESIAN_POINT('',(6.107541231062,6.55470822473,0.));
#882 = CARTESIAN_POINT('',(6.013312659266,6.5306135876,0.));
#883 = CARTESIAN_POINT('',(5.874134134533,6.490400164624,0.));
#884 = CARTESIAN_POINT('',(5.738244510348,6.446372866177,0.));
#885 = CARTESIAN_POINT('',(5.605811262749,6.398516029532,0.));
#886 = CARTESIAN_POINT('',(5.477020213187,6.34679899703,0.));
#887 = CARTESIAN_POINT('',(5.352088854997,6.291165273893,0.));
#888 = CARTESIAN_POINT('',(5.231273847656,6.231526731334,0.));
#889 = CARTESIAN_POINT('',(5.114911081557,6.167730469593,0.));
#890 = CARTESIAN_POINT('',(5.003391890604,6.099581505705,0.));
#891 = CARTESIAN_POINT('',(4.897481275212,6.02657563431,0.));
#892 = CARTESIAN_POINT('',(4.797685520717,5.948477845337,0.));
#893 = CARTESIAN_POINT('',(4.737416333219,5.890380932878,-0.));
#894 = CARTESIAN_POINT('',(4.70945790858,5.859558719488,0.));
#895 = PCURVE('',#140,#896);
#896 = DEFINITIONAL_REPRESENTATION('',(#897),#913);
#897 = B_SPLINE_CURVE_WITH_KNOTS('',3,(#898,#899,#900,#901,#902,#903,
    #904,#905,#906,#907,#908,#909,#910,#911,#912),.UNSPECIFIED.,.F.,.F.,
  (4,1,1,1,1,1,1,1,1,1,1,1,4),(0.,0.146879273693,0.291728071966,
    0.434546320869,0.575333920312,0.71409073008,0.850816545047,
    0.985511047715,1.118173707569,1.248803534744,1.377398329377,
    1.503951286886,1.628390007606),.UNSPECIFIED.);
#898 = CARTESIAN_POINT('',(6.155148440205,6.566136434696));
#899 = CARTESIAN_POINT('',(6.107541231062,6.55470822473));
#900 = CARTESIAN_POINT('',(6.013312659266,6.5306135876));
#901 = CARTESIAN_POINT('',(5.874134134533,6.490400164624));
#902 = CARTESIAN_POINT('',(5.738244510348,6.446372866177));
#903 = CARTESIAN_POINT('',(5.605811262749,6.398516029532));
#904 = CARTESIAN_POINT('',(5.477020213187,6.34679899703));
#905 = CARTESIAN_POINT('',(5.352088854997,6.291165273893));
#906 = CARTESIAN_POINT('',(5.231273847656,6.231526731334));
#907 = CARTESIAN_POINT('',(5.114911081557,6.167730469593));
#908 = CARTESIAN_POINT('',(5.003391890604,6.099581505705));
#909 = CARTESIAN_POINT('',(4.897481275212,6.02657563431));
#910 = CARTESIAN_POINT('',(4.797685520717,5.948477845337));
#911 = CARTESIAN_POINT('',(4.737416333219,5.890380932878));
#912 = CARTESIAN_POINT('',(4.70945790858,5.859558719488));
#913 = ( GEOMETRIC_REPRESENTATION_CONTEXT(2) 
PARAMETRIC_REPRESENTATION_CONTEXT() REPRESENTATION_CONTEXT('2D SPACE',''
  ) );
#914 = PCURVE('',#915,#934);
#915 = SURFACE_OF_LINEAR_EXTRUSION('',#916,#932);
#916 = B_SPLINE_CURVE_WITH_KNOTS('',3,(#917,#918,#919,#920,#921,#922,
    #923,#924,#925,#926,#927,#928,#929,#930,#931),.UNSPECIFIED.,.F.,.F.,
  (4,1,1,1,1,1,1,1,1,1,1,1,4),(0.,0.146879273693,0.291728071966,
    0.434546320869,0.575333920312,0.71409073008,0.850816545047,
    0.985511047715,1.118173707569,1.248803534744,1.377398329377,
    1.503951286886,1.628390007606),.UNSPECIFIED.);
#917 = CARTESIAN_POINT('',(6.155148440205,6.566136434696,0.));
#918 = CARTESIAN_POINT('',(6.107541231062,6.55470822473,0.));
#919 = CARTESIAN_POINT('',(6.013312659266,6.5306135876,0.));
#920 = CARTESIAN_POINT('',(5.874134134533,6.490400164624,0.));
#921 = CARTESIAN_POINT('',(5.738244510348,6.446372866177,0.));
#922 = CARTESIAN_POINT('',(5.605811262749,6.398516029532,0.));
#923 = CARTESIAN_POINT('',(5.477020213187,6.34679899703,0.));
#924 = CARTESIAN_POINT('',(5.352088854997,6.291165273893,0.));
#925 = CARTESIAN_POINT('',(5.231273847656,6.231526731334,0.));
#926 = CARTESIAN_POINT('',(5.114911081557,6.167730469593,0.));
#927 = CARTESIAN_POINT('',(5.003391890604,6.099581505705,0.));
#928 = CARTESIAN_POINT('',(4.897481275212,6.02657563431,0.));
#929 = CARTESIAN_POINT('',(4.797685520717,5.948477845337,0.));
#930 = CARTESIAN_POINT('',(4.737416333219,5.890380932878,-0.));
#931 = CARTESIAN_POINT('',(4.70945790858,5.859558719488,0.));
#932 = VECTOR('',#933,1.);
#933 = DIRECTION('',(-0.,-0.,-1.));
#934 = DEFINITIONAL_REPRESENTATION('',(#935),#939);
#935 = LINE('',#936,#937);
#936 = CARTESIAN_POINT('',(0.,0.));
#937 = VECTOR('',#938,1.);
#938 = DIRECTION('',(1.,0.));
#939 = ( GEOMETRIC_REPRESENTATION_CONTEXT(2) 
PARAMETRIC_REPRESENTATION_CONTEXT() REPRESENTATION_CONTEXT('2D SPACE',''
  ) );
#940 = ORIENTED_EDGE('',*,*,#941,.T.);
#941 = EDGE_CURVE('',#876,#942,#944,.T.);
#942 = VERTEX_POINT('',#943);
#943 = CARTESIAN_POINT('',(4.228622235046,5.261297748015,0.));
#944 = SURFACE_CURVE('',#945,(#949,#956),.PCURVE_S1.);
#945 = LINE('',#946,#947);
#946 = CARTESIAN_POINT('',(4.70945790858,5.859558719488,0.));
#947 = VECTOR('',#948,1.);
#948 = DIRECTION('',(-0.62646255334,-0.779451518225,0.));
#949 = PCURVE('',#140,#950);
#950 = DEFINITIONAL_REPRESENTATION('',(#951),#955);
#951 = LINE('',#952,#953);
#952 = CARTESIAN_POINT('',(4.70945790858,5.859558719488));
#953 = VECTOR('',#954,1.);
#954 = DIRECTION('',(-0.62646255334,-0.779451518225));
#955 = ( GEOMETRIC_REPRESENTATION_CONTEXT(2) 
PARAMETRIC_REPRESENTATION_CONTEXT() REPRESENTATION_CONTEXT('2D SPACE',''
  ) );
#956 = PCURVE('',#957,#962);
#957 = PLANE('',#958);
#958 = AXIS2_PLACEMENT_3D('',#959,#960,#961);
#959 = CARTESIAN_POINT('',(4.70945790858,5.859558719488,0.));
#960 = DIRECTION('',(0.779451518225,-0.62646255334,0.));
#961 = DIRECTION('',(-0.62646255334,-0.779451518225,0.));
#962 = DEFINITIONAL_REPRESENTATION('',(#963),#967);
#963 = LINE('',#964,#965);
#964 = CARTESIAN_POINT('',(0.,0.));
#965 = VECTOR('',#966,1.);
#966 = DIRECTION('',(1.,0.));
#967 = ( GEOMETRIC_REPRESENTATION_CONTEXT(2) 
PARAMETRIC_REPRESENTATION_CONTEXT() REPRESENTATION_CONTEXT('2D SPACE',''
  ) );
#968 = ORIENTED_EDGE('',*,*,#969,.T.);
#969 = EDGE_CURVE('',#942,#970,#972,.T.);
#970 = VERTEX_POINT('',#971);
#971 = CARTESIAN_POINT('',(3.242581632756,5.920149014587,0.));
#972 = SURFACE_CURVE('',#973,(#978,#985),.PCURVE_S1.);
#973 = CIRCLE('',#974,6.75);
#974 = AXIS2_PLACEMENT_3D('',#975,#976,#977);
#975 = CARTESIAN_POINT('',(5.329070518201E-15,9.325873406851E-15,0.));
#976 = DIRECTION('',(0.,0.,1.));
#977 = DIRECTION('',(0.62646255334,0.779451518225,-0.));
#978 = PCURVE('',#140,#979);
#979 = DEFINITIONAL_REPRESENTATION('',(#980),#984);
#980 = CIRCLE('',#981,6.75);
#981 = AXIS2_PLACEMENT_2D('',#982,#983);
#982 = CARTESIAN_POINT('',(4.493542960536E-15,1.034913025754E-14));
#983 = DIRECTION('',(0.62646255334,0.779451518225));
#984 = ( GEOMETRIC_REPRESENTATION_CONTEXT(2) 
PARAMETRIC_REPRESENTATION_CONTEXT() REPRESENTATION_CONTEXT('2D SPACE',''
  ) );
#985 = PCURVE('',#986,#991);
#986 = CYLINDRICAL_SURFACE('',#987,6.75);
#987 = AXIS2_PLACEMENT_3D('',#988,#989,#990);
#988 = CARTESIAN_POINT('',(5.329070518201E-15,9.325873406851E-15,0.));
#989 = DIRECTION('',(-0.,-0.,-1.));
#990 = DIRECTION('',(0.62646255334,0.779451518225,-0.));
#991 = DEFINITIONAL_REPRESENTATION('',(#992),#996);
#992 = LINE('',#993,#994);
#993 = CARTESIAN_POINT('',(-0.,0.));
#994 = VECTOR('',#995,1.);
#995 = DIRECTION('',(-1.,0.));
#996 = ( GEOMETRIC_REPRESENTATION_CONTEXT(2) 
PARAMETRIC_REPRESENTATION_CONTEXT() REPRESENTATION_CONTEXT('2D SPACE',''
  ) );
#997 = ORIENTED_EDGE('',*,*,#998,.T.);
#998 = EDGE_CURVE('',#970,#999,#1001,.T.);
#999 = VERTEX_POINT('',#1000);
#1000 = CARTESIAN_POINT('',(3.611294853448,6.593327813879,0.));
#1001 = SURFACE_CURVE('',#1002,(#1006,#1013),.PCURVE_S1.);
#1002 = LINE('',#1003,#1004);
#1003 = CARTESIAN_POINT('',(3.242581632756,5.920149014587,0.));
#1004 = VECTOR('',#1005,1.);
#1005 = DIRECTION('',(0.480382464112,0.877059113272,0.));
#1006 = PCURVE('',#140,#1007);
#1007 = DEFINITIONAL_REPRESENTATION('',(#1008),#1012);
#1008 = LINE('',#1009,#1010);
#1009 = CARTESIAN_POINT('',(3.242581632756,5.920149014587));
#1010 = VECTOR('',#1011,1.);
#1011 = DIRECTION('',(0.480382464112,0.877059113272));
#1012 = ( GEOMETRIC_REPRESENTATION_CONTEXT(2) 
PARAMETRIC_REPRESENTATION_CONTEXT() REPRESENTATION_CONTEXT('2D SPACE',''
  ) );
#1013 = PCURVE('',#1014,#1019);
#1014 = PLANE('',#1015);
#1015 = AXIS2_PLACEMENT_3D('',#1016,#1017,#1018);
#1016 = CARTESIAN_POINT('',(3.242581632756,5.920149014587,0.));
#1017 = DIRECTION('',(-0.877059113272,0.480382464112,0.));
#1018 = DIRECTION('',(0.480382464112,0.877059113272,0.));
#1019 = DEFINITIONAL_REPRESENTATION('',(#1020),#1024);
#1020 = LINE('',#1021,#1022);
#1021 = CARTESIAN_POINT('',(0.,0.));
#1022 = VECTOR('',#1023,1.);
#1023 = DIRECTION('',(1.,0.));
#1024 = ( GEOMETRIC_REPRESENTATION_CONTEXT(2) 
PARAMETRIC_REPRESENTATION_CONTEXT() REPRESENTATION_CONTEXT('2D SPACE',''
  ) );
#1025 = ORIENTED_EDGE('',*,*,#1026,.T.);
#1026 = EDGE_CURVE('',#999,#1027,#1029,.T.);
#1027 = VERTEX_POINT('',#1028);
#1028 = CARTESIAN_POINT('',(3.710845727878,8.199367291681,0.));
#1029 = SURFACE_CURVE('',#1030,(#1046,#1065),.PCURVE_S1.);
#1030 = B_SPLINE_CURVE_WITH_KNOTS('',3,(#1031,#1032,#1033,#1034,#1035,
    #1036,#1037,#1038,#1039,#1040,#1041,#1042,#1043,#1044,#1045),
  .UNSPECIFIED.,.F.,.F.,(4,1,1,1,1,1,1,1,1,1,1,1,4),(0.,0.12443872072,
    0.250991678229,0.379586472863,0.510216300037,0.642878959891,
    0.777573462559,0.914299277526,1.053056087294,1.193843686737,
    1.33666193564,1.481510733913,1.628390007606),.UNSPECIFIED.);
#1031 = CARTESIAN_POINT('',(3.611294853448,6.593327813879,0.));
#1032 = CARTESIAN_POINT('',(3.629071639642,6.630953180577,0.));
#1033 = CARTESIAN_POINT('',(3.659682168427,6.708867375217,0.));
#1034 = CARTESIAN_POINT('',(3.693644935328,6.830953360171,0.));
#1035 = CARTESIAN_POINT('',(3.720563327842,6.956740147456,0.));
#1036 = CARTESIAN_POINT('',(3.740848213971,7.085849924872,0.));
#1037 = CARTESIAN_POINT('',(3.755258171713,7.217768875232,0.));
#1038 = CARTESIAN_POINT('',(3.764123098842,7.352210069903,0.));
#1039 = CARTESIAN_POINT('',(3.767712796004,7.488921698829,0.));
#1040 = CARTESIAN_POINT('',(3.76620690291,7.627700364999,0.));
#1041 = CARTESIAN_POINT('',(3.759740845027,7.76836675039,0.));
#1042 = CARTESIAN_POINT('',(3.748414057127,7.910760910542,0.));
#1043 = CARTESIAN_POINT('',(3.732305099991,8.05473411164,0.));
#1044 = CARTESIAN_POINT('',(3.718505928797,8.151010578938,-0.));
#1045 = CARTESIAN_POINT('',(3.710845727878,8.199367291681,0.));
#1046 = PCURVE('',#140,#1047);
#1047 = DEFINITIONAL_REPRESENTATION('',(#1048),#1064);
#1048 = B_SPLINE_CURVE_WITH_KNOTS('',3,(#1049,#1050,#1051,#1052,#1053,
    #1054,#1055,#1056,#1057,#1058,#1059,#1060,#1061,#1062,#1063),
  .UNSPECIFIED.,.F.,.F.,(4,1,1,1,1,1,1,1,1,1,1,1,4),(0.,0.12443872072,
    0.250991678229,0.379586472863,0.510216300037,0.642878959891,
    0.777573462559,0.914299277526,1.053056087294,1.193843686737,
    1.33666193564,1.481510733913,1.628390007606),.UNSPECIFIED.);
#1049 = CARTESIAN_POINT('',(3.611294853448,6.593327813879));
#1050 = CARTESIAN_POINT('',(3.629071639642,6.630953180577));
#1051 = CARTESIAN_POINT('',(3.659682168427,6.708867375217));
#1052 = CARTESIAN_POINT('',(3.693644935328,6.830953360171));
#1053 = CARTESIAN_POINT('',(3.720563327842,6.956740147456));
#1054 = CARTESIAN_POINT('',(3.740848213971,7.085849924872));
#1055 = CARTESIAN_POINT('',(3.755258171713,7.217768875232));
#1056 = CARTESIAN_POINT('',(3.764123098842,7.352210069903));
#1057 = CARTESIAN_POINT('',(3.767712796004,7.488921698829));
#1058 = CARTESIAN_POINT('',(3.76620690291,7.627700364999));
#1059 = CARTESIAN_POINT('',(3.759740845027,7.76836675039));
#1060 = CARTESIAN_POINT('',(3.748414057127,7.910760910542));
#1061 = CARTESIAN_POINT('',(3.732305099991,8.05473411164));
#1062 = CARTESIAN_POINT('',(3.718505928797,8.151010578938));
#1063 = CARTESIAN_POINT('',(3.710845727878,8.199367291681));
#1064 = ( GEOMETRIC_REPRESENTATION_CONTEXT(2) 
PARAMETRIC_REPRESENTATION_CONTEXT() REPRESENTATION_CONTEXT('2D SPACE',''
  ) );
#1065 = PCURVE('',#1066,#1085);
#1066 = SURFACE_OF_LINEAR_EXTRUSION('',#1067,#1083);
#1067 = B_SPLINE_CURVE_WITH_KNOTS('',3,(#1068,#1069,#1070,#1071,#1072,
    #1073,#1074,#1075,#1076,#1077,#1078,#1079,#1080,#1081,#1082),
  .UNSPECIFIED.,.F.,.F.,(4,1,1,1,1,1,1,1,1,1,1,1,4),(0.,0.12443872072,
    0.250991678229,0.379586472863,0.510216300037,0.642878959891,
    0.777573462559,0.914299277526,1.053056087294,1.193843686737,
    1.33666193564,1.481510733913,1.628390007606),.UNSPECIFIED.);
#1068 = CARTESIAN_POINT('',(3.611294853448,6.593327813879,0.));
#1069 = CARTESIAN_POINT('',(3.629071639642,6.630953180577,0.));
#1070 = CARTESIAN_POINT('',(3.659682168427,6.708867375217,0.));
#1071 = CARTESIAN_POINT('',(3.693644935328,6.830953360171,0.));
#1072 = CARTESIAN_POINT('',(3.720563327842,6.956740147456,0.));
#1073 = CARTESIAN_POINT('',(3.740848213971,7.085849924872,0.));
#1074 = CARTESIAN_POINT('',(3.755258171713,7.217768875232,0.));
#1075 = CARTESIAN_POINT('',(3.764123098842,7.352210069903,0.));
#1076 = CARTESIAN_POINT('',(3.767712796004,7.488921698829,0.));
#1077 = CARTESIAN_POINT('',(3.76620690291,7.627700364999,0.));
#1078 = CARTESIAN_POINT('',(3.759740845027,7.76836675039,0.));
#1079 = CARTESIAN_POINT('',(3.748414057127,7.910760910542,0.));
#1080 = CARTESIAN_POINT('',(3.732305099991,8.05473411164,0.));
#1081 = CARTESIAN_POINT('',(3.718505928797,8.151010578938,-0.));
#1082 = CARTESIAN_POINT('',(3.710845727878,8.199367291681,0.));
#1083 = VECTOR('',#1084,1.);
#1084 = DIRECTION('',(-0.,-0.,-1.));
#1085 = DEFINITIONAL_REPRESENTATION('',(#1086),#1090);
#1086 = LINE('',#1087,#1088);
#1087 = CARTESIAN_POINT('',(0.,0.));
#1088 = VECTOR('',#1089,1.);
#1089 = DIRECTION('',(1.,0.));
#1090 = ( GEOMETRIC_REPRESENTATION_CONTEXT(2) 
PARAMETRIC_REPRESENTATION_CONTEXT() REPRESENTATION_CONTEXT('2D SPACE',''
  ) );
#1091 = ORIENTED_EDGE('',*,*,#1092,.T.);
#1092 = EDGE_CURVE('',#1027,#1093,#1095,.T.);
#1093 = VERTEX_POINT('',#1094);
#1094 = CARTESIAN_POINT('',(3.173864035268,8.421792391506,0.));
#1095 = SURFACE_CURVE('',#1096,(#1101,#1108),.PCURVE_S1.);
#1096 = CIRCLE('',#1097,9.);
#1097 = AXIS2_PLACEMENT_3D('',#1098,#1099,#1100);
#1098 = CARTESIAN_POINT('',(1.403321903126E-13,2.886579864025E-13,0.));
#1099 = DIRECTION('',(0.,0.,1.));
#1100 = DIRECTION('',(0.412316191986,0.911040810187,-0.));
#1101 = PCURVE('',#140,#1102);
#1102 = DEFINITIONAL_REPRESENTATION('',(#1103),#1107);
#1103 = CIRCLE('',#1104,9.);
#1104 = AXIS2_PLACEMENT_2D('',#1105,#1106);
#1105 = CARTESIAN_POINT('',(1.39496662755E-13,2.896812432532E-13));
#1106 = DIRECTION('',(0.412316191986,0.911040810187));
#1107 = ( GEOMETRIC_REPRESENTATION_CONTEXT(2) 
PARAMETRIC_REPRESENTATION_CONTEXT() REPRESENTATION_CONTEXT('2D SPACE',''
  ) );
#1108 = PCURVE('',#1109,#1114);
#1109 = CYLINDRICAL_SURFACE('',#1110,9.);
#1110 = AXIS2_PLACEMENT_3D('',#1111,#1112,#1113);
#1111 = CARTESIAN_POINT('',(1.403321903126E-13,2.886579864025E-13,0.));
#1112 = DIRECTION('',(-0.,-0.,-1.));
#1113 = DIRECTION('',(0.412316191986,0.911040810187,-0.));
#1114 = DEFINITIONAL_REPRESENTATION('',(#1115),#1119);
#1115 = LINE('',#1116,#1117);
#1116 = CARTESIAN_POINT('',(-0.,0.));
#1117 = VECTOR('',#1118,1.);
#1118 = DIRECTION('',(-1.,0.));
#1119 = ( GEOMETRIC_REPRESENTATION_CONTEXT(2) 
PARAMETRIC_REPRESENTATION_CONTEXT() REPRESENTATION_CONTEXT('2D SPACE',''
  ) );
#1120 = ORIENTED_EDGE('',*,*,#1121,.T.);
#1121 = EDGE_CURVE('',#1093,#1122,#1124,.T.);
#1122 = VERTEX_POINT('',#1123);
#1123 = CARTESIAN_POINT('',(2.108615728042,7.215757887517,0.));
#1124 = SURFACE_CURVE('',#1125,(#1141,#1160),.PCURVE_S1.);
#1125 = B_SPLINE_CURVE_WITH_KNOTS('',3,(#1126,#1127,#1128,#1129,#1130,
    #1131,#1132,#1133,#1134,#1135,#1136,#1137,#1138,#1139,#1140),
  .UNSPECIFIED.,.F.,.F.,(4,1,1,1,1,1,1,1,1,1,1,1,4),(0.,0.146879273693,
    0.291728071966,0.434546320869,0.575333920312,0.71409073008,
    0.850816545047,0.985511047715,1.118173707569,1.248803534744,
    1.377398329377,1.503951286886,1.628390007606),.UNSPECIFIED.);
#1126 = CARTESIAN_POINT('',(3.173864035268,8.421792391506,0.));
#1127 = CARTESIAN_POINT('',(3.134254095756,8.393015612025,0.));
#1128 = CARTESIAN_POINT('',(3.056418865334,8.334695356656,0.));
#1129 = CARTESIAN_POINT('',(2.9432236857,8.24428168268,0.));
#1130 = CARTESIAN_POINT('',(2.834526560922,8.151603054968,0.));
#1131 = CARTESIAN_POINT('',(2.730488212551,8.05670909335,0.));
#1132 = CARTESIAN_POINT('',(2.631292049399,7.959642584635,0.));
#1133 = CARTESIAN_POINT('',(2.537160628724,7.860434565549,0.));
#1134 = CARTESIAN_POINT('',(2.448364798389,7.759101835039,0.));
#1135 = CARTESIAN_POINT('',(2.365273392859,7.655631671836,0.));
#1136 = CARTESIAN_POINT('',(2.288322574268,7.549993692169,0.));
#1137 = CARTESIAN_POINT('',(2.21841206188,7.442014824012,0.));
#1138 = CARTESIAN_POINT('',(2.156099536815,7.33167169338,0.));
#1139 = CARTESIAN_POINT('',(2.122650793914,7.254933125519,-0.));
#1140 = CARTESIAN_POINT('',(2.108615728042,7.215757887517,0.));
#1141 = PCURVE('',#140,#1142);
#1142 = DEFINITIONAL_REPRESENTATION('',(#1143),#1159);
#1143 = B_SPLINE_CURVE_WITH_KNOTS('',3,(#1144,#1145,#1146,#1147,#1148,
    #1149,#1150,#1151,#1152,#1153,#1154,#1155,#1156,#1157,#1158),
  .UNSPECIFIED.,.F.,.F.,(4,1,1,1,1,1,1,1,1,1,1,1,4),(0.,0.146879273693,
    0.291728071966,0.434546320869,0.575333920312,0.71409073008,
    0.850816545047,0.985511047715,1.118173707569,1.248803534744,
    1.377398329377,1.503951286886,1.628390007606),.UNSPECIFIED.);
#1144 = CARTESIAN_POINT('',(3.173864035268,8.421792391506));
#1145 = CARTESIAN_POINT('',(3.134254095756,8.393015612025));
#1146 = CARTESIAN_POINT('',(3.056418865334,8.334695356656));
#1147 = CARTESIAN_POINT('',(2.9432236857,8.24428168268));
#1148 = CARTESIAN_POINT('',(2.834526560922,8.151603054968));
#1149 = CARTESIAN_POINT('',(2.730488212551,8.05670909335));
#1150 = CARTESIAN_POINT('',(2.631292049399,7.959642584635));
#1151 = CARTESIAN_POINT('',(2.537160628724,7.860434565549));
#1152 = CARTESIAN_POINT('',(2.448364798389,7.759101835039));
#1153 = CARTESIAN_POINT('',(2.365273392859,7.655631671836));
#1154 = CARTESIAN_POINT('',(2.288322574268,7.549993692169));
#1155 = CARTESIAN_POINT('',(2.21841206188,7.442014824012));
#1156 = CARTESIAN_POINT('',(2.156099536815,7.33167169338));
#1157 = CARTESIAN_POINT('',(2.122650793914,7.254933125519));
#1158 = CARTESIAN_POINT('',(2.108615728042,7.215757887517));
#1159 = ( GEOMETRIC_REPRESENTATION_CONTEXT(2) 
PARAMETRIC_REPRESENTATION_CONTEXT() REPRESENTATION_CONTEXT('2D SPACE',''
  ) );
#1160 = PCURVE('',#1161,#1180);
#1161 = SURFACE_OF_LINEAR_EXTRUSION('',#1162,#1178);
#1162 = B_SPLINE_CURVE_WITH_KNOTS('',3,(#1163,#1164,#1165,#1166,#1167,
    #1168,#1169,#1170,#1171,#1172,#1173,#1174,#1175,#1176,#1177),
  .UNSPECIFIED.,.F.,.F.,(4,1,1,1,1,1,1,1,1,1,1,1,4),(0.,0.146879273693,
    0.291728071966,0.434546320869,0.575333920312,0.71409073008,
    0.850816545047,0.985511047715,1.118173707569,1.248803534744,
    1.377398329377,1.503951286886,1.628390007606),.UNSPECIFIED.);
#1163 = CARTESIAN_POINT('',(3.173864035268,8.421792391506,0.));
#1164 = CARTESIAN_POINT('',(3.134254095756,8.393015612025,0.));
#1165 = CARTESIAN_POINT('',(3.056418865334,8.334695356656,0.));
#1166 = CARTESIAN_POINT('',(2.9432236857,8.24428168268,0.));
#1167 = CARTESIAN_POINT('',(2.834526560922,8.151603054968,0.));
#1168 = CARTESIAN_POINT('',(2.730488212551,8.05670909335,0.));
#1169 = CARTESIAN_POINT('',(2.631292049399,7.959642584635,0.));
#1170 = CARTESIAN_POINT('',(2.537160628724,7.860434565549,0.));
#1171 = CARTESIAN_POINT('',(2.448364798389,7.759101835039,0.));
#1172 = CARTESIAN_POINT('',(2.365273392859,7.655631671836,0.));
#1173 = CARTESIAN_POINT('',(2.288322574268,7.549993692169,0.));
#1174 = CARTESIAN_POINT('',(2.21841206188,7.442014824012,0.));
#1175 = CARTESIAN_POINT('',(2.156099536815,7.33167169338,0.));
#1176 = CARTESIAN_POINT('',(2.122650793914,7.254933125519,-0.));
#1177 = CARTESIAN_POINT('',(2.108615728042,7.215757887517,0.));
#1178 = VECTOR('',#1179,1.);
#1179 = DIRECTION('',(-0.,-0.,-1.));
#1180 = DEFINITIONAL_REPRESENTATION('',(#1181),#1185);
#1181 = LINE('',#1182,#1183);
#1182 = CARTESIAN_POINT('',(0.,0.));
#1183 = VECTOR('',#1184,1.);
#1184 = DIRECTION('',(1.,0.));
#1185 = ( GEOMETRIC_REPRESENTATION_CONTEXT(2) 
PARAMETRIC_REPRESENTATION_CONTEXT() REPRESENTATION_CONTEXT('2D SPACE',''
  ) );
#1186 = ORIENTED_EDGE('',*,*,#1187,.T.);
#1187 = EDGE_CURVE('',#1122,#1188,#1190,.T.);
#1188 = VERTEX_POINT('',#1189);
#1189 = CARTESIAN_POINT('',(1.893326052776,6.479028974922,0.));
#1190 = SURFACE_CURVE('',#1191,(#1195,#1202),.PCURVE_S1.);
#1191 = LINE('',#1192,#1193);
#1192 = CARTESIAN_POINT('',(2.108615728042,7.215757887517,0.));
#1193 = VECTOR('',#1194,1.);
#1194 = DIRECTION('',(-0.280492748559,-0.959856144433,0.));
#1195 = PCURVE('',#140,#1196);
#1196 = DEFINITIONAL_REPRESENTATION('',(#1197),#1201);
#1197 = LINE('',#1198,#1199);
#1198 = CARTESIAN_POINT('',(2.108615728042,7.215757887517));
#1199 = VECTOR('',#1200,1.);
#1200 = DIRECTION('',(-0.280492748559,-0.959856144433));
#1201 = ( GEOMETRIC_REPRESENTATION_CONTEXT(2) 
PARAMETRIC_REPRESENTATION_CONTEXT() REPRESENTATION_CONTEXT('2D SPACE',''
  ) );
#1202 = PCURVE('',#1203,#1208);
#1203 = PLANE('',#1204);
#1204 = AXIS2_PLACEMENT_3D('',#1205,#1206,#1207);
#1205 = CARTESIAN_POINT('',(2.108615728042,7.215757887517,0.));
#1206 = DIRECTION('',(0.959856144433,-0.280492748559,0.));
#1207 = DIRECTION('',(-0.280492748559,-0.959856144433,0.));
#1208 = DEFINITIONAL_REPRESENTATION('',(#1209),#1213);
#1209 = LINE('',#1210,#1211);
#1210 = CARTESIAN_POINT('',(0.,0.));
#1211 = VECTOR('',#1212,1.);
#1212 = DIRECTION('',(1.,0.));
#1213 = ( GEOMETRIC_REPRESENTATION_CONTEXT(2) 
PARAMETRIC_REPRESENTATION_CONTEXT() REPRESENTATION_CONTEXT('2D SPACE',''
  ) );
#1214 = ORIENTED_EDGE('',*,*,#1215,.T.);
#1215 = EDGE_CURVE('',#1188,#1216,#1218,.T.);
#1216 = VERTEX_POINT('',#1217);
#1217 = CARTESIAN_POINT('',(0.730211857986,6.710386772941,0.));
#1218 = SURFACE_CURVE('',#1219,(#1224,#1231),.PCURVE_S1.);
#1219 = CIRCLE('',#1220,6.75);
#1220 = AXIS2_PLACEMENT_3D('',#1221,#1222,#1223);
#1221 = CARTESIAN_POINT('',(-8.393286066166E-14,-4.214406601477E-13,0.)
  );
#1222 = DIRECTION('',(0.,0.,1.));
#1223 = DIRECTION('',(0.280492748559,0.959856144433,-0.));
#1224 = PCURVE('',#140,#1225);
#1225 = DEFINITIONAL_REPRESENTATION('',(#1226),#1230);
#1226 = CIRCLE('',#1227,6.75);
#1227 = AXIS2_PLACEMENT_2D('',#1228,#1229);
#1228 = CARTESIAN_POINT('',(-8.476838821933E-14,-4.20417403297E-13));
#1229 = DIRECTION('',(0.280492748559,0.959856144433));
#1230 = ( GEOMETRIC_REPRESENTATION_CONTEXT(2) 
PARAMETRIC_REPRESENTATION_CONTEXT() REPRESENTATION_CONTEXT('2D SPACE',''
  ) );
#1231 = PCURVE('',#1232,#1237);
#1232 = CYLINDRICAL_SURFACE('',#1233,6.75);
#1233 = AXIS2_PLACEMENT_3D('',#1234,#1235,#1236);
#1234 = CARTESIAN_POINT('',(-8.393286066166E-14,-4.214406601477E-13,0.)
  );
#1235 = DIRECTION('',(-0.,-0.,-1.));
#1236 = DIRECTION('',(0.280492748559,0.959856144433,-0.));
#1237 = DEFINITIONAL_REPRESENTATION('',(#1238),#1242);
#1238 = LINE('',#1239,#1240);
#1239 = CARTESIAN_POINT('',(-0.,0.));
#1240 = VECTOR('',#1241,1.);
#1241 = DIRECTION('',(-1.,0.));
#1242 = ( GEOMETRIC_REPRESENTATION_CONTEXT(2) 
PARAMETRIC_REPRESENTATION_CONTEXT() REPRESENTATION_CONTEXT('2D SPACE',''
  ) );
#1243 = ORIENTED_EDGE('',*,*,#1244,.T.);
#1244 = EDGE_CURVE('',#1216,#1245,#1247,.T.);
#1245 = VERTEX_POINT('',#1246);
#1246 = CARTESIAN_POINT('',(0.813244082441,7.47342332818,0.));
#1247 = SURFACE_CURVE('',#1248,(#1252,#1259),.PCURVE_S1.);
#1248 = LINE('',#1249,#1250);
#1249 = CARTESIAN_POINT('',(0.730211857986,6.710386772941,0.));
#1250 = VECTOR('',#1251,1.);
#1251 = DIRECTION('',(0.108179534516,0.994131373769,0.));
#1252 = PCURVE('',#140,#1253);
#1253 = DEFINITIONAL_REPRESENTATION('',(#1254),#1258);
#1254 = LINE('',#1255,#1256);
#1255 = CARTESIAN_POINT('',(0.730211857986,6.710386772941));
#1256 = VECTOR('',#1257,1.);
#1257 = DIRECTION('',(0.108179534516,0.994131373769));
#1258 = ( GEOMETRIC_REPRESENTATION_CONTEXT(2) 
PARAMETRIC_REPRESENTATION_CONTEXT() REPRESENTATION_CONTEXT('2D SPACE',''
  ) );
#1259 = PCURVE('',#1260,#1265);
#1260 = PLANE('',#1261);
#1261 = AXIS2_PLACEMENT_3D('',#1262,#1263,#1264);
#1262 = CARTESIAN_POINT('',(0.730211857986,6.710386772941,0.));
#1263 = DIRECTION('',(-0.994131373769,0.108179534516,0.));
#1264 = DIRECTION('',(0.108179534516,0.994131373769,0.));
#1265 = DEFINITIONAL_REPRESENTATION('',(#1266),#1270);
#1266 = LINE('',#1267,#1268);
#1267 = CARTESIAN_POINT('',(0.,0.));
#1268 = VECTOR('',#1269,1.);
#1269 = DIRECTION('',(1.,0.));
#1270 = ( GEOMETRIC_REPRESENTATION_CONTEXT(2) 
PARAMETRIC_REPRESENTATION_CONTEXT() REPRESENTATION_CONTEXT('2D SPACE',''
  ) );
#1271 = ORIENTED_EDGE('',*,*,#1272,.T.);
#1272 = EDGE_CURVE('',#1245,#1273,#1275,.T.);
#1273 = VERTEX_POINT('',#1274);
#1274 = CARTESIAN_POINT('',(0.29061239789,8.995306800448,0.));
#1275 = SURFACE_CURVE('',#1276,(#1292,#1311),.PCURVE_S1.);
#1276 = B_SPLINE_CURVE_WITH_KNOTS('',3,(#1277,#1278,#1279,#1280,#1281,
    #1282,#1283,#1284,#1285,#1286,#1287,#1288,#1289,#1290,#1291),
  .UNSPECIFIED.,.F.,.F.,(4,1,1,1,1,1,1,1,1,1,1,1,4),(0.,0.12443872072,
    0.250991678229,0.379586472863,0.510216300037,0.642878959891,
    0.777573462559,0.914299277526,1.053056087294,1.193843686737,
    1.33666193564,1.481510733913,1.628390007606),.UNSPECIFIED.);
#1277 = CARTESIAN_POINT('',(0.813244082441,7.47342332818,0.));
#1278 = CARTESIAN_POINT('',(0.815269086887,7.514987515933,0.));
#1279 = CARTESIAN_POINT('',(0.813733056476,7.598684987875,0.));
#1280 = CARTESIAN_POINT('',(0.798390277918,7.72447471879,0.));
#1281 = CARTESIAN_POINT('',(0.775123110305,7.850987779864,0.));
#1282 = CARTESIAN_POINT('',(0.744455728645,7.978032350515,0.));
#1283 = CARTESIAN_POINT('',(0.70728559695,8.105424020793,0.));
#1284 = CARTESIAN_POINT('',(0.664027303853,8.233023949617,0.));
#1285 = CARTESIAN_POINT('',(0.615026476188,8.360702743068,0.));
#1286 = CARTESIAN_POINT('',(0.560526916071,8.488341231955,0.));
#1287 = CARTESIAN_POINT('',(0.500722362357,8.615825573105,0.));
#1288 = CARTESIAN_POINT('',(0.435765888892,8.743046049147,0.));
#1289 = CARTESIAN_POINT('',(0.365786994339,8.869895311863,0.));
#1290 = CARTESIAN_POINT('',(0.316194813545,8.953562455266,-0.));
#1291 = CARTESIAN_POINT('',(0.29061239789,8.995306800448,0.));
#1292 = PCURVE('',#140,#1293);
#1293 = DEFINITIONAL_REPRESENTATION('',(#1294),#1310);
#1294 = B_SPLINE_CURVE_WITH_KNOTS('',3,(#1295,#1296,#1297,#1298,#1299,
    #1300,#1301,#1302,#1303,#1304,#1305,#1306,#1307,#1308,#1309),
  .UNSPECIFIED.,.F.,.F.,(4,1,1,1,1,1,1,1,1,1,1,1,4),(0.,0.12443872072,
    0.250991678229,0.379586472863,0.510216300037,0.642878959891,
    0.777573462559,0.914299277526,1.053056087294,1.193843686737,
    1.33666193564,1.481510733913,1.628390007606),.UNSPECIFIED.);
#1295 = CARTESIAN_POINT('',(0.813244082441,7.47342332818));
#1296 = CARTESIAN_POINT('',(0.815269086887,7.514987515933));
#1297 = CARTESIAN_POINT('',(0.813733056476,7.598684987875));
#1298 = CARTESIAN_POINT('',(0.798390277918,7.72447471879));
#1299 = CARTESIAN_POINT('',(0.775123110305,7.850987779864));
#1300 = CARTESIAN_POINT('',(0.744455728645,7.978032350515));
#1301 = CARTESIAN_POINT('',(0.70728559695,8.105424020793));
#1302 = CARTESIAN_POINT('',(0.664027303853,8.233023949617));
#1303 = CARTESIAN_POINT('',(0.615026476188,8.360702743068));
#1304 = CARTESIAN_POINT('',(0.560526916071,8.488341231955));
#1305 = CARTESIAN_POINT('',(0.500722362357,8.615825573105));
#1306 = CARTESIAN_POINT('',(0.435765888892,8.743046049147));
#1307 = CARTESIAN_POINT('',(0.365786994339,8.869895311863));
#1308 = CARTESIAN_POINT('',(0.316194813545,8.953562455266));
#1309 = CARTESIAN_POINT('',(0.29061239789,8.995306800448));
#1310 = ( GEOMETRIC_REPRESENTATION_CONTEXT(2) 
PARAMETRIC_REPRESENTATION_CONTEXT() REPRESENTATION_CONTEXT('2D SPACE',''
  ) );
#1311 = PCURVE('',#1312,#1331);
#1312 = SURFACE_OF_LINEAR_EXTRUSION('',#1313,#1329);
#1313 = B_SPLINE_CURVE_WITH_KNOTS('',3,(#1314,#1315,#1316,#1317,#1318,
    #1319,#1320,#1321,#1322,#1323,#1324,#1325,#1326,#1327,#1328),
  .UNSPECIFIED.,.F.,.F.,(4,1,1,1,1,1,1,1,1,1,1,1,4),(0.,0.12443872072,
    0.250991678229,0.379586472863,0.510216300037,0.642878959891,
    0.777573462559,0.914299277526,1.053056087294,1.193843686737,
    1.33666193564,1.481510733913,1.628390007606),.UNSPECIFIED.);
#1314 = CARTESIAN_POINT('',(0.813244082441,7.47342332818,0.));
#1315 = CARTESIAN_POINT('',(0.815269086887,7.514987515933,0.));
#1316 = CARTESIAN_POINT('',(0.813733056476,7.598684987875,0.));
#1317 = CARTESIAN_POINT('',(0.798390277918,7.72447471879,0.));
#1318 = CARTESIAN_POINT('',(0.775123110305,7.850987779864,0.));
#1319 = CARTESIAN_POINT('',(0.744455728645,7.978032350515,0.));
#1320 = CARTESIAN_POINT('',(0.70728559695,8.105424020793,0.));
#1321 = CARTESIAN_POINT('',(0.664027303853,8.233023949617,0.));
#1322 = CARTESIAN_POINT('',(0.615026476188,8.360702743068,0.));
#1323 = CARTESIAN_POINT('',(0.560526916071,8.488341231955,0.));
#1324 = CARTESIAN_POINT('',(0.500722362357,8.615825573105,0.));
#1325 = CARTESIAN_POINT('',(0.435765888892,8.743046049147,0.));
#1326 = CARTESIAN_POINT('',(0.365786994339,8.869895311863,0.));
#1327 = CARTESIAN_POINT('',(0.316194813545,8.953562455266,-0.));
#1328 = CARTESIAN_POINT('',(0.29061239789,8.995306800448,0.));
#1329 = VECTOR('',#1330,1.);
#1330 = DIRECTION('',(-0.,-0.,-1.));
#1331 = DEFINITIONAL_REPRESENTATION('',(#1332),#1336);
#1332 = LINE('',#1333,#1334);
#1333 = CARTESIAN_POINT('',(0.,0.));
#1334 = VECTOR('',#1335,1.);
#1335 = DIRECTION('',(1.,0.));
#1336 = ( GEOMETRIC_REPRESENTATION_CONTEXT(2) 
PARAMETRIC_REPRESENTATION_CONTEXT() REPRESENTATION_CONTEXT('2D SPACE',''
  ) );
#1337 = ORIENTED_EDGE('',*,*,#1338,.T.);
#1338 = EDGE_CURVE('',#1273,#1339,#1341,.T.);
#1339 = VERTEX_POINT('',#1340);
#1340 = CARTESIAN_POINT('',(-0.29061239789,8.995306800448,0.));
#1341 = SURFACE_CURVE('',#1342,(#1347,#1354),.PCURVE_S1.);
#1342 = CIRCLE('',#1343,8.999999999997);
#1343 = AXIS2_PLACEMENT_3D('',#1344,#1345,#1346);
#1344 = CARTESIAN_POINT('',(5.412337245048E-16,3.011813021203E-12,0.));
#1345 = DIRECTION('',(0.,0.,1.));
#1346 = DIRECTION('',(3.229026643227E-02,0.999478533383,-0.));
#1347 = PCURVE('',#140,#1348);
#1348 = DEFINITIONAL_REPRESENTATION('',(#1349),#1353);
#1349 = CIRCLE('',#1350,8.999999999997);
#1350 = AXIS2_PLACEMENT_2D('',#1351,#1352);
#1351 = CARTESIAN_POINT('',(-2.942938331603E-16,3.012836278054E-12));
#1352 = DIRECTION('',(3.229026643227E-02,0.999478533383));
#1353 = ( GEOMETRIC_REPRESENTATION_CONTEXT(2) 
PARAMETRIC_REPRESENTATION_CONTEXT() REPRESENTATION_CONTEXT('2D SPACE',''
  ) );
#1354 = PCURVE('',#1355,#1360);
#1355 = CYLINDRICAL_SURFACE('',#1356,8.999999999997);
#1356 = AXIS2_PLACEMENT_3D('',#1357,#1358,#1359);
#1357 = CARTESIAN_POINT('',(5.412337245048E-16,3.011813021203E-12,0.));
#1358 = DIRECTION('',(-0.,-0.,-1.));
#1359 = DIRECTION('',(3.229026643227E-02,0.999478533383,-0.));
#1360 = DEFINITIONAL_REPRESENTATION('',(#1361),#1365);
#1361 = LINE('',#1362,#1363);
#1362 = CARTESIAN_POINT('',(-0.,0.));
#1363 = VECTOR('',#1364,1.);
#1364 = DIRECTION('',(-1.,0.));
#1365 = ( GEOMETRIC_REPRESENTATION_CONTEXT(2) 
PARAMETRIC_REPRESENTATION_CONTEXT() REPRESENTATION_CONTEXT('2D SPACE',''
  ) );
#1366 = ORIENTED_EDGE('',*,*,#1367,.T.);
#1367 = EDGE_CURVE('',#1339,#1368,#1370,.T.);
#1368 = VERTEX_POINT('',#1369);
#1369 = CARTESIAN_POINT('',(-0.813244082441,7.47342332818,0.));
#1370 = SURFACE_CURVE('',#1371,(#1387,#1406),.PCURVE_S1.);
#1371 = B_SPLINE_CURVE_WITH_KNOTS('',3,(#1372,#1373,#1374,#1375,#1376,
    #1377,#1378,#1379,#1380,#1381,#1382,#1383,#1384,#1385,#1386),
  .UNSPECIFIED.,.F.,.F.,(4,1,1,1,1,1,1,1,1,1,1,1,4),(0.,0.146879273693,
    0.291728071966,0.434546320869,0.575333920312,0.71409073008,
    0.850816545047,0.985511047715,1.118173707569,1.248803534744,
    1.377398329377,1.503951286886,1.628390007606),.UNSPECIFIED.);
#1372 = CARTESIAN_POINT('',(-0.29061239789,8.995306800448,0.));
#1373 = CARTESIAN_POINT('',(-0.316194813545,8.953562455266,0.));
#1374 = CARTESIAN_POINT('',(-0.365786994339,8.869895311863,0.));
#1375 = CARTESIAN_POINT('',(-0.435765888892,8.743046049147,0.));
#1376 = CARTESIAN_POINT('',(-0.500722362357,8.615825573105,0.));
#1377 = CARTESIAN_POINT('',(-0.560526916071,8.488341231955,0.));
#1378 = CARTESIAN_POINT('',(-0.615026476188,8.360702743068,0.));
#1379 = CARTESIAN_POINT('',(-0.664027303853,8.233023949617,0.));
#1380 = CARTESIAN_POINT('',(-0.70728559695,8.105424020793,0.));
#1381 = CARTESIAN_POINT('',(-0.744455728645,7.978032350515,0.));
#1382 = CARTESIAN_POINT('',(-0.775123110305,7.850987779864,0.));
#1383 = CARTESIAN_POINT('',(-0.798390277918,7.72447471879,0.));
#1384 = CARTESIAN_POINT('',(-0.813733056476,7.598684987875,0.));
#1385 = CARTESIAN_POINT('',(-0.815269086887,7.514987515933,-0.));
#1386 = CARTESIAN_POINT('',(-0.813244082441,7.47342332818,0.));
#1387 = PCURVE('',#140,#1388);
#1388 = DEFINITIONAL_REPRESENTATION('',(#1389),#1405);
#1389 = B_SPLINE_CURVE_WITH_KNOTS('',3,(#1390,#1391,#1392,#1393,#1394,
    #1395,#1396,#1397,#1398,#1399,#1400,#1401,#1402,#1403,#1404),
  .UNSPECIFIED.,.F.,.F.,(4,1,1,1,1,1,1,1,1,1,1,1,4),(0.,0.146879273693,
    0.291728071966,0.434546320869,0.575333920312,0.71409073008,
    0.850816545047,0.985511047715,1.118173707569,1.248803534744,
    1.377398329377,1.503951286886,1.628390007606),.UNSPECIFIED.);
#1390 = CARTESIAN_POINT('',(-0.29061239789,8.995306800448));
#1391 = CARTESIAN_POINT('',(-0.316194813545,8.953562455266));
#1392 = CARTESIAN_POINT('',(-0.365786994339,8.869895311863));
#1393 = CARTESIAN_POINT('',(-0.435765888892,8.743046049147));
#1394 = CARTESIAN_POINT('',(-0.500722362357,8.615825573105));
#1395 = CARTESIAN_POINT('',(-0.560526916071,8.488341231955));
#1396 = CARTESIAN_POINT('',(-0.615026476188,8.360702743068));
#1397 = CARTESIAN_POINT('',(-0.664027303853,8.233023949617));
#1398 = CARTESIAN_POINT('',(-0.70728559695,8.105424020793));
#1399 = CARTESIAN_POINT('',(-0.744455728645,7.978032350515));
#1400 = CARTESIAN_POINT('',(-0.775123110305,7.850987779864));
#1401 = CARTESIAN_POINT('',(-0.798390277918,7.72447471879));
#1402 = CARTESIAN_POINT('',(-0.813733056476,7.598684987875));
#1403 = CARTESIAN_POINT('',(-0.815269086887,7.514987515933));
#1404 = CARTESIAN_POINT('',(-0.813244082441,7.47342332818));
#1405 = ( GEOMETRIC_REPRESENTATION_CONTEXT(2) 
PARAMETRIC_REPRESENTATION_CONTEXT() REPRESENTATION_CONTEXT('2D SPACE',''
  ) );
#1406 = PCURVE('',#1407,#1426);
#1407 = SURFACE_OF_LINEAR_EXTRUSION('',#1408,#1424);
#1408 = B_SPLINE_CURVE_WITH_KNOTS('',3,(#1409,#1410,#1411,#1412,#1413,
    #1414,#1415,#1416,#1417,#1418,#1419,#1420,#1421,#1422,#1423),
  .UNSPECIFIED.,.F.,.F.,(4,1,1,1,1,1,1,1,1,1,1,1,4),(0.,0.146879273693,
    0.291728071966,0.434546320869,0.575333920312,0.71409073008,
    0.850816545047,0.985511047715,1.118173707569,1.248803534744,
    1.377398329377,1.503951286886,1.628390007606),.UNSPECIFIED.);
#1409 = CARTESIAN_POINT('',(-0.29061239789,8.995306800448,0.));
#1410 = CARTESIAN_POINT('',(-0.316194813545,8.953562455266,0.));
#1411 = CARTESIAN_POINT('',(-0.365786994339,8.869895311863,0.));
#1412 = CARTESIAN_POINT('',(-0.435765888892,8.743046049147,0.));
#1413 = CARTESIAN_POINT('',(-0.500722362357,8.615825573105,0.));
#1414 = CARTESIAN_POINT('',(-0.560526916071,8.488341231955,0.));
#1415 = CARTESIAN_POINT('',(-0.615026476188,8.360702743068,0.));
#1416 = CARTESIAN_POINT('',(-0.664027303853,8.233023949617,0.));
#1417 = CARTESIAN_POINT('',(-0.70728559695,8.105424020793,0.));
#1418 = CARTESIAN_POINT('',(-0.744455728645,7.978032350515,0.));
#1419 = CARTESIAN_POINT('',(-0.775123110305,7.850987779864,0.));
#1420 = CARTESIAN_POINT('',(-0.798390277918,7.72447471879,0.));
#1421 = CARTESIAN_POINT('',(-0.813733056476,7.598684987875,0.));
#1422 = CARTESIAN_POINT('',(-0.815269086887,7.514987515933,-0.));
#1423 = CARTESIAN_POINT('',(-0.813244082441,7.47342332818,0.));
#1424 = VECTOR('',#1425,1.);
#1425 = DIRECTION('',(-0.,-0.,-1.));
#1426 = DEFINITIONAL_REPRESENTATION('',(#1427),#1431);
#1427 = LINE('',#1428,#1429);
#1428 = CARTESIAN_POINT('',(0.,0.));
#1429 = VECTOR('',#1430,1.);
#1430 = DIRECTION('',(1.,0.));
#1431 = ( GEOMETRIC_REPRESENTATION_CONTEXT(2) 
PARAMETRIC_REPRESENTATION_CONTEXT() REPRESENTATION_CONTEXT('2D SPACE',''
  ) );
#1432 = ORIENTED_EDGE('',*,*,#1433,.T.);
#1433 = EDGE_CURVE('',#1368,#1434,#1436,.T.);
#1434 = VERTEX_POINT('',#1435);
#1435 = CARTESIAN_POINT('',(-0.730211857986,6.710386772941,0.));
#1436 = SURFACE_CURVE('',#1437,(#1441,#1448),.PCURVE_S1.);
#1437 = LINE('',#1438,#1439);
#1438 = CARTESIAN_POINT('',(-0.813244082441,7.47342332818,0.));
#1439 = VECTOR('',#1440,1.);
#1440 = DIRECTION('',(0.108179534516,-0.994131373769,0.));
#1441 = PCURVE('',#140,#1442);
#1442 = DEFINITIONAL_REPRESENTATION('',(#1443),#1447);
#1443 = LINE('',#1444,#1445);
#1444 = CARTESIAN_POINT('',(-0.813244082441,7.47342332818));
#1445 = VECTOR('',#1446,1.);
#1446 = DIRECTION('',(0.108179534516,-0.994131373769));
#1447 = ( GEOMETRIC_REPRESENTATION_CONTEXT(2) 
PARAMETRIC_REPRESENTATION_CONTEXT() REPRESENTATION_CONTEXT('2D SPACE',''
  ) );
#1448 = PCURVE('',#1449,#1454);
#1449 = PLANE('',#1450);
#1450 = AXIS2_PLACEMENT_3D('',#1451,#1452,#1453);
#1451 = CARTESIAN_POINT('',(-0.813244082441,7.47342332818,0.));
#1452 = DIRECTION('',(0.994131373769,0.108179534516,-0.));
#1453 = DIRECTION('',(0.108179534516,-0.994131373769,0.));
#1454 = DEFINITIONAL_REPRESENTATION('',(#1455),#1459);
#1455 = LINE('',#1456,#1457);
#1456 = CARTESIAN_POINT('',(0.,0.));
#1457 = VECTOR('',#1458,1.);
#1458 = DIRECTION('',(1.,0.));
#1459 = ( GEOMETRIC_REPRESENTATION_CONTEXT(2) 
PARAMETRIC_REPRESENTATION_CONTEXT() REPRESENTATION_CONTEXT('2D SPACE',''
  ) );
#1460 = ORIENTED_EDGE('',*,*,#1461,.T.);
#1461 = EDGE_CURVE('',#1434,#1462,#1464,.T.);
#1462 = VERTEX_POINT('',#1463);
#1463 = CARTESIAN_POINT('',(-1.893326052776,6.479028974922,0.));
#1464 = SURFACE_CURVE('',#1465,(#1470,#1477),.PCURVE_S1.);
#1465 = CIRCLE('',#1466,6.75);
#1466 = AXIS2_PLACEMENT_3D('',#1467,#1468,#1469);
#1467 = CARTESIAN_POINT('',(8.459899447644E-14,-4.196643033083E-13,0.));
#1468 = DIRECTION('',(0.,0.,1.));
#1469 = DIRECTION('',(-0.108179534516,0.994131373769,0.));
#1470 = PCURVE('',#140,#1471);
#1471 = DEFINITIONAL_REPRESENTATION('',(#1472),#1476);
#1472 = CIRCLE('',#1473,6.75);
#1473 = AXIS2_PLACEMENT_2D('',#1474,#1475);
#1474 = CARTESIAN_POINT('',(8.376346691877E-14,-4.186410464576E-13));
#1475 = DIRECTION('',(-0.108179534516,0.994131373769));
#1476 = ( GEOMETRIC_REPRESENTATION_CONTEXT(2) 
PARAMETRIC_REPRESENTATION_CONTEXT() REPRESENTATION_CONTEXT('2D SPACE',''
  ) );
#1477 = PCURVE('',#1478,#1483);
#1478 = CYLINDRICAL_SURFACE('',#1479,6.75);
#1479 = AXIS2_PLACEMENT_3D('',#1480,#1481,#1482);
#1480 = CARTESIAN_POINT('',(8.459899447644E-14,-4.196643033083E-13,0.));
#1481 = DIRECTION('',(-0.,-0.,-1.));
#1482 = DIRECTION('',(-0.108179534516,0.994131373769,0.));
#1483 = DEFINITIONAL_REPRESENTATION('',(#1484),#1488);
#1484 = LINE('',#1485,#1486);
#1485 = CARTESIAN_POINT('',(-0.,0.));
#1486 = VECTOR('',#1487,1.);
#1487 = DIRECTION('',(-1.,0.));
#1488 = ( GEOMETRIC_REPRESENTATION_CONTEXT(2) 
PARAMETRIC_REPRESENTATION_CONTEXT() REPRESENTATION_CONTEXT('2D SPACE',''
  ) );
#1489 = ORIENTED_EDGE('',*,*,#1490,.T.);
#1490 = EDGE_CURVE('',#1462,#1491,#1493,.T.);
#1491 = VERTEX_POINT('',#1492);
#1492 = CARTESIAN_POINT('',(-2.108615728042,7.215757887517,0.));
#1493 = SURFACE_CURVE('',#1494,(#1498,#1505),.PCURVE_S1.);
#1494 = LINE('',#1495,#1496);
#1495 = CARTESIAN_POINT('',(-1.893326052776,6.479028974922,0.));
#1496 = VECTOR('',#1497,1.);
#1497 = DIRECTION('',(-0.280492748559,0.959856144433,0.));
#1498 = PCURVE('',#140,#1499);
#1499 = DEFINITIONAL_REPRESENTATION('',(#1500),#1504);
#1500 = LINE('',#1501,#1502);
#1501 = CARTESIAN_POINT('',(-1.893326052776,6.479028974922));
#1502 = VECTOR('',#1503,1.);
#1503 = DIRECTION('',(-0.280492748559,0.959856144433));
#1504 = ( GEOMETRIC_REPRESENTATION_CONTEXT(2) 
PARAMETRIC_REPRESENTATION_CONTEXT() REPRESENTATION_CONTEXT('2D SPACE',''
  ) );
#1505 = PCURVE('',#1506,#1511);
#1506 = PLANE('',#1507);
#1507 = AXIS2_PLACEMENT_3D('',#1508,#1509,#1510);
#1508 = CARTESIAN_POINT('',(-1.893326052776,6.479028974922,0.));
#1509 = DIRECTION('',(-0.959856144433,-0.280492748559,0.));
#1510 = DIRECTION('',(-0.280492748559,0.959856144433,0.));
#1511 = DEFINITIONAL_REPRESENTATION('',(#1512),#1516);
#1512 = LINE('',#1513,#1514);
#1513 = CARTESIAN_POINT('',(0.,0.));
#1514 = VECTOR('',#1515,1.);
#1515 = DIRECTION('',(1.,0.));
#1516 = ( GEOMETRIC_REPRESENTATION_CONTEXT(2) 
PARAMETRIC_REPRESENTATION_CONTEXT() REPRESENTATION_CONTEXT('2D SPACE',''
  ) );
#1517 = ORIENTED_EDGE('',*,*,#1518,.T.);
#1518 = EDGE_CURVE('',#1491,#1519,#1521,.T.);
#1519 = VERTEX_POINT('',#1520);
#1520 = CARTESIAN_POINT('',(-3.173864035268,8.421792391506,0.));
#1521 = SURFACE_CURVE('',#1522,(#1538,#1557),.PCURVE_S1.);
#1522 = B_SPLINE_CURVE_WITH_KNOTS('',3,(#1523,#1524,#1525,#1526,#1527,
    #1528,#1529,#1530,#1531,#1532,#1533,#1534,#1535,#1536,#1537),
  .UNSPECIFIED.,.F.,.F.,(4,1,1,1,1,1,1,1,1,1,1,1,4),(0.,0.12443872072,
    0.250991678229,0.379586472863,0.510216300037,0.642878959891,
    0.777573462559,0.914299277526,1.053056087294,1.193843686737,
    1.33666193564,1.481510733913,1.628390007606),.UNSPECIFIED.);
#1523 = CARTESIAN_POINT('',(-2.108615728042,7.215757887517,0.));
#1524 = CARTESIAN_POINT('',(-2.122650793914,7.254933125519,0.));
#1525 = CARTESIAN_POINT('',(-2.156099536815,7.33167169338,0.));
#1526 = CARTESIAN_POINT('',(-2.21841206188,7.442014824012,0.));
#1527 = CARTESIAN_POINT('',(-2.288322574268,7.549993692169,0.));
#1528 = CARTESIAN_POINT('',(-2.365273392859,7.655631671836,0.));
#1529 = CARTESIAN_POINT('',(-2.448364798389,7.759101835039,0.));
#1530 = CARTESIAN_POINT('',(-2.537160628724,7.860434565549,0.));
#1531 = CARTESIAN_POINT('',(-2.631292049399,7.959642584635,0.));
#1532 = CARTESIAN_POINT('',(-2.730488212551,8.05670909335,0.));
#1533 = CARTESIAN_POINT('',(-2.834526560922,8.151603054968,0.));
#1534 = CARTESIAN_POINT('',(-2.9432236857,8.24428168268,0.));
#1535 = CARTESIAN_POINT('',(-3.056418865334,8.334695356656,0.));
#1536 = CARTESIAN_POINT('',(-3.134254095756,8.393015612025,-0.));
#1537 = CARTESIAN_POINT('',(-3.173864035268,8.421792391506,0.));
#1538 = PCURVE('',#140,#1539);
#1539 = DEFINITIONAL_REPRESENTATION('',(#1540),#1556);
#1540 = B_SPLINE_CURVE_WITH_KNOTS('',3,(#1541,#1542,#1543,#1544,#1545,
    #1546,#1547,#1548,#1549,#1550,#1551,#1552,#1553,#1554,#1555),
  .UNSPECIFIED.,.F.,.F.,(4,1,1,1,1,1,1,1,1,1,1,1,4),(0.,0.12443872072,
    0.250991678229,0.379586472863,0.510216300037,0.642878959891,
    0.777573462559,0.914299277526,1.053056087294,1.193843686737,
    1.33666193564,1.481510733913,1.628390007606),.UNSPECIFIED.);
#1541 = CARTESIAN_POINT('',(-2.108615728042,7.215757887517));
#1542 = CARTESIAN_POINT('',(-2.122650793914,7.254933125519));
#1543 = CARTESIAN_POINT('',(-2.156099536815,7.33167169338));
#1544 = CARTESIAN_POINT('',(-2.21841206188,7.442014824012));
#1545 = CARTESIAN_POINT('',(-2.288322574268,7.549993692169));
#1546 = CARTESIAN_POINT('',(-2.365273392859,7.655631671836));
#1547 = CARTESIAN_POINT('',(-2.448364798389,7.759101835039));
#1548 = CARTESIAN_POINT('',(-2.537160628724,7.860434565549));
#1549 = CARTESIAN_POINT('',(-2.631292049399,7.959642584635));
#1550 = CARTESIAN_POINT('',(-2.730488212551,8.05670909335));
#1551 = CARTESIAN_POINT('',(-2.834526560922,8.151603054968));
#1552 = CARTESIAN_POINT('',(-2.9432236857,8.24428168268));
#1553 = CARTESIAN_POINT('',(-3.056418865334,8.334695356656));
#1554 = CARTESIAN_POINT('',(-3.134254095756,8.393015612025));
#1555 = CARTESIAN_POINT('',(-3.173864035268,8.421792391506));
#1556 = ( GEOMETRIC_REPRESENTATION_CONTEXT(2) 
PARAMETRIC_REPRESENTATION_CONTEXT() REPRESENTATION_CONTEXT('2D SPACE',''
  ) );
#1557 = PCURVE('',#1558,#1577);
#1558 = SURFACE_OF_LINEAR_EXTRUSION('',#1559,#1575);
#1559 = B_SPLINE_CURVE_WITH_KNOTS('',3,(#1560,#1561,#1562,#1563,#1564,
    #1565,#1566,#1567,#1568,#1569,#1570,#1571,#1572,#1573,#1574),
  .UNSPECIFIED.,.F.,.F.,(4,1,1,1,1,1,1,1,1,1,1,1,4),(0.,0.12443872072,
    0.250991678229,0.379586472863,0.510216300037,0.642878959891,
    0.777573462559,0.914299277526,1.053056087294,1.193843686737,
    1.33666193564,1.481510733913,1.628390007606),.UNSPECIFIED.);
#1560 = CARTESIAN_POINT('',(-2.108615728042,7.215757887517,0.));
#1561 = CARTESIAN_POINT('',(-2.122650793914,7.254933125519,0.));
#1562 = CARTESIAN_POINT('',(-2.156099536815,7.33167169338,0.));
#1563 = CARTESIAN_POINT('',(-2.21841206188,7.442014824012,0.));
#1564 = CARTESIAN_POINT('',(-2.288322574268,7.549993692169,0.));
#1565 = CARTESIAN_POINT('',(-2.365273392859,7.655631671836,0.));
#1566 = CARTESIAN_POINT('',(-2.448364798389,7.759101835039,0.));
#1567 = CARTESIAN_POINT('',(-2.537160628724,7.860434565549,0.));
#1568 = CARTESIAN_POINT('',(-2.631292049399,7.959642584635,0.));
#1569 = CARTESIAN_POINT('',(-2.730488212551,8.05670909335,0.));
#1570 = CARTESIAN_POINT('',(-2.834526560922,8.151603054968,0.));
#1571 = CARTESIAN_POINT('',(-2.9432236857,8.24428168268,0.));
#1572 = CARTESIAN_POINT('',(-3.056418865334,8.334695356656,0.));
#1573 = CARTESIAN_POINT('',(-3.134254095756,8.393015612025,-0.));
#1574 = CARTESIAN_POINT('',(-3.173864035268,8.421792391506,0.));
#1575 = VECTOR('',#1576,1.);
#1576 = DIRECTION('',(-0.,-0.,-1.));
#1577 = DEFINITIONAL_REPRESENTATION('',(#1578),#1582);
#1578 = LINE('',#1579,#1580);
#1579 = CARTESIAN_POINT('',(0.,0.));
#1580 = VECTOR('',#1581,1.);
#1581 = DIRECTION('',(1.,0.));
#1582 = ( GEOMETRIC_REPRESENTATION_CONTEXT(2) 
PARAMETRIC_REPRESENTATION_CONTEXT() REPRESENTATION_CONTEXT('2D SPACE',''
  ) );
#1583 = ORIENTED_EDGE('',*,*,#1584,.T.);
#1584 = EDGE_CURVE('',#1519,#1585,#1587,.T.);
#1585 = VERTEX_POINT('',#1586);
#1586 = CARTESIAN_POINT('',(-3.710845727878,8.199367291681,0.));
#1587 = SURFACE_CURVE('',#1588,(#1593,#1600),.PCURVE_S1.);
#1588 = CIRCLE('',#1589,9.000000000004);
#1589 = AXIS2_PLACEMENT_3D('',#1590,#1591,#1592);
#1590 = CARTESIAN_POINT('',(1.488587031417E-12,-3.574029960873E-12,0.));
#1591 = DIRECTION('',(0.,0.,1.));
#1592 = DIRECTION('',(-0.352651559474,0.935754710167,0.));
#1593 = PCURVE('',#140,#1594);
#1594 = DEFINITIONAL_REPRESENTATION('',(#1595),#1599);
#1595 = CIRCLE('',#1596,9.000000000004);
#1596 = AXIS2_PLACEMENT_2D('',#1597,#1598);
#1597 = CARTESIAN_POINT('',(1.48775150386E-12,-3.573006704023E-12));
#1598 = DIRECTION('',(-0.352651559474,0.935754710167));
#1599 = ( GEOMETRIC_REPRESENTATION_CONTEXT(2) 
PARAMETRIC_REPRESENTATION_CONTEXT() REPRESENTATION_CONTEXT('2D SPACE',''
  ) );
#1600 = PCURVE('',#1601,#1606);
#1601 = CYLINDRICAL_SURFACE('',#1602,9.000000000004);
#1602 = AXIS2_PLACEMENT_3D('',#1603,#1604,#1605);
#1603 = CARTESIAN_POINT('',(1.488587031417E-12,-3.574029960873E-12,0.));
#1604 = DIRECTION('',(-0.,-0.,-1.));
#1605 = DIRECTION('',(-0.352651559474,0.935754710167,0.));
#1606 = DEFINITIONAL_REPRESENTATION('',(#1607),#1611);
#1607 = LINE('',#1608,#1609);
#1608 = CARTESIAN_POINT('',(-0.,0.));
#1609 = VECTOR('',#1610,1.);
#1610 = DIRECTION('',(-1.,0.));
#1611 = ( GEOMETRIC_REPRESENTATION_CONTEXT(2) 
PARAMETRIC_REPRESENTATION_CONTEXT() REPRESENTATION_CONTEXT('2D SPACE',''
  ) );
#1612 = ORIENTED_EDGE('',*,*,#1613,.T.);
#1613 = EDGE_CURVE('',#1585,#1614,#1616,.T.);
#1614 = VERTEX_POINT('',#1615);
#1615 = CARTESIAN_POINT('',(-3.611294853448,6.593327813879,0.));
#1616 = SURFACE_CURVE('',#1617,(#1633,#1652),.PCURVE_S1.);
#1617 = B_SPLINE_CURVE_WITH_KNOTS('',3,(#1618,#1619,#1620,#1621,#1622,
    #1623,#1624,#1625,#1626,#1627,#1628,#1629,#1630,#1631,#1632),
  .UNSPECIFIED.,.F.,.F.,(4,1,1,1,1,1,1,1,1,1,1,1,4),(0.,0.146879273693,
    0.291728071966,0.434546320869,0.575333920312,0.71409073008,
    0.850816545047,0.985511047715,1.118173707569,1.248803534744,
    1.377398329377,1.503951286886,1.628390007606),.UNSPECIFIED.);
#1618 = CARTESIAN_POINT('',(-3.710845727878,8.199367291681,0.));
#1619 = CARTESIAN_POINT('',(-3.718505928797,8.151010578938,0.));
#1620 = CARTESIAN_POINT('',(-3.732305099991,8.05473411164,0.));
#1621 = CARTESIAN_POINT('',(-3.748414057128,7.910760910542,0.));
#1622 = CARTESIAN_POINT('',(-3.759740845027,7.76836675039,0.));
#1623 = CARTESIAN_POINT('',(-3.76620690291,7.627700364999,0.));
#1624 = CARTESIAN_POINT('',(-3.767712796004,7.488921698829,0.));
#1625 = CARTESIAN_POINT('',(-3.764123098842,7.352210069903,0.));
#1626 = CARTESIAN_POINT('',(-3.755258171713,7.217768875232,0.));
#1627 = CARTESIAN_POINT('',(-3.740848213971,7.085849924872,0.));
#1628 = CARTESIAN_POINT('',(-3.720563327842,6.956740147456,0.));
#1629 = CARTESIAN_POINT('',(-3.693644935328,6.830953360171,0.));
#1630 = CARTESIAN_POINT('',(-3.659682168427,6.708867375217,0.));
#1631 = CARTESIAN_POINT('',(-3.629071639642,6.630953180577,-0.));
#1632 = CARTESIAN_POINT('',(-3.611294853448,6.593327813879,0.));
#1633 = PCURVE('',#140,#1634);
#1634 = DEFINITIONAL_REPRESENTATION('',(#1635),#1651);
#1635 = B_SPLINE_CURVE_WITH_KNOTS('',3,(#1636,#1637,#1638,#1639,#1640,
    #1641,#1642,#1643,#1644,#1645,#1646,#1647,#1648,#1649,#1650),
  .UNSPECIFIED.,.F.,.F.,(4,1,1,1,1,1,1,1,1,1,1,1,4),(0.,0.146879273693,
    0.291728071966,0.434546320869,0.575333920312,0.71409073008,
    0.850816545047,0.985511047715,1.118173707569,1.248803534744,
    1.377398329377,1.503951286886,1.628390007606),.UNSPECIFIED.);
#1636 = CARTESIAN_POINT('',(-3.710845727878,8.199367291681));
#1637 = CARTESIAN_POINT('',(-3.718505928797,8.151010578938));
#1638 = CARTESIAN_POINT('',(-3.732305099991,8.05473411164));
#1639 = CARTESIAN_POINT('',(-3.748414057128,7.910760910542));
#1640 = CARTESIAN_POINT('',(-3.759740845027,7.76836675039));
#1641 = CARTESIAN_POINT('',(-3.76620690291,7.627700364999));
#1642 = CARTESIAN_POINT('',(-3.767712796004,7.488921698829));
#1643 = CARTESIAN_POINT('',(-3.764123098842,7.352210069903));
#1644 = CARTESIAN_POINT('',(-3.755258171713,7.217768875232));
#1645 = CARTESIAN_POINT('',(-3.740848213971,7.085849924872));
#1646 = CARTESIAN_POINT('',(-3.720563327842,6.956740147456));
#1647 = CARTESIAN_POINT('',(-3.693644935328,6.830953360171));
#1648 = CARTESIAN_POINT('',(-3.659682168427,6.708867375217));
#1649 = CARTESIAN_POINT('',(-3.629071639642,6.630953180577));
#1650 = CARTESIAN_POINT('',(-3.611294853448,6.593327813879));
#1651 = ( GEOMETRIC_REPRESENTATION_CONTEXT(2) 
PARAMETRIC_REPRESENTATION_CONTEXT() REPRESENTATION_CONTEXT('2D SPACE',''
  ) );
#1652 = PCURVE('',#1653,#1672);
#1653 = SURFACE_OF_LINEAR_EXTRUSION('',#1654,#1670);
#1654 = B_SPLINE_CURVE_WITH_KNOTS('',3,(#1655,#1656,#1657,#1658,#1659,
    #1660,#1661,#1662,#1663,#1664,#1665,#1666,#1667,#1668,#1669),
  .UNSPECIFIED.,.F.,.F.,(4,1,1,1,1,1,1,1,1,1,1,1,4),(0.,0.146879273693,
    0.291728071966,0.434546320869,0.575333920312,0.71409073008,
    0.850816545047,0.985511047715,1.118173707569,1.248803534744,
    1.377398329377,1.503951286886,1.628390007606),.UNSPECIFIED.);
#1655 = CARTESIAN_POINT('',(-3.710845727878,8.199367291681,0.));
#1656 = CARTESIAN_POINT('',(-3.718505928797,8.151010578938,0.));
#1657 = CARTESIAN_POINT('',(-3.732305099991,8.05473411164,0.));
#1658 = CARTESIAN_POINT('',(-3.748414057128,7.910760910542,0.));
#1659 = CARTESIAN_POINT('',(-3.759740845027,7.76836675039,0.));
#1660 = CARTESIAN_POINT('',(-3.76620690291,7.627700364999,0.));
#1661 = CARTESIAN_POINT('',(-3.767712796004,7.488921698829,0.));
#1662 = CARTESIAN_POINT('',(-3.764123098842,7.352210069903,0.));
#1663 = CARTESIAN_POINT('',(-3.755258171713,7.217768875232,0.));
#1664 = CARTESIAN_POINT('',(-3.740848213971,7.085849924872,0.));
#1665 = CARTESIAN_POINT('',(-3.720563327842,6.956740147456,0.));
#1666 = CARTESIAN_POINT('',(-3.693644935328,6.830953360171,0.));
#1667 = CARTESIAN_POINT('',(-3.659682168427,6.708867375217,0.));
#1668 = CARTESIAN_POINT('',(-3.629071639642,6.630953180577,-0.));
#1669 = CARTESIAN_POINT('',(-3.611294853448,6.593327813879,0.));
#1670 = VECTOR('',#1671,1.);
#1671 = DIRECTION('',(-0.,-0.,-1.));
#1672 = DEFINITIONAL_REPRESENTATION('',(#1673),#1677);
#1673 = LINE('',#1674,#1675);
#1674 = CARTESIAN_POINT('',(0.,0.));
#1675 = VECTOR('',#1676,1.);
#1676 = DIRECTION('',(1.,0.));
#1677 = ( GEOMETRIC_REPRESENTATION_CONTEXT(2) 
PARAMETRIC_REPRESENTATION_CONTEXT() REPRESENTATION_CONTEXT('2D SPACE',''
  ) );
#1678 = ORIENTED_EDGE('',*,*,#1679,.T.);
#1679 = EDGE_CURVE('',#1614,#1680,#1682,.T.);
#1680 = VERTEX_POINT('',#1681);
#1681 = CARTESIAN_POINT('',(-3.242581632756,5.920149014587,0.));
#1682 = SURFACE_CURVE('',#1683,(#1687,#1694),.PCURVE_S1.);
#1683 = LINE('',#1684,#1685);
#1684 = CARTESIAN_POINT('',(-3.611294853448,6.593327813879,0.));
#1685 = VECTOR('',#1686,1.);
#1686 = DIRECTION('',(0.480382464112,-0.877059113272,0.));
#1687 = PCURVE('',#140,#1688);
#1688 = DEFINITIONAL_REPRESENTATION('',(#1689),#1693);
#1689 = LINE('',#1690,#1691);
#1690 = CARTESIAN_POINT('',(-3.611294853448,6.593327813879));
#1691 = VECTOR('',#1692,1.);
#1692 = DIRECTION('',(0.480382464112,-0.877059113272));
#1693 = ( GEOMETRIC_REPRESENTATION_CONTEXT(2) 
PARAMETRIC_REPRESENTATION_CONTEXT() REPRESENTATION_CONTEXT('2D SPACE',''
  ) );
#1694 = PCURVE('',#1695,#1700);
#1695 = PLANE('',#1696);
#1696 = AXIS2_PLACEMENT_3D('',#1697,#1698,#1699);
#1697 = CARTESIAN_POINT('',(-3.611294853448,6.593327813879,0.));
#1698 = DIRECTION('',(0.877059113272,0.480382464112,-0.));
#1699 = DIRECTION('',(0.480382464112,-0.877059113272,0.));
#1700 = DEFINITIONAL_REPRESENTATION('',(#1701),#1705);
#1701 = LINE('',#1702,#1703);
#1702 = CARTESIAN_POINT('',(0.,0.));
#1703 = VECTOR('',#1704,1.);
#1704 = DIRECTION('',(1.,0.));
#1705 = ( GEOMETRIC_REPRESENTATION_CONTEXT(2) 
PARAMETRIC_REPRESENTATION_CONTEXT() REPRESENTATION_CONTEXT('2D SPACE',''
  ) );
#1706 = ORIENTED_EDGE('',*,*,#1707,.T.);
#1707 = EDGE_CURVE('',#1680,#1708,#1710,.T.);
#1708 = VERTEX_POINT('',#1709);
#1709 = CARTESIAN_POINT('',(-4.228622235046,5.261297748015,0.));
#1710 = SURFACE_CURVE('',#1711,(#1716,#1723),.PCURVE_S1.);
#1711 = CIRCLE('',#1712,6.75);
#1712 = AXIS2_PLACEMENT_3D('',#1713,#1714,#1715);
#1713 = CARTESIAN_POINT('',(2.000621890375E-13,-2.979838598094E-13,0.));
#1714 = DIRECTION('',(0.,0.,1.));
#1715 = DIRECTION('',(-0.480382464112,0.877059113272,0.));
#1716 = PCURVE('',#140,#1717);
#1717 = DEFINITIONAL_REPRESENTATION('',(#1718),#1722);
#1718 = CIRCLE('',#1719,6.75);
#1719 = AXIS2_PLACEMENT_2D('',#1720,#1721);
#1720 = CARTESIAN_POINT('',(1.992266614798E-13,-2.969606029587E-13));
#1721 = DIRECTION('',(-0.480382464112,0.877059113272));
#1722 = ( GEOMETRIC_REPRESENTATION_CONTEXT(2) 
PARAMETRIC_REPRESENTATION_CONTEXT() REPRESENTATION_CONTEXT('2D SPACE',''
  ) );
#1723 = PCURVE('',#1724,#1729);
#1724 = CYLINDRICAL_SURFACE('',#1725,6.75);
#1725 = AXIS2_PLACEMENT_3D('',#1726,#1727,#1728);
#1726 = CARTESIAN_POINT('',(2.000621890375E-13,-2.979838598094E-13,0.));
#1727 = DIRECTION('',(-0.,-0.,-1.));
#1728 = DIRECTION('',(-0.480382464112,0.877059113272,0.));
#1729 = DEFINITIONAL_REPRESENTATION('',(#1730),#1734);
#1730 = LINE('',#1731,#1732);
#1731 = CARTESIAN_POINT('',(-0.,0.));
#1732 = VECTOR('',#1733,1.);
#1733 = DIRECTION('',(-1.,0.));
#1734 = ( GEOMETRIC_REPRESENTATION_CONTEXT(2) 
PARAMETRIC_REPRESENTATION_CONTEXT() REPRESENTATION_CONTEXT('2D SPACE',''
  ) );
#1735 = ORIENTED_EDGE('',*,*,#1736,.T.);
#1736 = EDGE_CURVE('',#1708,#1737,#1739,.T.);
#1737 = VERTEX_POINT('',#1738);
#1738 = CARTESIAN_POINT('',(-4.70945790858,5.859558719488,0.));
#1739 = SURFACE_CURVE('',#1740,(#1744,#1751),.PCURVE_S1.);
#1740 = LINE('',#1741,#1742);
#1741 = CARTESIAN_POINT('',(-4.228622235046,5.261297748015,0.));
#1742 = VECTOR('',#1743,1.);
#1743 = DIRECTION('',(-0.62646255334,0.779451518225,0.));
#1744 = PCURVE('',#140,#1745);
#1745 = DEFINITIONAL_REPRESENTATION('',(#1746),#1750);
#1746 = LINE('',#1747,#1748);
#1747 = CARTESIAN_POINT('',(-4.228622235046,5.261297748015));
#1748 = VECTOR('',#1749,1.);
#1749 = DIRECTION('',(-0.62646255334,0.779451518225));
#1750 = ( GEOMETRIC_REPRESENTATION_CONTEXT(2) 
PARAMETRIC_REPRESENTATION_CONTEXT() REPRESENTATION_CONTEXT('2D SPACE',''
  ) );
#1751 = PCURVE('',#1752,#1757);
#1752 = PLANE('',#1753);
#1753 = AXIS2_PLACEMENT_3D('',#1754,#1755,#1756);
#1754 = CARTESIAN_POINT('',(-4.228622235046,5.261297748015,0.));
#1755 = DIRECTION('',(-0.779451518225,-0.62646255334,0.));
#1756 = DIRECTION('',(-0.62646255334,0.779451518225,0.));
#1757 = DEFINITIONAL_REPRESENTATION('',(#1758),#1762);
#1758 = LINE('',#1759,#1760);
#1759 = CARTESIAN_POINT('',(0.,0.));
#1760 = VECTOR('',#1761,1.);
#1761 = DIRECTION('',(1.,0.));
#1762 = ( GEOMETRIC_REPRESENTATION_CONTEXT(2) 
PARAMETRIC_REPRESENTATION_CONTEXT() REPRESENTATION_CONTEXT('2D SPACE',''
  ) );
#1763 = ORIENTED_EDGE('',*,*,#1764,.T.);
#1764 = EDGE_CURVE('',#1737,#1765,#1767,.T.);
#1765 = VERTEX_POINT('',#1766);
#1766 = CARTESIAN_POINT('',(-6.155148440205,6.566136434696,0.));
#1767 = SURFACE_CURVE('',#1768,(#1784,#1803),.PCURVE_S1.);
#1768 = B_SPLINE_CURVE_WITH_KNOTS('',3,(#1769,#1770,#1771,#1772,#1773,
    #1774,#1775,#1776,#1777,#1778,#1779,#1780,#1781,#1782,#1783),
  .UNSPECIFIED.,.F.,.F.,(4,1,1,1,1,1,1,1,1,1,1,1,4),(0.,0.12443872072,
    0.250991678229,0.379586472863,0.510216300037,0.642878959891,
    0.777573462559,0.914299277526,1.053056087294,1.193843686737,
    1.33666193564,1.481510733913,1.628390007606),.UNSPECIFIED.);
#1769 = CARTESIAN_POINT('',(-4.70945790858,5.859558719488,0.));
#1770 = CARTESIAN_POINT('',(-4.737416333219,5.890380932878,0.));
#1771 = CARTESIAN_POINT('',(-4.797685520717,5.948477845337,0.));
#1772 = CARTESIAN_POINT('',(-4.897481275212,6.02657563431,0.));
#1773 = CARTESIAN_POINT('',(-5.003391890604,6.099581505705,0.));
#1774 = CARTESIAN_POINT('',(-5.114911081557,6.167730469593,0.));
#1775 = CARTESIAN_POINT('',(-5.231273847656,6.231526731334,0.));
#1776 = CARTESIAN_POINT('',(-5.352088854997,6.291165273893,0.));
#1777 = CARTESIAN_POINT('',(-5.477020213187,6.34679899703,0.));
#1778 = CARTESIAN_POINT('',(-5.605811262749,6.398516029532,0.));
#1779 = CARTESIAN_POINT('',(-5.738244510348,6.446372866177,0.));
#1780 = CARTESIAN_POINT('',(-5.874134134533,6.490400164624,0.));
#1781 = CARTESIAN_POINT('',(-6.013312659266,6.5306135876,0.));
#1782 = CARTESIAN_POINT('',(-6.107541231062,6.55470822473,-0.));
#1783 = CARTESIAN_POINT('',(-6.155148440205,6.566136434696,0.));
#1784 = PCURVE('',#140,#1785);
#1785 = DEFINITIONAL_REPRESENTATION('',(#1786),#1802);
#1786 = B_SPLINE_CURVE_WITH_KNOTS('',3,(#1787,#1788,#1789,#1790,#1791,
    #1792,#1793,#1794,#1795,#1796,#1797,#1798,#1799,#1800,#1801),
  .UNSPECIFIED.,.F.,.F.,(4,1,1,1,1,1,1,1,1,1,1,1,4),(0.,0.12443872072,
    0.250991678229,0.379586472863,0.510216300037,0.642878959891,
    0.777573462559,0.914299277526,1.053056087294,1.193843686737,
    1.33666193564,1.481510733913,1.628390007606),.UNSPECIFIED.);
#1787 = CARTESIAN_POINT('',(-4.70945790858,5.859558719488));
#1788 = CARTESIAN_POINT('',(-4.737416333219,5.890380932878));
#1789 = CARTESIAN_POINT('',(-4.797685520717,5.948477845337));
#1790 = CARTESIAN_POINT('',(-4.897481275212,6.02657563431));
#1791 = CARTESIAN_POINT('',(-5.003391890604,6.099581505705));
#1792 = CARTESIAN_POINT('',(-5.114911081557,6.167730469593));
#1793 = CARTESIAN_POINT('',(-5.231273847656,6.231526731334));
#1794 = CARTESIAN_POINT('',(-5.352088854997,6.291165273893));
#1795 = CARTESIAN_POINT('',(-5.477020213187,6.34679899703));
#1796 = CARTESIAN_POINT('',(-5.605811262749,6.398516029532));
#1797 = CARTESIAN_POINT('',(-5.738244510348,6.446372866177));
#1798 = CARTESIAN_POINT('',(-5.874134134533,6.490400164624));
#1799 = CARTESIAN_POINT('',(-6.013312659266,6.5306135876));
#1800 = CARTESIAN_POINT('',(-6.107541231062,6.55470822473));
#1801 = CARTESIAN_POINT('',(-6.155148440205,6.566136434696));
#1802 = ( GEOMETRIC_REPRESENTATION_CONTEXT(2) 
PARAMETRIC_REPRESENTATION_CONTEXT() REPRESENTATION_CONTEXT('2D SPACE',''
  ) );
#1803 = PCURVE('',#1804,#1823);
#1804 = SURFACE_OF_LINEAR_EXTRUSION('',#1805,#1821);
#1805 = B_SPLINE_CURVE_WITH_KNOTS('',3,(#1806,#1807,#1808,#1809,#1810,
    #1811,#1812,#1813,#1814,#1815,#1816,#1817,#1818,#1819,#1820),
  .UNSPECIFIED.,.F.,.F.,(4,1,1,1,1,1,1,1,1,1,1,1,4),(0.,0.12443872072,
    0.250991678229,0.379586472863,0.510216300037,0.642878959891,
    0.777573462559,0.914299277526,1.053056087294,1.193843686737,
    1.33666193564,1.481510733913,1.628390007606),.UNSPECIFIED.);
#1806 = CARTESIAN_POINT('',(-4.70945790858,5.859558719488,0.));
#1807 = CARTESIAN_POINT('',(-4.737416333219,5.890380932878,0.));
#1808 = CARTESIAN_POINT('',(-4.797685520717,5.948477845337,0.));
#1809 = CARTESIAN_POINT('',(-4.897481275212,6.02657563431,0.));
#1810 = CARTESIAN_POINT('',(-5.003391890604,6.099581505705,0.));
#1811 = CARTESIAN_POINT('',(-5.114911081557,6.167730469593,0.));
#1812 = CARTESIAN_POINT('',(-5.231273847656,6.231526731334,0.));
#1813 = CARTESIAN_POINT('',(-5.352088854997,6.291165273893,0.));
#1814 = CARTESIAN_POINT('',(-5.477020213187,6.34679899703,0.));
#1815 = CARTESIAN_POINT('',(-5.605811262749,6.398516029532,0.));
#1816 = CARTESIAN_POINT('',(-5.738244510348,6.446372866177,0.));
#1817 = CARTESIAN_POINT('',(-5.874134134533,6.490400164624,0.));
#1818 = CARTESIAN_POINT('',(-6.013312659266,6.5306135876,0.));
#1819 = CARTESIAN_POINT('',(-6.107541231062,6.55470822473,-0.));
#1820 = CARTESIAN_POINT('',(-6.155148440205,6.566136434696,0.));
#1821 = VECTOR('',#1822,1.);
#1822 = DIRECTION('',(-0.,-0.,-1.));
#1823 = DEFINITIONAL_REPRESENTATION('',(#1824),#1828);
#1824 = LINE('',#1825,#1826);
#1825 = CARTESIAN_POINT('',(0.,0.));
#1826 = VECTOR('',#1827,1.);
#1827 = DIRECTION('',(1.,0.));
#1828 = ( GEOMETRIC_REPRESENTATION_CONTEXT(2) 
PARAMETRIC_REPRESENTATION_CONTEXT() REPRESENTATION_CONTEXT('2D SPACE',''
  ) );
#1829 = ORIENTED_EDGE('',*,*,#1830,.T.);
#1830 = EDGE_CURVE('',#1765,#1831,#1833,.T.);
#1831 = VERTEX_POINT('',#1832);
#1832 = CARTESIAN_POINT('',(-6.566136434696,6.155148440205,0.));
#1833 = SURFACE_CURVE('',#1834,(#1839,#1846),.PCURVE_S1.);
#1834 = CIRCLE('',#1835,8.999999999997);
#1835 = AXIS2_PLACEMENT_3D('',#1836,#1837,#1838);
#1836 = CARTESIAN_POINT('',(-2.091660178394E-12,2.092104267604E-12,0.));
#1837 = DIRECTION('',(0.,0.,1.));
#1838 = DIRECTION('',(-0.683905382245,0.729570714966,0.));
#1839 = PCURVE('',#140,#1840);
#1840 = DEFINITIONAL_REPRESENTATION('',(#1841),#1845);
#1841 = CIRCLE('',#1842,8.999999999997);
#1842 = AXIS2_PLACEMENT_2D('',#1843,#1844);
#1843 = CARTESIAN_POINT('',(-2.092495705951E-12,2.093127524454E-12));
#1844 = DIRECTION('',(-0.683905382245,0.729570714966));
#1845 = ( GEOMETRIC_REPRESENTATION_CONTEXT(2) 
PARAMETRIC_REPRESENTATION_CONTEXT() REPRESENTATION_CONTEXT('2D SPACE',''
  ) );
#1846 = PCURVE('',#1847,#1852);
#1847 = CYLINDRICAL_SURFACE('',#1848,8.999999999997);
#1848 = AXIS2_PLACEMENT_3D('',#1849,#1850,#1851);
#1849 = CARTESIAN_POINT('',(-2.091660178394E-12,2.092104267604E-12,0.));
#1850 = DIRECTION('',(-0.,-0.,-1.));
#1851 = DIRECTION('',(-0.683905382245,0.729570714966,0.));
#1852 = DEFINITIONAL_REPRESENTATION('',(#1853),#1857);
#1853 = LINE('',#1854,#1855);
#1854 = CARTESIAN_POINT('',(-0.,0.));
#1855 = VECTOR('',#1856,1.);
#1856 = DIRECTION('',(-1.,0.));
#1857 = ( GEOMETRIC_REPRESENTATION_CONTEXT(2) 
PARAMETRIC_REPRESENTATION_CONTEXT() REPRESENTATION_CONTEXT('2D SPACE',''
  ) );
#1858 = ORIENTED_EDGE('',*,*,#1859,.T.);
#1859 = EDGE_CURVE('',#1831,#1860,#1862,.T.);
#1860 = VERTEX_POINT('',#1861);
#1861 = CARTESIAN_POINT('',(-5.859558719488,4.70945790858,0.));
#1862 = SURFACE_CURVE('',#1863,(#1879,#1898),.PCURVE_S1.);
#1863 = B_SPLINE_CURVE_WITH_KNOTS('',3,(#1864,#1865,#1866,#1867,#1868,
    #1869,#1870,#1871,#1872,#1873,#1874,#1875,#1876,#1877,#1878),
  .UNSPECIFIED.,.F.,.F.,(4,1,1,1,1,1,1,1,1,1,1,1,4),(0.,0.146879273693,
    0.291728071966,0.434546320869,0.575333920312,0.71409073008,
    0.850816545047,0.985511047715,1.118173707569,1.248803534744,
    1.377398329377,1.503951286886,1.628390007606),.UNSPECIFIED.);
#1864 = CARTESIAN_POINT('',(-6.566136434696,6.155148440205,0.));
#1865 = CARTESIAN_POINT('',(-6.55470822473,6.107541231062,0.));
#1866 = CARTESIAN_POINT('',(-6.5306135876,6.013312659266,0.));
#1867 = CARTESIAN_POINT('',(-6.490400164624,5.874134134533,0.));
#1868 = CARTESIAN_POINT('',(-6.446372866177,5.738244510348,0.));
#1869 = CARTESIAN_POINT('',(-6.398516029532,5.605811262749,0.));
#1870 = CARTESIAN_POINT('',(-6.34679899703,5.477020213187,0.));
#1871 = CARTESIAN_POINT('',(-6.291165273893,5.352088854997,0.));
#1872 = CARTESIAN_POINT('',(-6.231526731334,5.231273847656,0.));
#1873 = CARTESIAN_POINT('',(-6.167730469593,5.114911081557,0.));
#1874 = CARTESIAN_POINT('',(-6.099581505705,5.003391890604,0.));
#1875 = CARTESIAN_POINT('',(-6.02657563431,4.897481275212,0.));
#1876 = CARTESIAN_POINT('',(-5.948477845337,4.797685520717,0.));
#1877 = CARTESIAN_POINT('',(-5.890380932878,4.737416333219,-0.));
#1878 = CARTESIAN_POINT('',(-5.859558719488,4.70945790858,0.));
#1879 = PCURVE('',#140,#1880);
#1880 = DEFINITIONAL_REPRESENTATION('',(#1881),#1897);
#1881 = B_SPLINE_CURVE_WITH_KNOTS('',3,(#1882,#1883,#1884,#1885,#1886,
    #1887,#1888,#1889,#1890,#1891,#1892,#1893,#1894,#1895,#1896),
  .UNSPECIFIED.,.F.,.F.,(4,1,1,1,1,1,1,1,1,1,1,1,4),(0.,0.146879273693,
    0.291728071966,0.434546320869,0.575333920312,0.71409073008,
    0.850816545047,0.985511047715,1.118173707569,1.248803534744,
    1.377398329377,1.503951286886,1.628390007606),.UNSPECIFIED.);
#1882 = CARTESIAN_POINT('',(-6.566136434696,6.155148440205));
#1883 = CARTESIAN_POINT('',(-6.55470822473,6.107541231062));
#1884 = CARTESIAN_POINT('',(-6.5306135876,6.013312659266));
#1885 = CARTESIAN_POINT('',(-6.490400164624,5.874134134533));
#1886 = CARTESIAN_POINT('',(-6.446372866177,5.738244510348));
#1887 = CARTESIAN_POINT('',(-6.398516029532,5.605811262749));
#1888 = CARTESIAN_POINT('',(-6.34679899703,5.477020213187));
#1889 = CARTESIAN_POINT('',(-6.291165273893,5.352088854997));
#1890 = CARTESIAN_POINT('',(-6.231526731334,5.231273847656));
#1891 = CARTESIAN_POINT('',(-6.167730469593,5.114911081557));
#1892 = CARTESIAN_POINT('',(-6.099581505705,5.003391890604));
#1893 = CARTESIAN_POINT('',(-6.02657563431,4.897481275212));
#1894 = CARTESIAN_POINT('',(-5.948477845337,4.797685520717));
#1895 = CARTESIAN_POINT('',(-5.890380932878,4.737416333219));
#1896 = CARTESIAN_POINT('',(-5.859558719488,4.70945790858));
#1897 = ( GEOMETRIC_REPRESENTATION_CONTEXT(2) 
PARAMETRIC_REPRESENTATION_CONTEXT() REPRESENTATION_CONTEXT('2D SPACE',''
  ) );
#1898 = PCURVE('',#1899,#1918);
#1899 = SURFACE_OF_LINEAR_EXTRUSION('',#1900,#1916);
#1900 = B_SPLINE_CURVE_WITH_KNOTS('',3,(#1901,#1902,#1903,#1904,#1905,
    #1906,#1907,#1908,#1909,#1910,#1911,#1912,#1913,#1914,#1915),
  .UNSPECIFIED.,.F.,.F.,(4,1,1,1,1,1,1,1,1,1,1,1,4),(0.,0.146879273693,
    0.291728071966,0.434546320869,0.575333920312,0.71409073008,
    0.850816545047,0.985511047715,1.118173707569,1.248803534744,
    1.377398329377,1.503951286886,1.628390007606),.UNSPECIFIED.);
#1901 = CARTESIAN_POINT('',(-6.566136434696,6.155148440205,0.));
#1902 = CARTESIAN_POINT('',(-6.55470822473,6.107541231062,0.));
#1903 = CARTESIAN_POINT('',(-6.5306135876,6.013312659266,0.));
#1904 = CARTESIAN_POINT('',(-6.490400164624,5.874134134533,0.));
#1905 = CARTESIAN_POINT('',(-6.446372866177,5.738244510348,0.));
#1906 = CARTESIAN_POINT('',(-6.398516029532,5.605811262749,0.));
#1907 = CARTESIAN_POINT('',(-6.34679899703,5.477020213187,0.));
#1908 = CARTESIAN_POINT('',(-6.291165273893,5.352088854997,0.));
#1909 = CARTESIAN_POINT('',(-6.231526731334,5.231273847656,0.));
#1910 = CARTESIAN_POINT('',(-6.167730469593,5.114911081557,0.));
#1911 = CARTESIAN_POINT('',(-6.099581505705,5.003391890604,0.));
#1912 = CARTESIAN_POINT('',(-6.02657563431,4.897481275212,0.));
#1913 = CARTESIAN_POINT('',(-5.948477845337,4.797685520717,0.));
#1914 = CARTESIAN_POINT('',(-5.890380932878,4.737416333219,-0.));
#1915 = CARTESIAN_POINT('',(-5.859558719488,4.70945790858,0.));
#1916 = VECTOR('',#1917,1.);
#1917 = DIRECTION('',(-0.,-0.,-1.));
#1918 = DEFINITIONAL_REPRESENTATION('',(#1919),#1923);
#1919 = LINE('',#1920,#1921);
#1920 = CARTESIAN_POINT('',(0.,0.));
#1921 = VECTOR('',#1922,1.);
#1922 = DIRECTION('',(1.,0.));
#1923 = ( GEOMETRIC_REPRESENTATION_CONTEXT(2) 
PARAMETRIC_REPRESENTATION_CONTEXT() REPRESENTATION_CONTEXT('2D SPACE',''
  ) );
#1924 = ORIENTED_EDGE('',*,*,#1925,.T.);
#1925 = EDGE_CURVE('',#1860,#1926,#1928,.T.);
#1926 = VERTEX_POINT('',#1927);
#1927 = CARTESIAN_POINT('',(-5.261297748015,4.228622235046,0.));
#1928 = SURFACE_CURVE('',#1929,(#1933,#1940),.PCURVE_S1.);
#1929 = LINE('',#1930,#1931);
#1930 = CARTESIAN_POINT('',(-5.859558719488,4.70945790858,0.));
#1931 = VECTOR('',#1932,1.);
#1932 = DIRECTION('',(0.779451518225,-0.62646255334,0.));
#1933 = PCURVE('',#140,#1934);
#1934 = DEFINITIONAL_REPRESENTATION('',(#1935),#1939);
#1935 = LINE('',#1936,#1937);
#1936 = CARTESIAN_POINT('',(-5.859558719488,4.70945790858));
#1937 = VECTOR('',#1938,1.);
#1938 = DIRECTION('',(0.779451518225,-0.62646255334));
#1939 = ( GEOMETRIC_REPRESENTATION_CONTEXT(2) 
PARAMETRIC_REPRESENTATION_CONTEXT() REPRESENTATION_CONTEXT('2D SPACE',''
  ) );
#1940 = PCURVE('',#1941,#1946);
#1941 = PLANE('',#1942);
#1942 = AXIS2_PLACEMENT_3D('',#1943,#1944,#1945);
#1943 = CARTESIAN_POINT('',(-5.859558719488,4.70945790858,0.));
#1944 = DIRECTION('',(0.62646255334,0.779451518225,-0.));
#1945 = DIRECTION('',(0.779451518225,-0.62646255334,0.));
#1946 = DEFINITIONAL_REPRESENTATION('',(#1947),#1951);
#1947 = LINE('',#1948,#1949);
#1948 = CARTESIAN_POINT('',(0.,0.));
#1949 = VECTOR('',#1950,1.);
#1950 = DIRECTION('',(1.,0.));
#1951 = ( GEOMETRIC_REPRESENTATION_CONTEXT(2) 
PARAMETRIC_REPRESENTATION_CONTEXT() REPRESENTATION_CONTEXT('2D SPACE',''
  ) );
#1952 = ORIENTED_EDGE('',*,*,#1953,.T.);
#1953 = EDGE_CURVE('',#1926,#1954,#1956,.T.);
#1954 = VERTEX_POINT('',#1955);
#1955 = CARTESIAN_POINT('',(-5.920149014587,3.242581632756,0.));
#1956 = SURFACE_CURVE('',#1957,(#1962,#1969),.PCURVE_S1.);
#1957 = CIRCLE('',#1958,6.75);
#1958 = AXIS2_PLACEMENT_3D('',#1959,#1960,#1961);
#1959 = CARTESIAN_POINT('',(1.314504061156E-13,-9.392486788329E-14,0.));
#1960 = DIRECTION('',(0.,0.,1.));
#1961 = DIRECTION('',(-0.779451518225,0.62646255334,0.));
#1962 = PCURVE('',#140,#1963);
#1963 = DEFINITIONAL_REPRESENTATION('',(#1964),#1968);
#1964 = CIRCLE('',#1965,6.75);
#1965 = AXIS2_PLACEMENT_2D('',#1966,#1967);
#1966 = CARTESIAN_POINT('',(1.30614878558E-13,-9.29016110326E-14));
#1967 = DIRECTION('',(-0.779451518225,0.62646255334));
#1968 = ( GEOMETRIC_REPRESENTATION_CONTEXT(2) 
PARAMETRIC_REPRESENTATION_CONTEXT() REPRESENTATION_CONTEXT('2D SPACE',''
  ) );
#1969 = PCURVE('',#1970,#1975);
#1970 = CYLINDRICAL_SURFACE('',#1971,6.75);
#1971 = AXIS2_PLACEMENT_3D('',#1972,#1973,#1974);
#1972 = CARTESIAN_POINT('',(1.314504061156E-13,-9.392486788329E-14,0.));
#1973 = DIRECTION('',(-0.,-0.,-1.));
#1974 = DIRECTION('',(-0.779451518225,0.62646255334,0.));
#1975 = DEFINITIONAL_REPRESENTATION('',(#1976),#1980);
#1976 = LINE('',#1977,#1978);
#1977 = CARTESIAN_POINT('',(-0.,0.));
#1978 = VECTOR('',#1979,1.);
#1979 = DIRECTION('',(-1.,0.));
#1980 = ( GEOMETRIC_REPRESENTATION_CONTEXT(2) 
PARAMETRIC_REPRESENTATION_CONTEXT() REPRESENTATION_CONTEXT('2D SPACE',''
  ) );
#1981 = ORIENTED_EDGE('',*,*,#1982,.T.);
#1982 = EDGE_CURVE('',#1954,#1983,#1985,.T.);
#1983 = VERTEX_POINT('',#1984);
#1984 = CARTESIAN_POINT('',(-6.593327813879,3.611294853448,0.));
#1985 = SURFACE_CURVE('',#1986,(#1990,#1997),.PCURVE_S1.);
#1986 = LINE('',#1987,#1988);
#1987 = CARTESIAN_POINT('',(-5.920149014587,3.242581632756,0.));
#1988 = VECTOR('',#1989,1.);
#1989 = DIRECTION('',(-0.877059113272,0.480382464112,0.));
#1990 = PCURVE('',#140,#1991);
#1991 = DEFINITIONAL_REPRESENTATION('',(#1992),#1996);
#1992 = LINE('',#1993,#1994);
#1993 = CARTESIAN_POINT('',(-5.920149014587,3.242581632756));
#1994 = VECTOR('',#1995,1.);
#1995 = DIRECTION('',(-0.877059113272,0.480382464112));
#1996 = ( GEOMETRIC_REPRESENTATION_CONTEXT(2) 
PARAMETRIC_REPRESENTATION_CONTEXT() REPRESENTATION_CONTEXT('2D SPACE',''
  ) );
#1997 = PCURVE('',#1998,#2003);
#1998 = PLANE('',#1999);
#1999 = AXIS2_PLACEMENT_3D('',#2000,#2001,#2002);
#2000 = CARTESIAN_POINT('',(-5.920149014587,3.242581632756,0.));
#2001 = DIRECTION('',(-0.480382464112,-0.877059113272,0.));
#2002 = DIRECTION('',(-0.877059113272,0.480382464112,0.));
#2003 = DEFINITIONAL_REPRESENTATION('',(#2004),#2008);
#2004 = LINE('',#2005,#2006);
#2005 = CARTESIAN_POINT('',(0.,0.));
#2006 = VECTOR('',#2007,1.);
#2007 = DIRECTION('',(1.,0.));
#2008 = ( GEOMETRIC_REPRESENTATION_CONTEXT(2) 
PARAMETRIC_REPRESENTATION_CONTEXT() REPRESENTATION_CONTEXT('2D SPACE',''
  ) );
#2009 = ORIENTED_EDGE('',*,*,#2010,.T.);
#2010 = EDGE_CURVE('',#1983,#2011,#2013,.T.);
#2011 = VERTEX_POINT('',#2012);
#2012 = CARTESIAN_POINT('',(-8.199367291681,3.710845727878,0.));
#2013 = SURFACE_CURVE('',#2014,(#2030,#2049),.PCURVE_S1.);
#2014 = B_SPLINE_CURVE_WITH_KNOTS('',3,(#2015,#2016,#2017,#2018,#2019,
    #2020,#2021,#2022,#2023,#2024,#2025,#2026,#2027,#2028,#2029),
  .UNSPECIFIED.,.F.,.F.,(4,1,1,1,1,1,1,1,1,1,1,1,4),(0.,0.12443872072,
    0.250991678229,0.379586472863,0.510216300037,0.642878959891,
    0.777573462559,0.914299277526,1.053056087294,1.193843686737,
    1.33666193564,1.481510733913,1.628390007606),.UNSPECIFIED.);
#2015 = CARTESIAN_POINT('',(-6.593327813879,3.611294853448,0.));
#2016 = CARTESIAN_POINT('',(-6.630953180577,3.629071639642,0.));
#2017 = CARTESIAN_POINT('',(-6.708867375217,3.659682168427,0.));
#2018 = CARTESIAN_POINT('',(-6.830953360171,3.693644935328,0.));
#2019 = CARTESIAN_POINT('',(-6.956740147456,3.720563327842,0.));
#2020 = CARTESIAN_POINT('',(-7.085849924872,3.740848213971,0.));
#2021 = CARTESIAN_POINT('',(-7.217768875232,3.755258171713,0.));
#2022 = CARTESIAN_POINT('',(-7.352210069903,3.764123098842,0.));
#2023 = CARTESIAN_POINT('',(-7.488921698829,3.767712796004,0.));
#2024 = CARTESIAN_POINT('',(-7.627700364999,3.76620690291,0.));
#2025 = CARTESIAN_POINT('',(-7.76836675039,3.759740845027,0.));
#2026 = CARTESIAN_POINT('',(-7.910760910542,3.748414057128,0.));
#2027 = CARTESIAN_POINT('',(-8.05473411164,3.732305099991,0.));
#2028 = CARTESIAN_POINT('',(-8.151010578938,3.718505928797,-0.));
#2029 = CARTESIAN_POINT('',(-8.199367291681,3.710845727878,0.));
#2030 = PCURVE('',#140,#2031);
#2031 = DEFINITIONAL_REPRESENTATION('',(#2032),#2048);
#2032 = B_SPLINE_CURVE_WITH_KNOTS('',3,(#2033,#2034,#2035,#2036,#2037,
    #2038,#2039,#2040,#2041,#2042,#2043,#2044,#2045,#2046,#2047),
  .UNSPECIFIED.,.F.,.F.,(4,1,1,1,1,1,1,1,1,1,1,1,4),(0.,0.12443872072,
    0.250991678229,0.379586472863,0.510216300037,0.642878959891,
    0.777573462559,0.914299277526,1.053056087294,1.193843686737,
    1.33666193564,1.481510733913,1.628390007606),.UNSPECIFIED.);
#2033 = CARTESIAN_POINT('',(-6.593327813879,3.611294853448));
#2034 = CARTESIAN_POINT('',(-6.630953180577,3.629071639642));
#2035 = CARTESIAN_POINT('',(-6.708867375217,3.659682168427));
#2036 = CARTESIAN_POINT('',(-6.830953360171,3.693644935328));
#2037 = CARTESIAN_POINT('',(-6.956740147456,3.720563327842));
#2038 = CARTESIAN_POINT('',(-7.085849924872,3.740848213971));
#2039 = CARTESIAN_POINT('',(-7.217768875232,3.755258171713));
#2040 = CARTESIAN_POINT('',(-7.352210069903,3.764123098842));
#2041 = CARTESIAN_POINT('',(-7.488921698829,3.767712796004));
#2042 = CARTESIAN_POINT('',(-7.627700364999,3.76620690291));
#2043 = CARTESIAN_POINT('',(-7.76836675039,3.759740845027));
#2044 = CARTESIAN_POINT('',(-7.910760910542,3.748414057128));
#2045 = CARTESIAN_POINT('',(-8.05473411164,3.732305099991));
#2046 = CARTESIAN_POINT('',(-8.151010578938,3.718505928797));
#2047 = CARTESIAN_POINT('',(-8.199367291681,3.710845727878));
#2048 = ( GEOMETRIC_REPRESENTATION_CONTEXT(2) 
PARAMETRIC_REPRESENTATION_CONTEXT() REPRESENTATION_CONTEXT('2D SPACE',''
  ) );
#2049 = PCURVE('',#2050,#2069);
#2050 = SURFACE_OF_LINEAR_EXTRUSION('',#2051,#2067);
#2051 = B_SPLINE_CURVE_WITH_KNOTS('',3,(#2052,#2053,#2054,#2055,#2056,
    #2057,#2058,#2059,#2060,#2061,#2062,#2063,#2064,#2065,#2066),
  .UNSPECIFIED.,.F.,.F.,(4,1,1,1,1,1,1,1,1,1,1,1,4),(0.,0.12443872072,
    0.250991678229,0.379586472863,0.510216300037,0.642878959891,
    0.777573462559,0.914299277526,1.053056087294,1.193843686737,
    1.33666193564,1.481510733913,1.628390007606),.UNSPECIFIED.);
#2052 = CARTESIAN_POINT('',(-6.593327813879,3.611294853448,0.));
#2053 = CARTESIAN_POINT('',(-6.630953180577,3.629071639642,0.));
#2054 = CARTESIAN_POINT('',(-6.708867375217,3.659682168427,0.));
#2055 = CARTESIAN_POINT('',(-6.830953360171,3.693644935328,0.));
#2056 = CARTESIAN_POINT('',(-6.956740147456,3.720563327842,0.));
#2057 = CARTESIAN_POINT('',(-7.085849924872,3.740848213971,0.));
#2058 = CARTESIAN_POINT('',(-7.217768875232,3.755258171713,0.));
#2059 = CARTESIAN_POINT('',(-7.352210069903,3.764123098842,0.));
#2060 = CARTESIAN_POINT('',(-7.488921698829,3.767712796004,0.));
#2061 = CARTESIAN_POINT('',(-7.627700364999,3.76620690291,0.));
#2062 = CARTESIAN_POINT('',(-7.76836675039,3.759740845027,0.));
#2063 = CARTESIAN_POINT('',(-7.910760910542,3.748414057128,0.));
#2064 = CARTESIAN_POINT('',(-8.05473411164,3.732305099991,0.));
#2065 = CARTESIAN_POINT('',(-8.151010578938,3.718505928797,-0.));
#2066 = CARTESIAN_POINT('',(-8.199367291681,3.710845727878,0.));
#2067 = VECTOR('',#2068,1.);
#2068 = DIRECTION('',(-0.,-0.,-1.));
#2069 = DEFINITIONAL_REPRESENTATION('',(#2070),#2074);
#2070 = LINE('',#2071,#2072);
#2071 = CARTESIAN_POINT('',(0.,0.));
#2072 = VECTOR('',#2073,1.);
#2073 = DIRECTION('',(1.,0.));
#2074 = ( GEOMETRIC_REPRESENTATION_CONTEXT(2) 
PARAMETRIC_REPRESENTATION_CONTEXT() REPRESENTATION_CONTEXT('2D SPACE',''
  ) );
#2075 = ORIENTED_EDGE('',*,*,#2076,.T.);
#2076 = EDGE_CURVE('',#2011,#2077,#2079,.T.);
#2077 = VERTEX_POINT('',#2078);
#2078 = CARTESIAN_POINT('',(-8.421792391506,3.173864035268,0.));
#2079 = SURFACE_CURVE('',#2080,(#2085,#2092),.PCURVE_S1.);
#2080 = CIRCLE('',#2081,9.000000000002);
#2081 = AXIS2_PLACEMENT_3D('',#2082,#2083,#2084);
#2082 = CARTESIAN_POINT('',(1.813660333028E-12,-7.303047055984E-13,0.));
#2083 = DIRECTION('',(0.,0.,1.));
#2084 = DIRECTION('',(-0.911040810187,0.412316191986,0.));
#2085 = PCURVE('',#140,#2086);
#2086 = DEFINITIONAL_REPRESENTATION('',(#2087),#2091);
#2087 = CIRCLE('',#2088,9.000000000002);
#2088 = AXIS2_PLACEMENT_2D('',#2089,#2090);
#2089 = CARTESIAN_POINT('',(1.81282480547E-12,-7.292814487477E-13));
#2090 = DIRECTION('',(-0.911040810187,0.412316191986));
#2091 = ( GEOMETRIC_REPRESENTATION_CONTEXT(2) 
PARAMETRIC_REPRESENTATION_CONTEXT() REPRESENTATION_CONTEXT('2D SPACE',''
  ) );
#2092 = PCURVE('',#2093,#2098);
#2093 = CYLINDRICAL_SURFACE('',#2094,9.000000000002);
#2094 = AXIS2_PLACEMENT_3D('',#2095,#2096,#2097);
#2095 = CARTESIAN_POINT('',(1.813660333028E-12,-7.303047055984E-13,0.));
#2096 = DIRECTION('',(-0.,-0.,-1.));
#2097 = DIRECTION('',(-0.911040810187,0.412316191986,0.));
#2098 = DEFINITIONAL_REPRESENTATION('',(#2099),#2103);
#2099 = LINE('',#2100,#2101);
#2100 = CARTESIAN_POINT('',(-0.,0.));
#2101 = VECTOR('',#2102,1.);
#2102 = DIRECTION('',(-1.,0.));
#2103 = ( GEOMETRIC_REPRESENTATION_CONTEXT(2) 
PARAMETRIC_REPRESENTATION_CONTEXT() REPRESENTATION_CONTEXT('2D SPACE',''
  ) );
#2104 = ORIENTED_EDGE('',*,*,#2105,.T.);
#2105 = EDGE_CURVE('',#2077,#2106,#2108,.T.);
#2106 = VERTEX_POINT('',#2107);
#2107 = CARTESIAN_POINT('',(-7.215757887517,2.108615728042,0.));
#2108 = SURFACE_CURVE('',#2109,(#2125,#2144),.PCURVE_S1.);
#2109 = B_SPLINE_CURVE_WITH_KNOTS('',3,(#2110,#2111,#2112,#2113,#2114,
    #2115,#2116,#2117,#2118,#2119,#2120,#2121,#2122,#2123,#2124),
  .UNSPECIFIED.,.F.,.F.,(4,1,1,1,1,1,1,1,1,1,1,1,4),(0.,0.146879273693,
    0.291728071966,0.434546320869,0.575333920312,0.71409073008,
    0.850816545047,0.985511047715,1.118173707569,1.248803534744,
    1.377398329377,1.503951286886,1.628390007606),.UNSPECIFIED.);
#2110 = CARTESIAN_POINT('',(-8.421792391506,3.173864035268,0.));
#2111 = CARTESIAN_POINT('',(-8.393015612025,3.134254095756,0.));
#2112 = CARTESIAN_POINT('',(-8.334695356656,3.056418865334,0.));
#2113 = CARTESIAN_POINT('',(-8.24428168268,2.9432236857,0.));
#2114 = CARTESIAN_POINT('',(-8.151603054968,2.834526560922,0.));
#2115 = CARTESIAN_POINT('',(-8.05670909335,2.730488212551,0.));
#2116 = CARTESIAN_POINT('',(-7.959642584635,2.631292049399,0.));
#2117 = CARTESIAN_POINT('',(-7.860434565549,2.537160628724,0.));
#2118 = CARTESIAN_POINT('',(-7.759101835039,2.448364798389,0.));
#2119 = CARTESIAN_POINT('',(-7.655631671836,2.365273392859,0.));
#2120 = CARTESIAN_POINT('',(-7.549993692169,2.288322574268,0.));
#2121 = CARTESIAN_POINT('',(-7.442014824012,2.21841206188,0.));
#2122 = CARTESIAN_POINT('',(-7.33167169338,2.156099536815,0.));
#2123 = CARTESIAN_POINT('',(-7.254933125519,2.122650793914,-0.));
#2124 = CARTESIAN_POINT('',(-7.215757887517,2.108615728042,0.));
#2125 = PCURVE('',#140,#2126);
#2126 = DEFINITIONAL_REPRESENTATION('',(#2127),#2143);
#2127 = B_SPLINE_CURVE_WITH_KNOTS('',3,(#2128,#2129,#2130,#2131,#2132,
    #2133,#2134,#2135,#2136,#2137,#2138,#2139,#2140,#2141,#2142),
  .UNSPECIFIED.,.F.,.F.,(4,1,1,1,1,1,1,1,1,1,1,1,4),(0.,0.146879273693,
    0.291728071966,0.434546320869,0.575333920312,0.71409073008,
    0.850816545047,0.985511047715,1.118173707569,1.248803534744,
    1.377398329377,1.503951286886,1.628390007606),.UNSPECIFIED.);
#2128 = CARTESIAN_POINT('',(-8.421792391506,3.173864035268));
#2129 = CARTESIAN_POINT('',(-8.393015612025,3.134254095756));
#2130 = CARTESIAN_POINT('',(-8.334695356656,3.056418865334));
#2131 = CARTESIAN_POINT('',(-8.24428168268,2.9432236857));
#2132 = CARTESIAN_POINT('',(-8.151603054968,2.834526560922));
#2133 = CARTESIAN_POINT('',(-8.05670909335,2.730488212551));
#2134 = CARTESIAN_POINT('',(-7.959642584635,2.631292049399));
#2135 = CARTESIAN_POINT('',(-7.860434565549,2.537160628724));
#2136 = CARTESIAN_POINT('',(-7.759101835039,2.448364798389));
#2137 = CARTESIAN_POINT('',(-7.655631671836,2.365273392859));
#2138 = CARTESIAN_POINT('',(-7.549993692169,2.288322574268));
#2139 = CARTESIAN_POINT('',(-7.442014824012,2.21841206188));
#2140 = CARTESIAN_POINT('',(-7.33167169338,2.156099536815));
#2141 = CARTESIAN_POINT('',(-7.254933125519,2.122650793914));
#2142 = CARTESIAN_POINT('',(-7.215757887517,2.108615728042));
#2143 = ( GEOMETRIC_REPRESENTATION_CONTEXT(2) 
PARAMETRIC_REPRESENTATION_CONTEXT() REPRESENTATION_CONTEXT('2D SPACE',''
  ) );
#2144 = PCURVE('',#2145,#2164);
#2145 = SURFACE_OF_LINEAR_EXTRUSION('',#2146,#2162);
#2146 = B_SPLINE_CURVE_WITH_KNOTS('',3,(#2147,#2148,#2149,#2150,#2151,
    #2152,#2153,#2154,#2155,#2156,#2157,#2158,#2159,#2160,#2161),
  .UNSPECIFIED.,.F.,.F.,(4,1,1,1,1,1,1,1,1,1,1,1,4),(0.,0.146879273693,
    0.291728071966,0.434546320869,0.575333920312,0.71409073008,
    0.850816545047,0.985511047715,1.118173707569,1.248803534744,
    1.377398329377,1.503951286886,1.628390007606),.UNSPECIFIED.);
#2147 = CARTESIAN_POINT('',(-8.421792391506,3.173864035268,0.));
#2148 = CARTESIAN_POINT('',(-8.393015612025,3.134254095756,0.));
#2149 = CARTESIAN_POINT('',(-8.334695356656,3.056418865334,0.));
#2150 = CARTESIAN_POINT('',(-8.24428168268,2.9432236857,0.));
#2151 = CARTESIAN_POINT('',(-8.151603054968,2.834526560922,0.));
#2152 = CARTESIAN_POINT('',(-8.05670909335,2.730488212551,0.));
#2153 = CARTESIAN_POINT('',(-7.959642584635,2.631292049399,0.));
#2154 = CARTESIAN_POINT('',(-7.860434565549,2.537160628724,0.));
#2155 = CARTESIAN_POINT('',(-7.759101835039,2.448364798389,0.));
#2156 = CARTESIAN_POINT('',(-7.655631671836,2.365273392859,0.));
#2157 = CARTESIAN_POINT('',(-7.549993692169,2.288322574268,0.));
#2158 = CARTESIAN_POINT('',(-7.442014824012,2.21841206188,0.));
#2159 = CARTESIAN_POINT('',(-7.33167169338,2.156099536815,0.));
#2160 = CARTESIAN_POINT('',(-7.254933125519,2.122650793914,-0.));
#2161 = CARTESIAN_POINT('',(-7.215757887517,2.108615728042,0.));
#2162 = VECTOR('',#2163,1.);
#2163 = DIRECTION('',(-0.,-0.,-1.));
#2164 = DEFINITIONAL_REPRESENTATION('',(#2165),#2169);
#2165 = LINE('',#2166,#2167);
#2166 = CARTESIAN_POINT('',(0.,0.));
#2167 = VECTOR('',#2168,1.);
#2168 = DIRECTION('',(1.,0.));
#2169 = ( GEOMETRIC_REPRESENTATION_CONTEXT(2) 
PARAMETRIC_REPRESENTATION_CONTEXT() REPRESENTATION_CONTEXT('2D SPACE',''
  ) );
#2170 = ORIENTED_EDGE('',*,*,#2171,.T.);
#2171 = EDGE_CURVE('',#2106,#2172,#2174,.T.);
#2172 = VERTEX_POINT('',#2173);
#2173 = CARTESIAN_POINT('',(-6.479028974922,1.893326052776,0.));
#2174 = SURFACE_CURVE('',#2175,(#2179,#2186),.PCURVE_S1.);
#2175 = LINE('',#2176,#2177);
#2176 = CARTESIAN_POINT('',(-7.215757887517,2.108615728042,0.));
#2177 = VECTOR('',#2178,1.);
#2178 = DIRECTION('',(0.959856144433,-0.280492748559,0.));
#2179 = PCURVE('',#140,#2180);
#2180 = DEFINITIONAL_REPRESENTATION('',(#2181),#2185);
#2181 = LINE('',#2182,#2183);
#2182 = CARTESIAN_POINT('',(-7.215757887517,2.108615728042));
#2183 = VECTOR('',#2184,1.);
#2184 = DIRECTION('',(0.959856144433,-0.280492748559));
#2185 = ( GEOMETRIC_REPRESENTATION_CONTEXT(2) 
PARAMETRIC_REPRESENTATION_CONTEXT() REPRESENTATION_CONTEXT('2D SPACE',''
  ) );
#2186 = PCURVE('',#2187,#2192);
#2187 = PLANE('',#2188);
#2188 = AXIS2_PLACEMENT_3D('',#2189,#2190,#2191);
#2189 = CARTESIAN_POINT('',(-7.215757887517,2.108615728042,0.));
#2190 = DIRECTION('',(0.280492748559,0.959856144433,-0.));
#2191 = DIRECTION('',(0.959856144433,-0.280492748559,0.));
#2192 = DEFINITIONAL_REPRESENTATION('',(#2193),#2197);
#2193 = LINE('',#2194,#2195);
#2194 = CARTESIAN_POINT('',(0.,0.));
#2195 = VECTOR('',#2196,1.);
#2196 = DIRECTION('',(1.,0.));
#2197 = ( GEOMETRIC_REPRESENTATION_CONTEXT(2) 
PARAMETRIC_REPRESENTATION_CONTEXT() REPRESENTATION_CONTEXT('2D SPACE',''
  ) );
#2198 = ORIENTED_EDGE('',*,*,#2199,.T.);
#2199 = EDGE_CURVE('',#2172,#2200,#2202,.T.);
#2200 = VERTEX_POINT('',#2201);
#2201 = CARTESIAN_POINT('',(-6.710386772941,0.730211857986,0.));
#2202 = SURFACE_CURVE('',#2203,(#2208,#2215),.PCURVE_S1.);
#2203 = CIRCLE('',#2204,6.75);
#2204 = AXIS2_PLACEMENT_3D('',#2205,#2206,#2207);
#2205 = CARTESIAN_POINT('',(3.046451979571E-13,-6.095124405192E-14,0.));
#2206 = DIRECTION('',(0.,0.,1.));
#2207 = DIRECTION('',(-0.959856144433,0.280492748559,0.));
#2208 = PCURVE('',#140,#2209);
#2209 = DEFINITIONAL_REPRESENTATION('',(#2210),#2214);
#2210 = CIRCLE('',#2211,6.75);
#2211 = AXIS2_PLACEMENT_2D('',#2212,#2213);
#2212 = CARTESIAN_POINT('',(3.038096703995E-13,-5.992798720124E-14));
#2213 = DIRECTION('',(-0.959856144433,0.280492748559));
#2214 = ( GEOMETRIC_REPRESENTATION_CONTEXT(2) 
PARAMETRIC_REPRESENTATION_CONTEXT() REPRESENTATION_CONTEXT('2D SPACE',''
  ) );
#2215 = PCURVE('',#2216,#2221);
#2216 = CYLINDRICAL_SURFACE('',#2217,6.75);
#2217 = AXIS2_PLACEMENT_3D('',#2218,#2219,#2220);
#2218 = CARTESIAN_POINT('',(3.046451979571E-13,-6.095124405192E-14,0.));
#2219 = DIRECTION('',(-0.,-0.,-1.));
#2220 = DIRECTION('',(-0.959856144433,0.280492748559,0.));
#2221 = DEFINITIONAL_REPRESENTATION('',(#2222),#2226);
#2222 = LINE('',#2223,#2224);
#2223 = CARTESIAN_POINT('',(-0.,0.));
#2224 = VECTOR('',#2225,1.);
#2225 = DIRECTION('',(-1.,0.));
#2226 = ( GEOMETRIC_REPRESENTATION_CONTEXT(2) 
PARAMETRIC_REPRESENTATION_CONTEXT() REPRESENTATION_CONTEXT('2D SPACE',''
  ) );
#2227 = ORIENTED_EDGE('',*,*,#2228,.T.);
#2228 = EDGE_CURVE('',#2200,#2229,#2231,.T.);
#2229 = VERTEX_POINT('',#2230);
#2230 = CARTESIAN_POINT('',(-7.47342332818,0.813244082441,0.));
#2231 = SURFACE_CURVE('',#2232,(#2236,#2243),.PCURVE_S1.);
#2232 = LINE('',#2233,#2234);
#2233 = CARTESIAN_POINT('',(-6.710386772941,0.730211857986,0.));
#2234 = VECTOR('',#2235,1.);
#2235 = DIRECTION('',(-0.994131373769,0.108179534516,0.));
#2236 = PCURVE('',#140,#2237);
#2237 = DEFINITIONAL_REPRESENTATION('',(#2238),#2242);
#2238 = LINE('',#2239,#2240);
#2239 = CARTESIAN_POINT('',(-6.710386772941,0.730211857986));
#2240 = VECTOR('',#2241,1.);
#2241 = DIRECTION('',(-0.994131373769,0.108179534516));
#2242 = ( GEOMETRIC_REPRESENTATION_CONTEXT(2) 
PARAMETRIC_REPRESENTATION_CONTEXT() REPRESENTATION_CONTEXT('2D SPACE',''
  ) );
#2243 = PCURVE('',#2244,#2249);
#2244 = PLANE('',#2245);
#2245 = AXIS2_PLACEMENT_3D('',#2246,#2247,#2248);
#2246 = CARTESIAN_POINT('',(-6.710386772941,0.730211857986,0.));
#2247 = DIRECTION('',(-0.108179534516,-0.994131373769,0.));
#2248 = DIRECTION('',(-0.994131373769,0.108179534516,0.));
#2249 = DEFINITIONAL_REPRESENTATION('',(#2250),#2254);
#2250 = LINE('',#2251,#2252);
#2251 = CARTESIAN_POINT('',(0.,0.));
#2252 = VECTOR('',#2253,1.);
#2253 = DIRECTION('',(1.,0.));
#2254 = ( GEOMETRIC_REPRESENTATION_CONTEXT(2) 
PARAMETRIC_REPRESENTATION_CONTEXT() REPRESENTATION_CONTEXT('2D SPACE',''
  ) );
#2255 = ORIENTED_EDGE('',*,*,#2256,.T.);
#2256 = EDGE_CURVE('',#2229,#2257,#2259,.T.);
#2257 = VERTEX_POINT('',#2258);
#2258 = CARTESIAN_POINT('',(-8.995306800448,0.29061239789,0.));
#2259 = SURFACE_CURVE('',#2260,(#2276,#2295),.PCURVE_S1.);
#2260 = B_SPLINE_CURVE_WITH_KNOTS('',3,(#2261,#2262,#2263,#2264,#2265,
    #2266,#2267,#2268,#2269,#2270,#2271,#2272,#2273,#2274,#2275),
  .UNSPECIFIED.,.F.,.F.,(4,1,1,1,1,1,1,1,1,1,1,1,4),(0.,0.12443872072,
    0.250991678229,0.379586472863,0.510216300037,0.642878959891,
    0.777573462559,0.914299277526,1.053056087294,1.193843686737,
    1.33666193564,1.481510733913,1.628390007606),.UNSPECIFIED.);
#2261 = CARTESIAN_POINT('',(-7.47342332818,0.813244082441,0.));
#2262 = CARTESIAN_POINT('',(-7.514987515933,0.815269086887,0.));
#2263 = CARTESIAN_POINT('',(-7.598684987875,0.813733056476,0.));
#2264 = CARTESIAN_POINT('',(-7.72447471879,0.798390277918,0.));
#2265 = CARTESIAN_POINT('',(-7.850987779864,0.775123110305,0.));
#2266 = CARTESIAN_POINT('',(-7.978032350515,0.744455728645,0.));
#2267 = CARTESIAN_POINT('',(-8.105424020793,0.70728559695,0.));
#2268 = CARTESIAN_POINT('',(-8.233023949617,0.664027303853,0.));
#2269 = CARTESIAN_POINT('',(-8.360702743068,0.615026476188,0.));
#2270 = CARTESIAN_POINT('',(-8.488341231955,0.560526916071,0.));
#2271 = CARTESIAN_POINT('',(-8.615825573105,0.500722362357,0.));
#2272 = CARTESIAN_POINT('',(-8.743046049147,0.435765888892,0.));
#2273 = CARTESIAN_POINT('',(-8.869895311863,0.365786994339,0.));
#2274 = CARTESIAN_POINT('',(-8.953562455266,0.316194813545,-0.));
#2275 = CARTESIAN_POINT('',(-8.995306800448,0.29061239789,0.));
#2276 = PCURVE('',#140,#2277);
#2277 = DEFINITIONAL_REPRESENTATION('',(#2278),#2294);
#2278 = B_SPLINE_CURVE_WITH_KNOTS('',3,(#2279,#2280,#2281,#2282,#2283,
    #2284,#2285,#2286,#2287,#2288,#2289,#2290,#2291,#2292,#2293),
  .UNSPECIFIED.,.F.,.F.,(4,1,1,1,1,1,1,1,1,1,1,1,4),(0.,0.12443872072,
    0.250991678229,0.379586472863,0.510216300037,0.642878959891,
    0.777573462559,0.914299277526,1.053056087294,1.193843686737,
    1.33666193564,1.481510733913,1.628390007606),.UNSPECIFIED.);
#2279 = CARTESIAN_POINT('',(-7.47342332818,0.813244082441));
#2280 = CARTESIAN_POINT('',(-7.514987515933,0.815269086887));
#2281 = CARTESIAN_POINT('',(-7.598684987875,0.813733056476));
#2282 = CARTESIAN_POINT('',(-7.72447471879,0.798390277918));
#2283 = CARTESIAN_POINT('',(-7.850987779864,0.775123110305));
#2284 = CARTESIAN_POINT('',(-7.978032350515,0.744455728645));
#2285 = CARTESIAN_POINT('',(-8.105424020793,0.70728559695));
#2286 = CARTESIAN_POINT('',(-8.233023949617,0.664027303853));
#2287 = CARTESIAN_POINT('',(-8.360702743068,0.615026476188));
#2288 = CARTESIAN_POINT('',(-8.488341231955,0.560526916071));
#2289 = CARTESIAN_POINT('',(-8.615825573105,0.500722362357));
#2290 = CARTESIAN_POINT('',(-8.743046049147,0.435765888892));
#2291 = CARTESIAN_POINT('',(-8.869895311863,0.365786994339));
#2292 = CARTESIAN_POINT('',(-8.953562455266,0.316194813545));
#2293 = CARTESIAN_POINT('',(-8.995306800448,0.29061239789));
#2294 = ( GEOMETRIC_REPRESENTATION_CONTEXT(2) 
PARAMETRIC_REPRESENTATION_CONTEXT() REPRESENTATION_CONTEXT('2D SPACE',''
  ) );
#2295 = PCURVE('',#2296,#2315);
#2296 = SURFACE_OF_LINEAR_EXTRUSION('',#2297,#2313);
#2297 = B_SPLINE_CURVE_WITH_KNOTS('',3,(#2298,#2299,#2300,#2301,#2302,
    #2303,#2304,#2305,#2306,#2307,#2308,#2309,#2310,#2311,#2312),
  .UNSPECIFIED.,.F.,.F.,(4,1,1,1,1,1,1,1,1,1,1,1,4),(0.,0.12443872072,
    0.250991678229,0.379586472863,0.510216300037,0.642878959891,
    0.777573462559,0.914299277526,1.053056087294,1.193843686737,
    1.33666193564,1.481510733913,1.628390007606),.UNSPECIFIED.);
#2298 = CARTESIAN_POINT('',(-7.47342332818,0.813244082441,0.));
#2299 = CARTESIAN_POINT('',(-7.514987515933,0.815269086887,0.));
#2300 = CARTESIAN_POINT('',(-7.598684987875,0.813733056476,0.));
#2301 = CARTESIAN_POINT('',(-7.72447471879,0.798390277918,0.));
#2302 = CARTESIAN_POINT('',(-7.850987779864,0.775123110305,0.));
#2303 = CARTESIAN_POINT('',(-7.978032350515,0.744455728645,0.));
#2304 = CARTESIAN_POINT('',(-8.105424020793,0.70728559695,0.));
#2305 = CARTESIAN_POINT('',(-8.233023949617,0.664027303853,0.));
#2306 = CARTESIAN_POINT('',(-8.360702743068,0.615026476188,0.));
#2307 = CARTESIAN_POINT('',(-8.488341231955,0.560526916071,0.));
#2308 = CARTESIAN_POINT('',(-8.615825573105,0.500722362357,0.));
#2309 = CARTESIAN_POINT('',(-8.743046049147,0.435765888892,0.));
#2310 = CARTESIAN_POINT('',(-8.869895311863,0.365786994339,0.));
#2311 = CARTESIAN_POINT('',(-8.953562455266,0.316194813545,-0.));
#2312 = CARTESIAN_POINT('',(-8.995306800448,0.29061239789,0.));
#2313 = VECTOR('',#2314,1.);
#2314 = DIRECTION('',(-0.,-0.,-1.));
#2315 = DEFINITIONAL_REPRESENTATION('',(#2316),#2320);
#2316 = LINE('',#2317,#2318);
#2317 = CARTESIAN_POINT('',(0.,0.));
#2318 = VECTOR('',#2319,1.);
#2319 = DIRECTION('',(1.,0.));
#2320 = ( GEOMETRIC_REPRESENTATION_CONTEXT(2) 
PARAMETRIC_REPRESENTATION_CONTEXT() REPRESENTATION_CONTEXT('2D SPACE',''
  ) );
#2321 = ORIENTED_EDGE('',*,*,#2322,.T.);
#2322 = EDGE_CURVE('',#2257,#2323,#2325,.T.);
#2323 = VERTEX_POINT('',#2324);
#2324 = CARTESIAN_POINT('',(-8.995306800448,-0.29061239789,0.));
#2325 = SURFACE_CURVE('',#2326,(#2331,#2338),.PCURVE_S1.);
#2326 = CIRCLE('',#2327,8.999999999997);
#2327 = AXIS2_PLACEMENT_3D('',#2328,#2329,#2330);
#2328 = CARTESIAN_POINT('',(-3.011813021203E-12,1.096345236817E-15,0.));
#2329 = DIRECTION('',(0.,0.,1.));
#2330 = DIRECTION('',(-0.999478533383,3.229026643227E-02,0.));
#2331 = PCURVE('',#140,#2332);
#2332 = DEFINITIONAL_REPRESENTATION('',(#2333),#2337);
#2333 = CIRCLE('',#2334,8.999999999997);
#2334 = AXIS2_PLACEMENT_2D('',#2335,#2336);
#2335 = CARTESIAN_POINT('',(-3.012648548761E-12,2.119602087502E-15));
#2336 = DIRECTION('',(-0.999478533383,3.229026643227E-02));
#2337 = ( GEOMETRIC_REPRESENTATION_CONTEXT(2) 
PARAMETRIC_REPRESENTATION_CONTEXT() REPRESENTATION_CONTEXT('2D SPACE',''
  ) );
#2338 = PCURVE('',#2339,#2344);
#2339 = CYLINDRICAL_SURFACE('',#2340,8.999999999997);
#2340 = AXIS2_PLACEMENT_3D('',#2341,#2342,#2343);
#2341 = CARTESIAN_POINT('',(-3.011813021203E-12,1.096345236817E-15,0.));
#2342 = DIRECTION('',(-0.,-0.,-1.));
#2343 = DIRECTION('',(-0.999478533383,3.229026643227E-02,0.));
#2344 = DEFINITIONAL_REPRESENTATION('',(#2345),#2349);
#2345 = LINE('',#2346,#2347);
#2346 = CARTESIAN_POINT('',(-0.,0.));
#2347 = VECTOR('',#2348,1.);
#2348 = DIRECTION('',(-1.,0.));
#2349 = ( GEOMETRIC_REPRESENTATION_CONTEXT(2) 
PARAMETRIC_REPRESENTATION_CONTEXT() REPRESENTATION_CONTEXT('2D SPACE',''
  ) );
#2350 = ORIENTED_EDGE('',*,*,#2351,.T.);
#2351 = EDGE_CURVE('',#2323,#2352,#2354,.T.);
#2352 = VERTEX_POINT('',#2353);
#2353 = CARTESIAN_POINT('',(-7.47342332818,-0.813244082441,0.));
#2354 = SURFACE_CURVE('',#2355,(#2371,#2390),.PCURVE_S1.);
#2355 = B_SPLINE_CURVE_WITH_KNOTS('',3,(#2356,#2357,#2358,#2359,#2360,
    #2361,#2362,#2363,#2364,#2365,#2366,#2367,#2368,#2369,#2370),
  .UNSPECIFIED.,.F.,.F.,(4,1,1,1,1,1,1,1,1,1,1,1,4),(0.,0.146879273693,
    0.291728071966,0.434546320869,0.575333920312,0.71409073008,
    0.850816545047,0.985511047715,1.118173707569,1.248803534744,
    1.377398329377,1.503951286886,1.628390007606),.UNSPECIFIED.);
#2356 = CARTESIAN_POINT('',(-8.995306800448,-0.29061239789,0.));
#2357 = CARTESIAN_POINT('',(-8.953562455266,-0.316194813545,0.));
#2358 = CARTESIAN_POINT('',(-8.869895311863,-0.365786994339,0.));
#2359 = CARTESIAN_POINT('',(-8.743046049147,-0.435765888892,0.));
#2360 = CARTESIAN_POINT('',(-8.615825573105,-0.500722362357,0.));
#2361 = CARTESIAN_POINT('',(-8.488341231955,-0.560526916071,0.));
#2362 = CARTESIAN_POINT('',(-8.360702743068,-0.615026476188,0.));
#2363 = CARTESIAN_POINT('',(-8.233023949617,-0.664027303853,0.));
#2364 = CARTESIAN_POINT('',(-8.105424020793,-0.70728559695,0.));
#2365 = CARTESIAN_POINT('',(-7.978032350515,-0.744455728645,0.));
#2366 = CARTESIAN_POINT('',(-7.850987779864,-0.775123110305,0.));
#2367 = CARTESIAN_POINT('',(-7.72447471879,-0.798390277918,0.));
#2368 = CARTESIAN_POINT('',(-7.598684987875,-0.813733056476,0.));
#2369 = CARTESIAN_POINT('',(-7.514987515933,-0.815269086887,-0.));
#2370 = CARTESIAN_POINT('',(-7.47342332818,-0.813244082441,0.));
#2371 = PCURVE('',#140,#2372);
#2372 = DEFINITIONAL_REPRESENTATION('',(#2373),#2389);
#2373 = B_SPLINE_CURVE_WITH_KNOTS('',3,(#2374,#2375,#2376,#2377,#2378,
    #2379,#2380,#2381,#2382,#2383,#2384,#2385,#2386,#2387,#2388),
  .UNSPECIFIED.,.F.,.F.,(4,1,1,1,1,1,1,1,1,1,1,1,4),(0.,0.146879273693,
    0.291728071966,0.434546320869,0.575333920312,0.71409073008,
    0.850816545047,0.985511047715,1.118173707569,1.248803534744,
    1.377398329377,1.503951286886,1.628390007606),.UNSPECIFIED.);
#2374 = CARTESIAN_POINT('',(-8.995306800448,-0.29061239789));
#2375 = CARTESIAN_POINT('',(-8.953562455266,-0.316194813545));
#2376 = CARTESIAN_POINT('',(-8.869895311863,-0.365786994339));
#2377 = CARTESIAN_POINT('',(-8.743046049147,-0.435765888892));
#2378 = CARTESIAN_POINT('',(-8.615825573105,-0.500722362357));
#2379 = CARTESIAN_POINT('',(-8.488341231955,-0.560526916071));
#2380 = CARTESIAN_POINT('',(-8.360702743068,-0.615026476188));
#2381 = CARTESIAN_POINT('',(-8.233023949617,-0.664027303853));
#2382 = CARTESIAN_POINT('',(-8.105424020793,-0.70728559695));
#2383 = CARTESIAN_POINT('',(-7.978032350515,-0.744455728645));
#2384 = CARTESIAN_POINT('',(-7.850987779864,-0.775123110305));
#2385 = CARTESIAN_POINT('',(-7.72447471879,-0.798390277918));
#2386 = CARTESIAN_POINT('',(-7.598684987875,-0.813733056476));
#2387 = CARTESIAN_POINT('',(-7.514987515933,-0.815269086887));
#2388 = CARTESIAN_POINT('',(-7.47342332818,-0.813244082441));
#2389 = ( GEOMETRIC_REPRESENTATION_CONTEXT(2) 
PARAMETRIC_REPRESENTATION_CONTEXT() REPRESENTATION_CONTEXT('2D SPACE',''
  ) );
#2390 = PCURVE('',#2391,#2410);
#2391 = SURFACE_OF_LINEAR_EXTRUSION('',#2392,#2408);
#2392 = B_SPLINE_CURVE_WITH_KNOTS('',3,(#2393,#2394,#2395,#2396,#2397,
    #2398,#2399,#2400,#2401,#2402,#2403,#2404,#2405,#2406,#2407),
  .UNSPECIFIED.,.F.,.F.,(4,1,1,1,1,1,1,1,1,1,1,1,4),(0.,0.146879273693,
    0.291728071966,0.434546320869,0.575333920312,0.71409073008,
    0.850816545047,0.985511047715,1.118173707569,1.248803534744,
    1.377398329377,1.503951286886,1.628390007606),.UNSPECIFIED.);
#2393 = CARTESIAN_POINT('',(-8.995306800448,-0.29061239789,0.));
#2394 = CARTESIAN_POINT('',(-8.953562455266,-0.316194813545,0.));
#2395 = CARTESIAN_POINT('',(-8.869895311863,-0.365786994339,0.));
#2396 = CARTESIAN_POINT('',(-8.743046049147,-0.435765888892,0.));
#2397 = CARTESIAN_POINT('',(-8.615825573105,-0.500722362357,0.));
#2398 = CARTESIAN_POINT('',(-8.488341231955,-0.560526916071,0.));
#2399 = CARTESIAN_POINT('',(-8.360702743068,-0.615026476188,0.));
#2400 = CARTESIAN_POINT('',(-8.233023949617,-0.664027303853,0.));
#2401 = CARTESIAN_POINT('',(-8.105424020793,-0.70728559695,0.));
#2402 = CARTESIAN_POINT('',(-7.978032350515,-0.744455728645,0.));
#2403 = CARTESIAN_POINT('',(-7.850987779864,-0.775123110305,0.));
#2404 = CARTESIAN_POINT('',(-7.72447471879,-0.798390277918,0.));
#2405 = CARTESIAN_POINT('',(-7.598684987875,-0.813733056476,0.));
#2406 = CARTESIAN_POINT('',(-7.514987515933,-0.815269086887,-0.));
#2407 = CARTESIAN_POINT('',(-7.47342332818,-0.813244082441,0.));
#2408 = VECTOR('',#2409,1.);
#2409 = DIRECTION('',(-0.,-0.,-1.));
#2410 = DEFINITIONAL_REPRESENTATION('',(#2411),#2415);
#2411 = LINE('',#2412,#2413);
#2412 = CARTESIAN_POINT('',(0.,0.));
#2413 = VECTOR('',#2414,1.);
#2414 = DIRECTION('',(1.,0.));
#2415 = ( GEOMETRIC_REPRESENTATION_CONTEXT(2) 
PARAMETRIC_REPRESENTATION_CONTEXT() REPRESENTATION_CONTEXT('2D SPACE',''
  ) );
#2416 = ORIENTED_EDGE('',*,*,#2417,.T.);
#2417 = EDGE_CURVE('',#2352,#2418,#2420,.T.);
#2418 = VERTEX_POINT('',#2419);
#2419 = CARTESIAN_POINT('',(-6.710386772941,-0.730211857986,0.));
#2420 = SURFACE_CURVE('',#2421,(#2425,#2432),.PCURVE_S1.);
#2421 = LINE('',#2422,#2423);
#2422 = CARTESIAN_POINT('',(-7.47342332818,-0.813244082441,0.));
#2423 = VECTOR('',#2424,1.);
#2424 = DIRECTION('',(0.994131373769,0.108179534516,0.));
#2425 = PCURVE('',#140,#2426);
#2426 = DEFINITIONAL_REPRESENTATION('',(#2427),#2431);
#2427 = LINE('',#2428,#2429);
#2428 = CARTESIAN_POINT('',(-7.47342332818,-0.813244082441));
#2429 = VECTOR('',#2430,1.);
#2430 = DIRECTION('',(0.994131373769,0.108179534516));
#2431 = ( GEOMETRIC_REPRESENTATION_CONTEXT(2) 
PARAMETRIC_REPRESENTATION_CONTEXT() REPRESENTATION_CONTEXT('2D SPACE',''
  ) );
#2432 = PCURVE('',#2433,#2438);
#2433 = PLANE('',#2434);
#2434 = AXIS2_PLACEMENT_3D('',#2435,#2436,#2437);
#2435 = CARTESIAN_POINT('',(-7.47342332818,-0.813244082441,0.));
#2436 = DIRECTION('',(-0.108179534516,0.994131373769,0.));
#2437 = DIRECTION('',(0.994131373769,0.108179534516,0.));
#2438 = DEFINITIONAL_REPRESENTATION('',(#2439),#2443);
#2439 = LINE('',#2440,#2441);
#2440 = CARTESIAN_POINT('',(0.,0.));
#2441 = VECTOR('',#2442,1.);
#2442 = DIRECTION('',(1.,0.));
#2443 = ( GEOMETRIC_REPRESENTATION_CONTEXT(2) 
PARAMETRIC_REPRESENTATION_CONTEXT() REPRESENTATION_CONTEXT('2D SPACE',''
  ) );
#2444 = ORIENTED_EDGE('',*,*,#2445,.T.);
#2445 = EDGE_CURVE('',#2418,#2446,#2448,.T.);
#2446 = VERTEX_POINT('',#2447);
#2447 = CARTESIAN_POINT('',(-6.479028974922,-1.893326052776,0.));
#2448 = SURFACE_CURVE('',#2449,(#2454,#2461),.PCURVE_S1.);
#2449 = CIRCLE('',#2450,6.75);
#2450 = AXIS2_PLACEMENT_3D('',#2451,#2452,#2453);
#2451 = CARTESIAN_POINT('',(3.099742684753E-13,6.394884621841E-14,0.));
#2452 = DIRECTION('',(0.,0.,1.));
#2453 = DIRECTION('',(-0.994131373769,-0.108179534516,0.));
#2454 = PCURVE('',#140,#2455);
#2455 = DEFINITIONAL_REPRESENTATION('',(#2456),#2460);
#2456 = CIRCLE('',#2457,6.75);
#2457 = AXIS2_PLACEMENT_2D('',#2458,#2459);
#2458 = CARTESIAN_POINT('',(3.091387409177E-13,6.497210306909E-14));
#2459 = DIRECTION('',(-0.994131373769,-0.108179534516));
#2460 = ( GEOMETRIC_REPRESENTATION_CONTEXT(2) 
PARAMETRIC_REPRESENTATION_CONTEXT() REPRESENTATION_CONTEXT('2D SPACE',''
  ) );
#2461 = PCURVE('',#2462,#2467);
#2462 = CYLINDRICAL_SURFACE('',#2463,6.75);
#2463 = AXIS2_PLACEMENT_3D('',#2464,#2465,#2466);
#2464 = CARTESIAN_POINT('',(3.099742684753E-13,6.394884621841E-14,0.));
#2465 = DIRECTION('',(-0.,-0.,-1.));
#2466 = DIRECTION('',(-0.994131373769,-0.108179534516,0.));
#2467 = DEFINITIONAL_REPRESENTATION('',(#2468),#2472);
#2468 = LINE('',#2469,#2470);
#2469 = CARTESIAN_POINT('',(-0.,0.));
#2470 = VECTOR('',#2471,1.);
#2471 = DIRECTION('',(-1.,0.));
#2472 = ( GEOMETRIC_REPRESENTATION_CONTEXT(2) 
PARAMETRIC_REPRESENTATION_CONTEXT() REPRESENTATION_CONTEXT('2D SPACE',''
  ) );
#2473 = ORIENTED_EDGE('',*,*,#2474,.T.);
#2474 = EDGE_CURVE('',#2446,#2475,#2477,.T.);
#2475 = VERTEX_POINT('',#2476);
#2476 = CARTESIAN_POINT('',(-7.215757887517,-2.108615728042,0.));
#2477 = SURFACE_CURVE('',#2478,(#2482,#2489),.PCURVE_S1.);
#2478 = LINE('',#2479,#2480);
#2479 = CARTESIAN_POINT('',(-6.479028974922,-1.893326052776,0.));
#2480 = VECTOR('',#2481,1.);
#2481 = DIRECTION('',(-0.959856144433,-0.280492748559,0.));
#2482 = PCURVE('',#140,#2483);
#2483 = DEFINITIONAL_REPRESENTATION('',(#2484),#2488);
#2484 = LINE('',#2485,#2486);
#2485 = CARTESIAN_POINT('',(-6.479028974922,-1.893326052776));
#2486 = VECTOR('',#2487,1.);
#2487 = DIRECTION('',(-0.959856144433,-0.280492748559));
#2488 = ( GEOMETRIC_REPRESENTATION_CONTEXT(2) 
PARAMETRIC_REPRESENTATION_CONTEXT() REPRESENTATION_CONTEXT('2D SPACE',''
  ) );
#2489 = PCURVE('',#2490,#2495);
#2490 = PLANE('',#2491);
#2491 = AXIS2_PLACEMENT_3D('',#2492,#2493,#2494);
#2492 = CARTESIAN_POINT('',(-6.479028974922,-1.893326052776,0.));
#2493 = DIRECTION('',(0.280492748559,-0.959856144433,0.));
#2494 = DIRECTION('',(-0.959856144433,-0.280492748559,0.));
#2495 = DEFINITIONAL_REPRESENTATION('',(#2496),#2500);
#2496 = LINE('',#2497,#2498);
#2497 = CARTESIAN_POINT('',(0.,0.));
#2498 = VECTOR('',#2499,1.);
#2499 = DIRECTION('',(1.,0.));
#2500 = ( GEOMETRIC_REPRESENTATION_CONTEXT(2) 
PARAMETRIC_REPRESENTATION_CONTEXT() REPRESENTATION_CONTEXT('2D SPACE',''
  ) );
#2501 = ORIENTED_EDGE('',*,*,#2502,.T.);
#2502 = EDGE_CURVE('',#2475,#2503,#2505,.T.);
#2503 = VERTEX_POINT('',#2504);
#2504 = CARTESIAN_POINT('',(-8.421792391506,-3.173864035268,0.));
#2505 = SURFACE_CURVE('',#2506,(#2522,#2541),.PCURVE_S1.);
#2506 = B_SPLINE_CURVE_WITH_KNOTS('',3,(#2507,#2508,#2509,#2510,#2511,
    #2512,#2513,#2514,#2515,#2516,#2517,#2518,#2519,#2520,#2521),
  .UNSPECIFIED.,.F.,.F.,(4,1,1,1,1,1,1,1,1,1,1,1,4),(0.,0.12443872072,
    0.250991678229,0.379586472863,0.510216300037,0.642878959891,
    0.777573462559,0.914299277526,1.053056087294,1.193843686737,
    1.33666193564,1.481510733913,1.628390007606),.UNSPECIFIED.);
#2507 = CARTESIAN_POINT('',(-7.215757887517,-2.108615728042,0.));
#2508 = CARTESIAN_POINT('',(-7.254933125519,-2.122650793914,0.));
#2509 = CARTESIAN_POINT('',(-7.33167169338,-2.156099536815,0.));
#2510 = CARTESIAN_POINT('',(-7.442014824012,-2.21841206188,0.));
#2511 = CARTESIAN_POINT('',(-7.549993692169,-2.288322574268,0.));
#2512 = CARTESIAN_POINT('',(-7.655631671836,-2.365273392859,0.));
#2513 = CARTESIAN_POINT('',(-7.759101835039,-2.448364798389,0.));
#2514 = CARTESIAN_POINT('',(-7.860434565549,-2.537160628724,0.));
#2515 = CARTESIAN_POINT('',(-7.959642584635,-2.631292049399,0.));
#2516 = CARTESIAN_POINT('',(-8.05670909335,-2.730488212551,0.));
#2517 = CARTESIAN_POINT('',(-8.151603054968,-2.834526560922,0.));
#2518 = CARTESIAN_POINT('',(-8.24428168268,-2.9432236857,0.));
#2519 = CARTESIAN_POINT('',(-8.334695356656,-3.056418865334,0.));
#2520 = CARTESIAN_POINT('',(-8.393015612025,-3.134254095756,-0.));
#2521 = CARTESIAN_POINT('',(-8.421792391506,-3.173864035268,0.));
#2522 = PCURVE('',#140,#2523);
#2523 = DEFINITIONAL_REPRESENTATION('',(#2524),#2540);
#2524 = B_SPLINE_CURVE_WITH_KNOTS('',3,(#2525,#2526,#2527,#2528,#2529,
    #2530,#2531,#2532,#2533,#2534,#2535,#2536,#2537,#2538,#2539),
  .UNSPECIFIED.,.F.,.F.,(4,1,1,1,1,1,1,1,1,1,1,1,4),(0.,0.12443872072,
    0.250991678229,0.379586472863,0.510216300037,0.642878959891,
    0.777573462559,0.914299277526,1.053056087294,1.193843686737,
    1.33666193564,1.481510733913,1.628390007606),.UNSPECIFIED.);
#2525 = CARTESIAN_POINT('',(-7.215757887517,-2.108615728042));
#2526 = CARTESIAN_POINT('',(-7.254933125519,-2.122650793914));
#2527 = CARTESIAN_POINT('',(-7.33167169338,-2.156099536815));
#2528 = CARTESIAN_POINT('',(-7.442014824012,-2.21841206188));
#2529 = CARTESIAN_POINT('',(-7.549993692169,-2.288322574268));
#2530 = CARTESIAN_POINT('',(-7.655631671836,-2.365273392859));
#2531 = CARTESIAN_POINT('',(-7.759101835039,-2.448364798389));
#2532 = CARTESIAN_POINT('',(-7.860434565549,-2.537160628724));
#2533 = CARTESIAN_POINT('',(-7.959642584635,-2.631292049399));
#2534 = CARTESIAN_POINT('',(-8.05670909335,-2.730488212551));
#2535 = CARTESIAN_POINT('',(-8.151603054968,-2.834526560922));
#2536 = CARTESIAN_POINT('',(-8.24428168268,-2.9432236857));
#2537 = CARTESIAN_POINT('',(-8.334695356656,-3.056418865334));
#2538 = CARTESIAN_POINT('',(-8.393015612025,-3.134254095756));
#2539 = CARTESIAN_POINT('',(-8.421792391506,-3.173864035268));
#2540 = ( GEOMETRIC_REPRESENTATION_CONTEXT(2) 
PARAMETRIC_REPRESENTATION_CONTEXT() REPRESENTATION_CONTEXT('2D SPACE',''
  ) );
#2541 = PCURVE('',#2542,#2561);
#2542 = SURFACE_OF_LINEAR_EXTRUSION('',#2543,#2559);
#2543 = B_SPLINE_CURVE_WITH_KNOTS('',3,(#2544,#2545,#2546,#2547,#2548,
    #2549,#2550,#2551,#2552,#2553,#2554,#2555,#2556,#2557,#2558),
  .UNSPECIFIED.,.F.,.F.,(4,1,1,1,1,1,1,1,1,1,1,1,4),(0.,0.12443872072,
    0.250991678229,0.379586472863,0.510216300037,0.642878959891,
    0.777573462559,0.914299277526,1.053056087294,1.193843686737,
    1.33666193564,1.481510733913,1.628390007606),.UNSPECIFIED.);
#2544 = CARTESIAN_POINT('',(-7.215757887517,-2.108615728042,0.));
#2545 = CARTESIAN_POINT('',(-7.254933125519,-2.122650793914,0.));
#2546 = CARTESIAN_POINT('',(-7.33167169338,-2.156099536815,0.));
#2547 = CARTESIAN_POINT('',(-7.442014824012,-2.21841206188,0.));
#2548 = CARTESIAN_POINT('',(-7.549993692169,-2.288322574268,0.));
#2549 = CARTESIAN_POINT('',(-7.655631671836,-2.365273392859,0.));
#2550 = CARTESIAN_POINT('',(-7.759101835039,-2.448364798389,0.));
#2551 = CARTESIAN_POINT('',(-7.860434565549,-2.537160628724,0.));
#2552 = CARTESIAN_POINT('',(-7.959642584635,-2.631292049399,0.));
#2553 = CARTESIAN_POINT('',(-8.05670909335,-2.730488212551,0.));
#2554 = CARTESIAN_POINT('',(-8.151603054968,-2.834526560922,0.));
#2555 = CARTESIAN_POINT('',(-8.24428168268,-2.9432236857,0.));
#2556 = CARTESIAN_POINT('',(-8.334695356656,-3.056418865334,0.));
#2557 = CARTESIAN_POINT('',(-8.393015612025,-3.134254095756,-0.));
#2558 = CARTESIAN_POINT('',(-8.421792391506,-3.173864035268,0.));
#2559 = VECTOR('',#2560,1.);
#2560 = DIRECTION('',(-0.,-0.,-1.));
#2561 = DEFINITIONAL_REPRESENTATION('',(#2562),#2566);
#2562 = LINE('',#2563,#2564);
#2563 = CARTESIAN_POINT('',(0.,0.));
#2564 = VECTOR('',#2565,1.);
#2565 = DIRECTION('',(1.,0.));
#2566 = ( GEOMETRIC_REPRESENTATION_CONTEXT(2) 
PARAMETRIC_REPRESENTATION_CONTEXT() REPRESENTATION_CONTEXT('2D SPACE',''
  ) );
#2567 = ORIENTED_EDGE('',*,*,#2568,.T.);
#2568 = EDGE_CURVE('',#2503,#2569,#2571,.T.);
#2569 = VERTEX_POINT('',#2570);
#2570 = CARTESIAN_POINT('',(-8.199367291681,-3.710845727878,0.));
#2571 = SURFACE_CURVE('',#2572,(#2577,#2584),.PCURVE_S1.);
#2572 = CIRCLE('',#2573,8.999999999997);
#2573 = AXIS2_PLACEMENT_3D('',#2574,#2575,#2576);
#2574 = CARTESIAN_POINT('',(-2.318145675417E-12,-9.516831767087E-13,0.)
  );
#2575 = DIRECTION('',(0.,0.,1.));
#2576 = DIRECTION('',(-0.935754710167,-0.352651559474,0.));
#2577 = PCURVE('',#140,#2578);
#2578 = DEFINITIONAL_REPRESENTATION('',(#2579),#2583);
#2579 = CIRCLE('',#2580,8.999999999997);
#2580 = AXIS2_PLACEMENT_2D('',#2581,#2582);
#2581 = CARTESIAN_POINT('',(-2.318981202975E-12,-9.50659919858E-13));
#2582 = DIRECTION('',(-0.935754710167,-0.352651559474));
#2583 = ( GEOMETRIC_REPRESENTATION_CONTEXT(2) 
PARAMETRIC_REPRESENTATION_CONTEXT() REPRESENTATION_CONTEXT('2D SPACE',''
  ) );
#2584 = PCURVE('',#2585,#2590);
#2585 = CYLINDRICAL_SURFACE('',#2586,8.999999999997);
#2586 = AXIS2_PLACEMENT_3D('',#2587,#2588,#2589);
#2587 = CARTESIAN_POINT('',(-2.318145675417E-12,-9.516831767087E-13,0.)
  );
#2588 = DIRECTION('',(-0.,-0.,-1.));
#2589 = DIRECTION('',(-0.935754710167,-0.352651559474,0.));
#2590 = DEFINITIONAL_REPRESENTATION('',(#2591),#2595);
#2591 = LINE('',#2592,#2593);
#2592 = CARTESIAN_POINT('',(-0.,0.));
#2593 = VECTOR('',#2594,1.);
#2594 = DIRECTION('',(-1.,0.));
#2595 = ( GEOMETRIC_REPRESENTATION_CONTEXT(2) 
PARAMETRIC_REPRESENTATION_CONTEXT() REPRESENTATION_CONTEXT('2D SPACE',''
  ) );
#2596 = ORIENTED_EDGE('',*,*,#2597,.T.);
#2597 = EDGE_CURVE('',#2569,#2598,#2600,.T.);
#2598 = VERTEX_POINT('',#2599);
#2599 = CARTESIAN_POINT('',(-6.593327813879,-3.611294853448,0.));
#2600 = SURFACE_CURVE('',#2601,(#2617,#2636),.PCURVE_S1.);
#2601 = B_SPLINE_CURVE_WITH_KNOTS('',3,(#2602,#2603,#2604,#2605,#2606,
    #2607,#2608,#2609,#2610,#2611,#2612,#2613,#2614,#2615,#2616),
  .UNSPECIFIED.,.F.,.F.,(4,1,1,1,1,1,1,1,1,1,1,1,4),(0.,0.146879273693,
    0.291728071966,0.434546320869,0.575333920312,0.71409073008,
    0.850816545047,0.985511047715,1.118173707569,1.248803534744,
    1.377398329377,1.503951286886,1.628390007606),.UNSPECIFIED.);
#2602 = CARTESIAN_POINT('',(-8.199367291681,-3.710845727878,0.));
#2603 = CARTESIAN_POINT('',(-8.151010578938,-3.718505928797,0.));
#2604 = CARTESIAN_POINT('',(-8.05473411164,-3.732305099991,0.));
#2605 = CARTESIAN_POINT('',(-7.910760910542,-3.748414057128,0.));
#2606 = CARTESIAN_POINT('',(-7.76836675039,-3.759740845027,0.));
#2607 = CARTESIAN_POINT('',(-7.627700364999,-3.76620690291,0.));
#2608 = CARTESIAN_POINT('',(-7.488921698829,-3.767712796004,0.));
#2609 = CARTESIAN_POINT('',(-7.352210069903,-3.764123098842,0.));
#2610 = CARTESIAN_POINT('',(-7.217768875232,-3.755258171713,0.));
#2611 = CARTESIAN_POINT('',(-7.085849924872,-3.740848213971,0.));
#2612 = CARTESIAN_POINT('',(-6.956740147456,-3.720563327842,0.));
#2613 = CARTESIAN_POINT('',(-6.830953360171,-3.693644935328,0.));
#2614 = CARTESIAN_POINT('',(-6.708867375217,-3.659682168427,0.));
#2615 = CARTESIAN_POINT('',(-6.630953180577,-3.629071639642,-0.));
#2616 = CARTESIAN_POINT('',(-6.593327813879,-3.611294853448,0.));
#2617 = PCURVE('',#140,#2618);
#2618 = DEFINITIONAL_REPRESENTATION('',(#2619),#2635);
#2619 = B_SPLINE_CURVE_WITH_KNOTS('',3,(#2620,#2621,#2622,#2623,#2624,
    #2625,#2626,#2627,#2628,#2629,#2630,#2631,#2632,#2633,#2634),
  .UNSPECIFIED.,.F.,.F.,(4,1,1,1,1,1,1,1,1,1,1,1,4),(0.,0.146879273693,
    0.291728071966,0.434546320869,0.575333920312,0.71409073008,
    0.850816545047,0.985511047715,1.118173707569,1.248803534744,
    1.377398329377,1.503951286886,1.628390007606),.UNSPECIFIED.);
#2620 = CARTESIAN_POINT('',(-8.199367291681,-3.710845727878));
#2621 = CARTESIAN_POINT('',(-8.151010578938,-3.718505928797));
#2622 = CARTESIAN_POINT('',(-8.05473411164,-3.732305099991));
#2623 = CARTESIAN_POINT('',(-7.910760910542,-3.748414057128));
#2624 = CARTESIAN_POINT('',(-7.76836675039,-3.759740845027));
#2625 = CARTESIAN_POINT('',(-7.627700364999,-3.76620690291));
#2626 = CARTESIAN_POINT('',(-7.488921698829,-3.767712796004));
#2627 = CARTESIAN_POINT('',(-7.352210069903,-3.764123098842));
#2628 = CARTESIAN_POINT('',(-7.217768875232,-3.755258171713));
#2629 = CARTESIAN_POINT('',(-7.085849924872,-3.740848213971));
#2630 = CARTESIAN_POINT('',(-6.956740147456,-3.720563327842));
#2631 = CARTESIAN_POINT('',(-6.830953360171,-3.693644935328));
#2632 = CARTESIAN_POINT('',(-6.708867375217,-3.659682168427));
#2633 = CARTESIAN_POINT('',(-6.630953180577,-3.629071639642));
#2634 = CARTESIAN_POINT('',(-6.593327813879,-3.611294853448));
#2635 = ( GEOMETRIC_REPRESENTATION_CONTEXT(2) 
PARAMETRIC_REPRESENTATION_CONTEXT() REPRESENTATION_CONTEXT('2D SPACE',''
  ) );
#2636 = PCURVE('',#2637,#2656);
#2637 = SURFACE_OF_LINEAR_EXTRUSION('',#2638,#2654);
#2638 = B_SPLINE_CURVE_WITH_KNOTS('',3,(#2639,#2640,#2641,#2642,#2643,
    #2644,#2645,#2646,#2647,#2648,#2649,#2650,#2651,#2652,#2653),
  .UNSPECIFIED.,.F.,.F.,(4,1,1,1,1,1,1,1,1,1,1,1,4),(0.,0.146879273693,
    0.291728071966,0.434546320869,0.575333920312,0.71409073008,
    0.850816545047,0.985511047715,1.118173707569,1.248803534744,
    1.377398329377,1.503951286886,1.628390007606),.UNSPECIFIED.);
#2639 = CARTESIAN_POINT('',(-8.199367291681,-3.710845727878,0.));
#2640 = CARTESIAN_POINT('',(-8.151010578938,-3.718505928797,0.));
#2641 = CARTESIAN_POINT('',(-8.05473411164,-3.732305099991,0.));
#2642 = CARTESIAN_POINT('',(-7.910760910542,-3.748414057128,0.));
#2643 = CARTESIAN_POINT('',(-7.76836675039,-3.759740845027,0.));
#2644 = CARTESIAN_POINT('',(-7.627700364999,-3.76620690291,0.));
#2645 = CARTESIAN_POINT('',(-7.488921698829,-3.767712796004,0.));
#2646 = CARTESIAN_POINT('',(-7.352210069903,-3.764123098842,0.));
#2647 = CARTESIAN_POINT('',(-7.217768875232,-3.755258171713,0.));
#2648 = CARTESIAN_POINT('',(-7.085849924872,-3.740848213971,0.));
#2649 = CARTESIAN_POINT('',(-6.956740147456,-3.720563327842,0.));
#2650 = CARTESIAN_POINT('',(-6.830953360171,-3.693644935328,0.));
#2651 = CARTESIAN_POINT('',(-6.708867375217,-3.659682168427,0.));
#2652 = CARTESIAN_POINT('',(-6.630953180577,-3.629071639642,-0.));
#2653 = CARTESIAN_POINT('',(-6.593327813879,-3.611294853448,0.));
#2654 = VECTOR('',#2655,1.);
#2655 = DIRECTION('',(-0.,-0.,-1.));
#2656 = DEFINITIONAL_REPRESENTATION('',(#2657),#2661);
#2657 = LINE('',#2658,#2659);
#2658 = CARTESIAN_POINT('',(0.,0.));
#2659 = VECTOR('',#2660,1.);
#2660 = DIRECTION('',(1.,0.));
#2661 = ( GEOMETRIC_REPRESENTATION_CONTEXT(2) 
PARAMETRIC_REPRESENTATION_CONTEXT() REPRESENTATION_CONTEXT('2D SPACE',''
  ) );
#2662 = ORIENTED_EDGE('',*,*,#2663,.T.);
#2663 = EDGE_CURVE('',#2598,#2664,#2666,.T.);
#2664 = VERTEX_POINT('',#2665);
#2665 = CARTESIAN_POINT('',(-5.920149014587,-3.242581632756,0.));
#2666 = SURFACE_CURVE('',#2667,(#2671,#2678),.PCURVE_S1.);
#2667 = LINE('',#2668,#2669);
#2668 = CARTESIAN_POINT('',(-6.593327813879,-3.611294853448,0.));
#2669 = VECTOR('',#2670,1.);
#2670 = DIRECTION('',(0.877059113272,0.480382464112,0.));
#2671 = PCURVE('',#140,#2672);
#2672 = DEFINITIONAL_REPRESENTATION('',(#2673),#2677);
#2673 = LINE('',#2674,#2675);
#2674 = CARTESIAN_POINT('',(-6.593327813879,-3.611294853448));
#2675 = VECTOR('',#2676,1.);
#2676 = DIRECTION('',(0.877059113272,0.480382464112));
#2677 = ( GEOMETRIC_REPRESENTATION_CONTEXT(2) 
PARAMETRIC_REPRESENTATION_CONTEXT() REPRESENTATION_CONTEXT('2D SPACE',''
  ) );
#2678 = PCURVE('',#2679,#2684);
#2679 = PLANE('',#2680);
#2680 = AXIS2_PLACEMENT_3D('',#2681,#2682,#2683);
#2681 = CARTESIAN_POINT('',(-6.593327813879,-3.611294853448,0.));
#2682 = DIRECTION('',(-0.480382464112,0.877059113272,0.));
#2683 = DIRECTION('',(0.877059113272,0.480382464112,0.));
#2684 = DEFINITIONAL_REPRESENTATION('',(#2685),#2689);
#2685 = LINE('',#2686,#2687);
#2686 = CARTESIAN_POINT('',(0.,0.));
#2687 = VECTOR('',#2688,1.);
#2688 = DIRECTION('',(1.,0.));
#2689 = ( GEOMETRIC_REPRESENTATION_CONTEXT(2) 
PARAMETRIC_REPRESENTATION_CONTEXT() REPRESENTATION_CONTEXT('2D SPACE',''
  ) );
#2690 = ORIENTED_EDGE('',*,*,#2691,.T.);
#2691 = EDGE_CURVE('',#2664,#2692,#2694,.T.);
#2692 = VERTEX_POINT('',#2693);
#2693 = CARTESIAN_POINT('',(-5.261297748015,-4.228622235046,0.));
#2694 = SURFACE_CURVE('',#2695,(#2700,#2707),.PCURVE_S1.);
#2695 = CIRCLE('',#2696,6.75);
#2696 = AXIS2_PLACEMENT_3D('',#2697,#2698,#2699);
#2697 = CARTESIAN_POINT('',(3.277378368693E-13,2.182698466413E-13,0.));
#2698 = DIRECTION('',(0.,0.,1.));
#2699 = DIRECTION('',(-0.877059113272,-0.480382464112,0.));
#2700 = PCURVE('',#140,#2701);
#2701 = DEFINITIONAL_REPRESENTATION('',(#2702),#2706);
#2702 = CIRCLE('',#2703,6.75);
#2703 = AXIS2_PLACEMENT_2D('',#2704,#2705);
#2704 = CARTESIAN_POINT('',(3.269023093117E-13,2.19293103492E-13));
#2705 = DIRECTION('',(-0.877059113272,-0.480382464112));
#2706 = ( GEOMETRIC_REPRESENTATION_CONTEXT(2) 
PARAMETRIC_REPRESENTATION_CONTEXT() REPRESENTATION_CONTEXT('2D SPACE',''
  ) );
#2707 = PCURVE('',#2708,#2713);
#2708 = CYLINDRICAL_SURFACE('',#2709,6.75);
#2709 = AXIS2_PLACEMENT_3D('',#2710,#2711,#2712);
#2710 = CARTESIAN_POINT('',(3.277378368693E-13,2.182698466413E-13,0.));
#2711 = DIRECTION('',(-0.,-0.,-1.));
#2712 = DIRECTION('',(-0.877059113272,-0.480382464112,0.));
#2713 = DEFINITIONAL_REPRESENTATION('',(#2714),#2718);
#2714 = LINE('',#2715,#2716);
#2715 = CARTESIAN_POINT('',(-0.,0.));
#2716 = VECTOR('',#2717,1.);
#2717 = DIRECTION('',(-1.,0.));
#2718 = ( GEOMETRIC_REPRESENTATION_CONTEXT(2) 
PARAMETRIC_REPRESENTATION_CONTEXT() REPRESENTATION_CONTEXT('2D SPACE',''
  ) );
#2719 = ORIENTED_EDGE('',*,*,#2720,.T.);
#2720 = EDGE_CURVE('',#2692,#2721,#2723,.T.);
#2721 = VERTEX_POINT('',#2722);
#2722 = CARTESIAN_POINT('',(-5.859558719488,-4.70945790858,0.));
#2723 = SURFACE_CURVE('',#2724,(#2728,#2735),.PCURVE_S1.);
#2724 = LINE('',#2725,#2726);
#2725 = CARTESIAN_POINT('',(-5.261297748015,-4.228622235046,0.));
#2726 = VECTOR('',#2727,1.);
#2727 = DIRECTION('',(-0.779451518225,-0.62646255334,0.));
#2728 = PCURVE('',#140,#2729);
#2729 = DEFINITIONAL_REPRESENTATION('',(#2730),#2734);
#2730 = LINE('',#2731,#2732);
#2731 = CARTESIAN_POINT('',(-5.261297748015,-4.228622235046));
#2732 = VECTOR('',#2733,1.);
#2733 = DIRECTION('',(-0.779451518225,-0.62646255334));
#2734 = ( GEOMETRIC_REPRESENTATION_CONTEXT(2) 
PARAMETRIC_REPRESENTATION_CONTEXT() REPRESENTATION_CONTEXT('2D SPACE',''
  ) );
#2735 = PCURVE('',#2736,#2741);
#2736 = PLANE('',#2737);
#2737 = AXIS2_PLACEMENT_3D('',#2738,#2739,#2740);
#2738 = CARTESIAN_POINT('',(-5.261297748015,-4.228622235046,0.));
#2739 = DIRECTION('',(0.62646255334,-0.779451518225,0.));
#2740 = DIRECTION('',(-0.779451518225,-0.62646255334,0.));
#2741 = DEFINITIONAL_REPRESENTATION('',(#2742),#2746);
#2742 = LINE('',#2743,#2744);
#2743 = CARTESIAN_POINT('',(0.,0.));
#2744 = VECTOR('',#2745,1.);
#2745 = DIRECTION('',(1.,0.));
#2746 = ( GEOMETRIC_REPRESENTATION_CONTEXT(2) 
PARAMETRIC_REPRESENTATION_CONTEXT() REPRESENTATION_CONTEXT('2D SPACE',''
  ) );
#2747 = ORIENTED_EDGE('',*,*,#2748,.T.);
#2748 = EDGE_CURVE('',#2721,#2749,#2751,.T.);
#2749 = VERTEX_POINT('',#2750);
#2750 = CARTESIAN_POINT('',(-6.566136434696,-6.155148440205,0.));
#2751 = SURFACE_CURVE('',#2752,(#2768,#2787),.PCURVE_S1.);
#2752 = B_SPLINE_CURVE_WITH_KNOTS('',3,(#2753,#2754,#2755,#2756,#2757,
    #2758,#2759,#2760,#2761,#2762,#2763,#2764,#2765,#2766,#2767),
  .UNSPECIFIED.,.F.,.F.,(4,1,1,1,1,1,1,1,1,1,1,1,4),(0.,0.12443872072,
    0.250991678229,0.379586472863,0.510216300037,0.642878959891,
    0.777573462559,0.914299277526,1.053056087294,1.193843686737,
    1.33666193564,1.481510733913,1.628390007606),.UNSPECIFIED.);
#2753 = CARTESIAN_POINT('',(-5.859558719488,-4.70945790858,0.));
#2754 = CARTESIAN_POINT('',(-5.890380932878,-4.737416333219,0.));
#2755 = CARTESIAN_POINT('',(-5.948477845337,-4.797685520717,0.));
#2756 = CARTESIAN_POINT('',(-6.02657563431,-4.897481275212,0.));
#2757 = CARTESIAN_POINT('',(-6.099581505705,-5.003391890604,0.));
#2758 = CARTESIAN_POINT('',(-6.167730469593,-5.114911081557,0.));
#2759 = CARTESIAN_POINT('',(-6.231526731334,-5.231273847656,0.));
#2760 = CARTESIAN_POINT('',(-6.291165273893,-5.352088854997,0.));
#2761 = CARTESIAN_POINT('',(-6.34679899703,-5.477020213187,0.));
#2762 = CARTESIAN_POINT('',(-6.398516029532,-5.605811262749,0.));
#2763 = CARTESIAN_POINT('',(-6.446372866177,-5.738244510348,0.));
#2764 = CARTESIAN_POINT('',(-6.490400164624,-5.874134134533,0.));
#2765 = CARTESIAN_POINT('',(-6.5306135876,-6.013312659266,0.));
#2766 = CARTESIAN_POINT('',(-6.55470822473,-6.107541231062,-0.));
#2767 = CARTESIAN_POINT('',(-6.566136434696,-6.155148440205,0.));
#2768 = PCURVE('',#140,#2769);
#2769 = DEFINITIONAL_REPRESENTATION('',(#2770),#2786);
#2770 = B_SPLINE_CURVE_WITH_KNOTS('',3,(#2771,#2772,#2773,#2774,#2775,
    #2776,#2777,#2778,#2779,#2780,#2781,#2782,#2783,#2784,#2785),
  .UNSPECIFIED.,.F.,.F.,(4,1,1,1,1,1,1,1,1,1,1,1,4),(0.,0.12443872072,
    0.250991678229,0.379586472863,0.510216300037,0.642878959891,
    0.777573462559,0.914299277526,1.053056087294,1.193843686737,
    1.33666193564,1.481510733913,1.628390007606),.UNSPECIFIED.);
#2771 = CARTESIAN_POINT('',(-5.859558719488,-4.70945790858));
#2772 = CARTESIAN_POINT('',(-5.890380932878,-4.737416333219));
#2773 = CARTESIAN_POINT('',(-5.948477845337,-4.797685520717));
#2774 = CARTESIAN_POINT('',(-6.02657563431,-4.897481275212));
#2775 = CARTESIAN_POINT('',(-6.099581505705,-5.003391890604));
#2776 = CARTESIAN_POINT('',(-6.167730469593,-5.114911081557));
#2777 = CARTESIAN_POINT('',(-6.231526731334,-5.231273847656));
#2778 = CARTESIAN_POINT('',(-6.291165273893,-5.352088854997));
#2779 = CARTESIAN_POINT('',(-6.34679899703,-5.477020213187));
#2780 = CARTESIAN_POINT('',(-6.398516029532,-5.605811262749));
#2781 = CARTESIAN_POINT('',(-6.446372866177,-5.738244510348));
#2782 = CARTESIAN_POINT('',(-6.490400164624,-5.874134134533));
#2783 = CARTESIAN_POINT('',(-6.5306135876,-6.013312659266));
#2784 = CARTESIAN_POINT('',(-6.55470822473,-6.107541231062));
#2785 = CARTESIAN_POINT('',(-6.566136434696,-6.155148440205));
#2786 = ( GEOMETRIC_REPRESENTATION_CONTEXT(2) 
PARAMETRIC_REPRESENTATION_CONTEXT() REPRESENTATION_CONTEXT('2D SPACE',''
  ) );
#2787 = PCURVE('',#2788,#2807);
#2788 = SURFACE_OF_LINEAR_EXTRUSION('',#2789,#2805);
#2789 = B_SPLINE_CURVE_WITH_KNOTS('',3,(#2790,#2791,#2792,#2793,#2794,
    #2795,#2796,#2797,#2798,#2799,#2800,#2801,#2802,#2803,#2804),
  .UNSPECIFIED.,.F.,.F.,(4,1,1,1,1,1,1,1,1,1,1,1,4),(0.,0.12443872072,
    0.250991678229,0.379586472863,0.510216300037,0.642878959891,
    0.777573462559,0.914299277526,1.053056087294,1.193843686737,
    1.33666193564,1.481510733913,1.628390007606),.UNSPECIFIED.);
#2790 = CARTESIAN_POINT('',(-5.859558719488,-4.70945790858,0.));
#2791 = CARTESIAN_POINT('',(-5.890380932878,-4.737416333219,0.));
#2792 = CARTESIAN_POINT('',(-5.948477845337,-4.797685520717,0.));
#2793 = CARTESIAN_POINT('',(-6.02657563431,-4.897481275212,0.));
#2794 = CARTESIAN_POINT('',(-6.099581505705,-5.003391890604,0.));
#2795 = CARTESIAN_POINT('',(-6.167730469593,-5.114911081557,0.));
#2796 = CARTESIAN_POINT('',(-6.231526731334,-5.231273847656,0.));
#2797 = CARTESIAN_POINT('',(-6.291165273893,-5.352088854997,0.));
#2798 = CARTESIAN_POINT('',(-6.34679899703,-5.477020213187,0.));
#2799 = CARTESIAN_POINT('',(-6.398516029532,-5.605811262749,0.));
#2800 = CARTESIAN_POINT('',(-6.446372866177,-5.738244510348,0.));
#2801 = CARTESIAN_POINT('',(-6.490400164624,-5.874134134533,0.));
#2802 = CARTESIAN_POINT('',(-6.5306135876,-6.013312659266,0.));
#2803 = CARTESIAN_POINT('',(-6.55470822473,-6.107541231062,-0.));
#2804 = CARTESIAN_POINT('',(-6.566136434696,-6.155148440205,0.));
#2805 = VECTOR('',#2806,1.);
#2806 = DIRECTION('',(-0.,-0.,-1.));
#2807 = DEFINITIONAL_REPRESENTATION('',(#2808),#2812);
#2808 = LINE('',#2809,#2810);
#2809 = CARTESIAN_POINT('',(0.,0.));
#2810 = VECTOR('',#2811,1.);
#2811 = DIRECTION('',(1.,0.));
#2812 = ( GEOMETRIC_REPRESENTATION_CONTEXT(2) 
PARAMETRIC_REPRESENTATION_CONTEXT() REPRESENTATION_CONTEXT('2D SPACE',''
  ) );
#2813 = ORIENTED_EDGE('',*,*,#2814,.T.);
#2814 = EDGE_CURVE('',#2749,#2815,#2817,.T.);
#2815 = VERTEX_POINT('',#2816);
#2816 = CARTESIAN_POINT('',(-6.155148440205,-6.566136434696,0.));
#2817 = SURFACE_CURVE('',#2818,(#2823,#2830),.PCURVE_S1.);
#2818 = CIRCLE('',#2819,8.999999999998);
#2819 = AXIS2_PLACEMENT_3D('',#2820,#2821,#2822);
#2820 = CARTESIAN_POINT('',(-1.209699007632E-12,-1.207922650792E-12,0.)
  );
#2821 = DIRECTION('',(0.,0.,1.));
#2822 = DIRECTION('',(-0.729570714966,-0.683905382245,0.));
#2823 = PCURVE('',#140,#2824);
#2824 = DEFINITIONAL_REPRESENTATION('',(#2825),#2829);
#2825 = CIRCLE('',#2826,8.999999999998);
#2826 = AXIS2_PLACEMENT_2D('',#2827,#2828);
#2827 = CARTESIAN_POINT('',(-1.210534535189E-12,-1.206899393941E-12));
#2828 = DIRECTION('',(-0.729570714966,-0.683905382245));
#2829 = ( GEOMETRIC_REPRESENTATION_CONTEXT(2) 
PARAMETRIC_REPRESENTATION_CONTEXT() REPRESENTATION_CONTEXT('2D SPACE',''
  ) );
#2830 = PCURVE('',#2831,#2836);
#2831 = CYLINDRICAL_SURFACE('',#2832,8.999999999998);
#2832 = AXIS2_PLACEMENT_3D('',#2833,#2834,#2835);
#2833 = CARTESIAN_POINT('',(-1.209699007632E-12,-1.207922650792E-12,0.)
  );
#2834 = DIRECTION('',(-0.,-0.,-1.));
#2835 = DIRECTION('',(-0.729570714966,-0.683905382245,0.));
#2836 = DEFINITIONAL_REPRESENTATION('',(#2837),#2841);
#2837 = LINE('',#2838,#2839);
#2838 = CARTESIAN_POINT('',(-0.,0.));
#2839 = VECTOR('',#2840,1.);
#2840 = DIRECTION('',(-1.,0.));
#2841 = ( GEOMETRIC_REPRESENTATION_CONTEXT(2) 
PARAMETRIC_REPRESENTATION_CONTEXT() REPRESENTATION_CONTEXT('2D SPACE',''
  ) );
#2842 = ORIENTED_EDGE('',*,*,#2843,.T.);
#2843 = EDGE_CURVE('',#2815,#2844,#2846,.T.);
#2844 = VERTEX_POINT('',#2845);
#2845 = CARTESIAN_POINT('',(-4.70945790858,-5.859558719488,0.));
#2846 = SURFACE_CURVE('',#2847,(#2863,#2882),.PCURVE_S1.);
#2847 = B_SPLINE_CURVE_WITH_KNOTS('',3,(#2848,#2849,#2850,#2851,#2852,
    #2853,#2854,#2855,#2856,#2857,#2858,#2859,#2860,#2861,#2862),
  .UNSPECIFIED.,.F.,.F.,(4,1,1,1,1,1,1,1,1,1,1,1,4),(0.,0.146879273693,
    0.291728071966,0.434546320869,0.575333920312,0.71409073008,
    0.850816545047,0.985511047715,1.118173707569,1.248803534744,
    1.377398329377,1.503951286886,1.628390007606),.UNSPECIFIED.);
#2848 = CARTESIAN_POINT('',(-6.155148440205,-6.566136434696,0.));
#2849 = CARTESIAN_POINT('',(-6.107541231062,-6.55470822473,0.));
#2850 = CARTESIAN_POINT('',(-6.013312659266,-6.5306135876,0.));
#2851 = CARTESIAN_POINT('',(-5.874134134533,-6.490400164624,0.));
#2852 = CARTESIAN_POINT('',(-5.738244510348,-6.446372866177,0.));
#2853 = CARTESIAN_POINT('',(-5.605811262749,-6.398516029532,0.));
#2854 = CARTESIAN_POINT('',(-5.477020213187,-6.34679899703,0.));
#2855 = CARTESIAN_POINT('',(-5.352088854997,-6.291165273893,0.));
#2856 = CARTESIAN_POINT('',(-5.231273847656,-6.231526731334,0.));
#2857 = CARTESIAN_POINT('',(-5.114911081557,-6.167730469593,0.));
#2858 = CARTESIAN_POINT('',(-5.003391890604,-6.099581505705,0.));
#2859 = CARTESIAN_POINT('',(-4.897481275212,-6.02657563431,0.));
#2860 = CARTESIAN_POINT('',(-4.797685520717,-5.948477845337,0.));
#2861 = CARTESIAN_POINT('',(-4.737416333219,-5.890380932878,-0.));
#2862 = CARTESIAN_POINT('',(-4.70945790858,-5.859558719488,0.));
#2863 = PCURVE('',#140,#2864);
#2864 = DEFINITIONAL_REPRESENTATION('',(#2865),#2881);
#2865 = B_SPLINE_CURVE_WITH_KNOTS('',3,(#2866,#2867,#2868,#2869,#2870,
    #2871,#2872,#2873,#2874,#2875,#2876,#2877,#2878,#2879,#2880),
  .UNSPECIFIED.,.F.,.F.,(4,1,1,1,1,1,1,1,1,1,1,1,4),(0.,0.146879273693,
    0.291728071966,0.434546320869,0.575333920312,0.71409073008,
    0.850816545047,0.985511047715,1.118173707569,1.248803534744,
    1.377398329377,1.503951286886,1.628390007606),.UNSPECIFIED.);
#2866 = CARTESIAN_POINT('',(-6.155148440205,-6.566136434696));
#2867 = CARTESIAN_POINT('',(-6.107541231062,-6.55470822473));
#2868 = CARTESIAN_POINT('',(-6.013312659266,-6.5306135876));
#2869 = CARTESIAN_POINT('',(-5.874134134533,-6.490400164624));
#2870 = CARTESIAN_POINT('',(-5.738244510348,-6.446372866177));
#2871 = CARTESIAN_POINT('',(-5.605811262749,-6.398516029532));
#2872 = CARTESIAN_POINT('',(-5.477020213187,-6.34679899703));
#2873 = CARTESIAN_POINT('',(-5.352088854997,-6.291165273893));
#2874 = CARTESIAN_POINT('',(-5.231273847656,-6.231526731334));
#2875 = CARTESIAN_POINT('',(-5.114911081557,-6.167730469593));
#2876 = CARTESIAN_POINT('',(-5.003391890604,-6.099581505705));
#2877 = CARTESIAN_POINT('',(-4.897481275212,-6.02657563431));
#2878 = CARTESIAN_POINT('',(-4.797685520717,-5.948477845337));
#2879 = CARTESIAN_POINT('',(-4.737416333219,-5.890380932878));
#2880 = CARTESIAN_POINT('',(-4.70945790858,-5.859558719488));
#2881 = ( GEOMETRIC_REPRESENTATION_CONTEXT(2) 
PARAMETRIC_REPRESENTATION_CONTEXT() REPRESENTATION_CONTEXT('2D SPACE',''
  ) );
#2882 = PCURVE('',#2883,#2902);
#2883 = SURFACE_OF_LINEAR_EXTRUSION('',#2884,#2900);
#2884 = B_SPLINE_CURVE_WITH_KNOTS('',3,(#2885,#2886,#2887,#2888,#2889,
    #2890,#2891,#2892,#2893,#2894,#2895,#2896,#2897,#2898,#2899),
  .UNSPECIFIED.,.F.,.F.,(4,1,1,1,1,1,1,1,1,1,1,1,4),(0.,0.146879273693,
    0.291728071966,0.434546320869,0.575333920312,0.71409073008,
    0.850816545047,0.985511047715,1.118173707569,1.248803534744,
    1.377398329377,1.503951286886,1.628390007606),.UNSPECIFIED.);
#2885 = CARTESIAN_POINT('',(-6.155148440205,-6.566136434696,0.));
#2886 = CARTESIAN_POINT('',(-6.107541231062,-6.55470822473,0.));
#2887 = CARTESIAN_POINT('',(-6.013312659266,-6.5306135876,0.));
#2888 = CARTESIAN_POINT('',(-5.874134134533,-6.490400164624,0.));
#2889 = CARTESIAN_POINT('',(-5.738244510348,-6.446372866177,0.));
#2890 = CARTESIAN_POINT('',(-5.605811262749,-6.398516029532,0.));
#2891 = CARTESIAN_POINT('',(-5.477020213187,-6.34679899703,0.));
#2892 = CARTESIAN_POINT('',(-5.352088854997,-6.291165273893,0.));
#2893 = CARTESIAN_POINT('',(-5.231273847656,-6.231526731334,0.));
#2894 = CARTESIAN_POINT('',(-5.114911081557,-6.167730469593,0.));
#2895 = CARTESIAN_POINT('',(-5.003391890604,-6.099581505705,0.));
#2896 = CARTESIAN_POINT('',(-4.897481275212,-6.02657563431,0.));
#2897 = CARTESIAN_POINT('',(-4.797685520717,-5.948477845337,0.));
#2898 = CARTESIAN_POINT('',(-4.737416333219,-5.890380932878,-0.));
#2899 = CARTESIAN_POINT('',(-4.70945790858,-5.859558719488,0.));
#2900 = VECTOR('',#2901,1.);
#2901 = DIRECTION('',(-0.,-0.,-1.));
#2902 = DEFINITIONAL_REPRESENTATION('',(#2903),#2907);
#2903 = LINE('',#2904,#2905);
#2904 = CARTESIAN_POINT('',(0.,0.));
#2905 = VECTOR('',#2906,1.);
#2906 = DIRECTION('',(1.,0.));
#2907 = ( GEOMETRIC_REPRESENTATION_CONTEXT(2) 
PARAMETRIC_REPRESENTATION_CONTEXT() REPRESENTATION_CONTEXT('2D SPACE',''
  ) );
#2908 = ORIENTED_EDGE('',*,*,#2909,.T.);
#2909 = EDGE_CURVE('',#2844,#2910,#2912,.T.);
#2910 = VERTEX_POINT('',#2911);
#2911 = CARTESIAN_POINT('',(-4.228622235046,-5.261297748015,0.));
#2912 = SURFACE_CURVE('',#2913,(#2917,#2924),.PCURVE_S1.);
#2913 = LINE('',#2914,#2915);
#2914 = CARTESIAN_POINT('',(-4.70945790858,-5.859558719488,0.));
#2915 = VECTOR('',#2916,1.);
#2916 = DIRECTION('',(0.62646255334,0.779451518225,0.));
#2917 = PCURVE('',#140,#2918);
#2918 = DEFINITIONAL_REPRESENTATION('',(#2919),#2923);
#2919 = LINE('',#2920,#2921);
#2920 = CARTESIAN_POINT('',(-4.70945790858,-5.859558719488));
#2921 = VECTOR('',#2922,1.);
#2922 = DIRECTION('',(0.62646255334,0.779451518225));
#2923 = ( GEOMETRIC_REPRESENTATION_CONTEXT(2) 
PARAMETRIC_REPRESENTATION_CONTEXT() REPRESENTATION_CONTEXT('2D SPACE',''
  ) );
#2924 = PCURVE('',#2925,#2930);
#2925 = PLANE('',#2926);
#2926 = AXIS2_PLACEMENT_3D('',#2927,#2928,#2929);
#2927 = CARTESIAN_POINT('',(-4.70945790858,-5.859558719488,0.));
#2928 = DIRECTION('',(-0.779451518225,0.62646255334,0.));
#2929 = DIRECTION('',(0.62646255334,0.779451518225,0.));
#2930 = DEFINITIONAL_REPRESENTATION('',(#2931),#2935);
#2931 = LINE('',#2932,#2933);
#2932 = CARTESIAN_POINT('',(0.,0.));
#2933 = VECTOR('',#2934,1.);
#2934 = DIRECTION('',(1.,0.));
#2935 = ( GEOMETRIC_REPRESENTATION_CONTEXT(2) 
PARAMETRIC_REPRESENTATION_CONTEXT() REPRESENTATION_CONTEXT('2D SPACE',''
  ) );
#2936 = ORIENTED_EDGE('',*,*,#2937,.T.);
#2937 = EDGE_CURVE('',#2910,#2938,#2940,.T.);
#2938 = VERTEX_POINT('',#2939);
#2939 = CARTESIAN_POINT('',(-3.242581632756,-5.920149014587,0.));
#2940 = SURFACE_CURVE('',#2941,(#2946,#2953),.PCURVE_S1.);
#2941 = CIRCLE('',#2942,6.75);
#2942 = AXIS2_PLACEMENT_3D('',#2943,#2944,#2945);
#2943 = CARTESIAN_POINT('',(-7.460698725481E-14,-1.088018564133E-13,0.)
  );
#2944 = DIRECTION('',(0.,0.,1.));
#2945 = DIRECTION('',(-0.62646255334,-0.779451518225,0.));
#2946 = PCURVE('',#140,#2947);
#2947 = DEFINITIONAL_REPRESENTATION('',(#2948),#2952);
#2948 = CIRCLE('',#2949,6.75);
#2949 = AXIS2_PLACEMENT_2D('',#2950,#2951);
#2950 = CARTESIAN_POINT('',(-7.544251481248E-14,-1.077785995626E-13));
#2951 = DIRECTION('',(-0.62646255334,-0.779451518225));
#2952 = ( GEOMETRIC_REPRESENTATION_CONTEXT(2) 
PARAMETRIC_REPRESENTATION_CONTEXT() REPRESENTATION_CONTEXT('2D SPACE',''
  ) );
#2953 = PCURVE('',#2954,#2959);
#2954 = CYLINDRICAL_SURFACE('',#2955,6.75);
#2955 = AXIS2_PLACEMENT_3D('',#2956,#2957,#2958);
#2956 = CARTESIAN_POINT('',(-7.460698725481E-14,-1.088018564133E-13,0.)
  );
#2957 = DIRECTION('',(-0.,-0.,-1.));
#2958 = DIRECTION('',(-0.62646255334,-0.779451518225,0.));
#2959 = DEFINITIONAL_REPRESENTATION('',(#2960),#2964);
#2960 = LINE('',#2961,#2962);
#2961 = CARTESIAN_POINT('',(-0.,0.));
#2962 = VECTOR('',#2963,1.);
#2963 = DIRECTION('',(-1.,0.));
#2964 = ( GEOMETRIC_REPRESENTATION_CONTEXT(2) 
PARAMETRIC_REPRESENTATION_CONTEXT() REPRESENTATION_CONTEXT('2D SPACE',''
  ) );
#2965 = ORIENTED_EDGE('',*,*,#2966,.T.);
#2966 = EDGE_CURVE('',#2938,#2967,#2969,.T.);
#2967 = VERTEX_POINT('',#2968);
#2968 = CARTESIAN_POINT('',(-3.611294853448,-6.593327813879,0.));
#2969 = SURFACE_CURVE('',#2970,(#2974,#2981),.PCURVE_S1.);
#2970 = LINE('',#2971,#2972);
#2971 = CARTESIAN_POINT('',(-3.242581632756,-5.920149014587,0.));
#2972 = VECTOR('',#2973,1.);
#2973 = DIRECTION('',(-0.480382464112,-0.877059113272,0.));
#2974 = PCURVE('',#140,#2975);
#2975 = DEFINITIONAL_REPRESENTATION('',(#2976),#2980);
#2976 = LINE('',#2977,#2978);
#2977 = CARTESIAN_POINT('',(-3.242581632756,-5.920149014587));
#2978 = VECTOR('',#2979,1.);
#2979 = DIRECTION('',(-0.480382464112,-0.877059113272));
#2980 = ( GEOMETRIC_REPRESENTATION_CONTEXT(2) 
PARAMETRIC_REPRESENTATION_CONTEXT() REPRESENTATION_CONTEXT('2D SPACE',''
  ) );
#2981 = PCURVE('',#2982,#2987);
#2982 = PLANE('',#2983);
#2983 = AXIS2_PLACEMENT_3D('',#2984,#2985,#2986);
#2984 = CARTESIAN_POINT('',(-3.242581632756,-5.920149014587,0.));
#2985 = DIRECTION('',(0.877059113272,-0.480382464112,0.));
#2986 = DIRECTION('',(-0.480382464112,-0.877059113272,0.));
#2987 = DEFINITIONAL_REPRESENTATION('',(#2988),#2992);
#2988 = LINE('',#2989,#2990);
#2989 = CARTESIAN_POINT('',(0.,0.));
#2990 = VECTOR('',#2991,1.);
#2991 = DIRECTION('',(1.,0.));
#2992 = ( GEOMETRIC_REPRESENTATION_CONTEXT(2) 
PARAMETRIC_REPRESENTATION_CONTEXT() REPRESENTATION_CONTEXT('2D SPACE',''
  ) );
#2993 = ORIENTED_EDGE('',*,*,#2994,.T.);
#2994 = EDGE_CURVE('',#2967,#2995,#2997,.T.);
#2995 = VERTEX_POINT('',#2996);
#2996 = CARTESIAN_POINT('',(-3.710845727878,-8.199367291681,0.));
#2997 = SURFACE_CURVE('',#2998,(#3014,#3033),.PCURVE_S1.);
#2998 = B_SPLINE_CURVE_WITH_KNOTS('',3,(#2999,#3000,#3001,#3002,#3003,
    #3004,#3005,#3006,#3007,#3008,#3009,#3010,#3011,#3012,#3013),
  .UNSPECIFIED.,.F.,.F.,(4,1,1,1,1,1,1,1,1,1,1,1,4),(0.,0.12443872072,
    0.250991678229,0.379586472863,0.510216300037,0.642878959891,
    0.777573462559,0.914299277526,1.053056087294,1.193843686737,
    1.33666193564,1.481510733913,1.628390007606),.UNSPECIFIED.);
#2999 = CARTESIAN_POINT('',(-3.611294853448,-6.593327813879,0.));
#3000 = CARTESIAN_POINT('',(-3.629071639642,-6.630953180577,0.));
#3001 = CARTESIAN_POINT('',(-3.659682168427,-6.708867375217,0.));
#3002 = CARTESIAN_POINT('',(-3.693644935328,-6.830953360171,0.));
#3003 = CARTESIAN_POINT('',(-3.720563327842,-6.956740147456,0.));
#3004 = CARTESIAN_POINT('',(-3.740848213971,-7.085849924872,0.));
#3005 = CARTESIAN_POINT('',(-3.755258171713,-7.217768875232,0.));
#3006 = CARTESIAN_POINT('',(-3.764123098842,-7.352210069903,0.));
#3007 = CARTESIAN_POINT('',(-3.767712796004,-7.488921698829,0.));
#3008 = CARTESIAN_POINT('',(-3.76620690291,-7.627700364999,0.));
#3009 = CARTESIAN_POINT('',(-3.759740845027,-7.76836675039,0.));
#3010 = CARTESIAN_POINT('',(-3.748414057127,-7.910760910542,0.));
#3011 = CARTESIAN_POINT('',(-3.732305099991,-8.05473411164,0.));
#3012 = CARTESIAN_POINT('',(-3.718505928797,-8.151010578938,-0.));
#3013 = CARTESIAN_POINT('',(-3.710845727878,-8.199367291681,0.));
#3014 = PCURVE('',#140,#3015);
#3015 = DEFINITIONAL_REPRESENTATION('',(#3016),#3032);
#3016 = B_SPLINE_CURVE_WITH_KNOTS('',3,(#3017,#3018,#3019,#3020,#3021,
    #3022,#3023,#3024,#3025,#3026,#3027,#3028,#3029,#3030,#3031),
  .UNSPECIFIED.,.F.,.F.,(4,1,1,1,1,1,1,1,1,1,1,1,4),(0.,0.12443872072,
    0.250991678229,0.379586472863,0.510216300037,0.642878959891,
    0.777573462559,0.914299277526,1.053056087294,1.193843686737,
    1.33666193564,1.481510733913,1.628390007606),.UNSPECIFIED.);
#3017 = CARTESIAN_POINT('',(-3.611294853448,-6.593327813879));
#3018 = CARTESIAN_POINT('',(-3.629071639642,-6.630953180577));
#3019 = CARTESIAN_POINT('',(-3.659682168427,-6.708867375217));
#3020 = CARTESIAN_POINT('',(-3.693644935328,-6.830953360171));
#3021 = CARTESIAN_POINT('',(-3.720563327842,-6.956740147456));
#3022 = CARTESIAN_POINT('',(-3.740848213971,-7.085849924872));
#3023 = CARTESIAN_POINT('',(-3.755258171713,-7.217768875232));
#3024 = CARTESIAN_POINT('',(-3.764123098842,-7.352210069903));
#3025 = CARTESIAN_POINT('',(-3.767712796004,-7.488921698829));
#3026 = CARTESIAN_POINT('',(-3.76620690291,-7.627700364999));
#3027 = CARTESIAN_POINT('',(-3.759740845027,-7.76836675039));
#3028 = CARTESIAN_POINT('',(-3.748414057127,-7.910760910542));
#3029 = CARTESIAN_POINT('',(-3.732305099991,-8.05473411164));
#3030 = CARTESIAN_POINT('',(-3.718505928797,-8.151010578938));
#3031 = CARTESIAN_POINT('',(-3.710845727878,-8.199367291681));
#3032 = ( GEOMETRIC_REPRESENTATION_CONTEXT(2) 
PARAMETRIC_REPRESENTATION_CONTEXT() REPRESENTATION_CONTEXT('2D SPACE',''
  ) );
#3033 = PCURVE('',#3034,#3053);
#3034 = SURFACE_OF_LINEAR_EXTRUSION('',#3035,#3051);
#3035 = B_SPLINE_CURVE_WITH_KNOTS('',3,(#3036,#3037,#3038,#3039,#3040,
    #3041,#3042,#3043,#3044,#3045,#3046,#3047,#3048,#3049,#3050),
  .UNSPECIFIED.,.F.,.F.,(4,1,1,1,1,1,1,1,1,1,1,1,4),(0.,0.12443872072,
    0.250991678229,0.379586472863,0.510216300037,0.642878959891,
    0.777573462559,0.914299277526,1.053056087294,1.193843686737,
    1.33666193564,1.481510733913,1.628390007606),.UNSPECIFIED.);
#3036 = CARTESIAN_POINT('',(-3.611294853448,-6.593327813879,0.));
#3037 = CARTESIAN_POINT('',(-3.629071639642,-6.630953180577,0.));
#3038 = CARTESIAN_POINT('',(-3.659682168427,-6.708867375217,0.));
#3039 = CARTESIAN_POINT('',(-3.693644935328,-6.830953360171,0.));
#3040 = CARTESIAN_POINT('',(-3.720563327842,-6.956740147456,0.));
#3041 = CARTESIAN_POINT('',(-3.740848213971,-7.085849924872,0.));
#3042 = CARTESIAN_POINT('',(-3.755258171713,-7.217768875232,0.));
#3043 = CARTESIAN_POINT('',(-3.764123098842,-7.352210069903,0.));
#3044 = CARTESIAN_POINT('',(-3.767712796004,-7.488921698829,0.));
#3045 = CARTESIAN_POINT('',(-3.76620690291,-7.627700364999,0.));
#3046 = CARTESIAN_POINT('',(-3.759740845027,-7.76836675039,0.));
#3047 = CARTESIAN_POINT('',(-3.748414057127,-7.910760910542,0.));
#3048 = CARTESIAN_POINT('',(-3.732305099991,-8.05473411164,0.));
#3049 = CARTESIAN_POINT('',(-3.718505928797,-8.151010578938,-0.));
#3050 = CARTESIAN_POINT('',(-3.710845727878,-8.199367291681,0.));
#3051 = VECTOR('',#3052,1.);
#3052 = DIRECTION('',(-0.,-0.,-1.));
#3053 = DEFINITIONAL_REPRESENTATION('',(#3054),#3058);
#3054 = LINE('',#3055,#3056);
#3055 = CARTESIAN_POINT('',(0.,0.));
#3056 = VECTOR('',#3057,1.);
#3057 = DIRECTION('',(1.,0.));
#3058 = ( GEOMETRIC_REPRESENTATION_CONTEXT(2) 
PARAMETRIC_REPRESENTATION_CONTEXT() REPRESENTATION_CONTEXT('2D SPACE',''
  ) );
#3059 = ORIENTED_EDGE('',*,*,#3060,.T.);
#3060 = EDGE_CURVE('',#2995,#3061,#3063,.T.);
#3061 = VERTEX_POINT('',#3062);
#3062 = CARTESIAN_POINT('',(-3.173864035268,-8.421792391506,0.));
#3063 = SURFACE_CURVE('',#3064,(#3069,#3076),.PCURVE_S1.);
#3064 = CIRCLE('',#3065,9.000000000002);
#3065 = AXIS2_PLACEMENT_3D('',#3066,#3067,#3068);
#3066 = CARTESIAN_POINT('',(8.872902412804E-13,2.137845456218E-12,0.));
#3067 = DIRECTION('',(0.,0.,1.));
#3068 = DIRECTION('',(-0.412316191986,-0.911040810187,0.));
#3069 = PCURVE('',#140,#3070);
#3070 = DEFINITIONAL_REPRESENTATION('',(#3071),#3075);
#3071 = CIRCLE('',#3072,9.000000000002);
#3072 = AXIS2_PLACEMENT_2D('',#3073,#3074);
#3073 = CARTESIAN_POINT('',(8.864547137228E-13,2.138868713069E-12));
#3074 = DIRECTION('',(-0.412316191986,-0.911040810187));
#3075 = ( GEOMETRIC_REPRESENTATION_CONTEXT(2) 
PARAMETRIC_REPRESENTATION_CONTEXT() REPRESENTATION_CONTEXT('2D SPACE',''
  ) );
#3076 = PCURVE('',#3077,#3082);
#3077 = CYLINDRICAL_SURFACE('',#3078,9.000000000002);
#3078 = AXIS2_PLACEMENT_3D('',#3079,#3080,#3081);
#3079 = CARTESIAN_POINT('',(8.872902412804E-13,2.137845456218E-12,0.));
#3080 = DIRECTION('',(-0.,-0.,-1.));
#3081 = DIRECTION('',(-0.412316191986,-0.911040810187,0.));
#3082 = DEFINITIONAL_REPRESENTATION('',(#3083),#3087);
#3083 = LINE('',#3084,#3085);
#3084 = CARTESIAN_POINT('',(-0.,0.));
#3085 = VECTOR('',#3086,1.);
#3086 = DIRECTION('',(-1.,0.));
#3087 = ( GEOMETRIC_REPRESENTATION_CONTEXT(2) 
PARAMETRIC_REPRESENTATION_CONTEXT() REPRESENTATION_CONTEXT('2D SPACE',''
  ) );
#3088 = ORIENTED_EDGE('',*,*,#3089,.T.);
#3089 = EDGE_CURVE('',#3061,#3090,#3092,.T.);
#3090 = VERTEX_POINT('',#3091);
#3091 = CARTESIAN_POINT('',(-2.108615728042,-7.215757887517,0.));
#3092 = SURFACE_CURVE('',#3093,(#3109,#3128),.PCURVE_S1.);
#3093 = B_SPLINE_CURVE_WITH_KNOTS('',3,(#3094,#3095,#3096,#3097,#3098,
    #3099,#3100,#3101,#3102,#3103,#3104,#3105,#3106,#3107,#3108),
  .UNSPECIFIED.,.F.,.F.,(4,1,1,1,1,1,1,1,1,1,1,1,4),(0.,0.146879273693,
    0.291728071966,0.434546320869,0.575333920312,0.71409073008,
    0.850816545047,0.985511047715,1.118173707569,1.248803534744,
    1.377398329377,1.503951286886,1.628390007606),.UNSPECIFIED.);
#3094 = CARTESIAN_POINT('',(-3.173864035268,-8.421792391506,0.));
#3095 = CARTESIAN_POINT('',(-3.134254095756,-8.393015612025,0.));
#3096 = CARTESIAN_POINT('',(-3.056418865334,-8.334695356656,0.));
#3097 = CARTESIAN_POINT('',(-2.9432236857,-8.24428168268,0.));
#3098 = CARTESIAN_POINT('',(-2.834526560922,-8.151603054968,0.));
#3099 = CARTESIAN_POINT('',(-2.730488212551,-8.05670909335,0.));
#3100 = CARTESIAN_POINT('',(-2.631292049399,-7.959642584635,0.));
#3101 = CARTESIAN_POINT('',(-2.537160628724,-7.860434565549,0.));
#3102 = CARTESIAN_POINT('',(-2.448364798389,-7.759101835039,0.));
#3103 = CARTESIAN_POINT('',(-2.365273392859,-7.655631671836,0.));
#3104 = CARTESIAN_POINT('',(-2.288322574268,-7.549993692169,0.));
#3105 = CARTESIAN_POINT('',(-2.21841206188,-7.442014824012,0.));
#3106 = CARTESIAN_POINT('',(-2.156099536815,-7.33167169338,0.));
#3107 = CARTESIAN_POINT('',(-2.122650793914,-7.254933125519,-0.));
#3108 = CARTESIAN_POINT('',(-2.108615728042,-7.215757887517,0.));
#3109 = PCURVE('',#140,#3110);
#3110 = DEFINITIONAL_REPRESENTATION('',(#3111),#3127);
#3111 = B_SPLINE_CURVE_WITH_KNOTS('',3,(#3112,#3113,#3114,#3115,#3116,
    #3117,#3118,#3119,#3120,#3121,#3122,#3123,#3124,#3125,#3126),
  .UNSPECIFIED.,.F.,.F.,(4,1,1,1,1,1,1,1,1,1,1,1,4),(0.,0.146879273693,
    0.291728071966,0.434546320869,0.575333920312,0.71409073008,
    0.850816545047,0.985511047715,1.118173707569,1.248803534744,
    1.377398329377,1.503951286886,1.628390007606),.UNSPECIFIED.);
#3112 = CARTESIAN_POINT('',(-3.173864035268,-8.421792391506));
#3113 = CARTESIAN_POINT('',(-3.134254095756,-8.393015612025));
#3114 = CARTESIAN_POINT('',(-3.056418865334,-8.334695356656));
#3115 = CARTESIAN_POINT('',(-2.9432236857,-8.24428168268));
#3116 = CARTESIAN_POINT('',(-2.834526560922,-8.151603054968));
#3117 = CARTESIAN_POINT('',(-2.730488212551,-8.05670909335));
#3118 = CARTESIAN_POINT('',(-2.631292049399,-7.959642584635));
#3119 = CARTESIAN_POINT('',(-2.537160628724,-7.860434565549));
#3120 = CARTESIAN_POINT('',(-2.448364798389,-7.759101835039));
#3121 = CARTESIAN_POINT('',(-2.365273392859,-7.655631671836));
#3122 = CARTESIAN_POINT('',(-2.288322574268,-7.549993692169));
#3123 = CARTESIAN_POINT('',(-2.21841206188,-7.442014824012));
#3124 = CARTESIAN_POINT('',(-2.156099536815,-7.33167169338));
#3125 = CARTESIAN_POINT('',(-2.122650793914,-7.254933125519));
#3126 = CARTESIAN_POINT('',(-2.108615728042,-7.215757887517));
#3127 = ( GEOMETRIC_REPRESENTATION_CONTEXT(2) 
PARAMETRIC_REPRESENTATION_CONTEXT() REPRESENTATION_CONTEXT('2D SPACE',''
  ) );
#3128 = PCURVE('',#3129,#3148);
#3129 = SURFACE_OF_LINEAR_EXTRUSION('',#3130,#3146);
#3130 = B_SPLINE_CURVE_WITH_KNOTS('',3,(#3131,#3132,#3133,#3134,#3135,
    #3136,#3137,#3138,#3139,#3140,#3141,#3142,#3143,#3144,#3145),
  .UNSPECIFIED.,.F.,.F.,(4,1,1,1,1,1,1,1,1,1,1,1,4),(0.,0.146879273693,
    0.291728071966,0.434546320869,0.575333920312,0.71409073008,
    0.850816545047,0.985511047715,1.118173707569,1.248803534744,
    1.377398329377,1.503951286886,1.628390007606),.UNSPECIFIED.);
#3131 = CARTESIAN_POINT('',(-3.173864035268,-8.421792391506,0.));
#3132 = CARTESIAN_POINT('',(-3.134254095756,-8.393015612025,0.));
#3133 = CARTESIAN_POINT('',(-3.056418865334,-8.334695356656,0.));
#3134 = CARTESIAN_POINT('',(-2.9432236857,-8.24428168268,0.));
#3135 = CARTESIAN_POINT('',(-2.834526560922,-8.151603054968,0.));
#3136 = CARTESIAN_POINT('',(-2.730488212551,-8.05670909335,0.));
#3137 = CARTESIAN_POINT('',(-2.631292049399,-7.959642584635,0.));
#3138 = CARTESIAN_POINT('',(-2.537160628724,-7.860434565549,0.));
#3139 = CARTESIAN_POINT('',(-2.448364798389,-7.759101835039,0.));
#3140 = CARTESIAN_POINT('',(-2.365273392859,-7.655631671836,0.));
#3141 = CARTESIAN_POINT('',(-2.288322574268,-7.549993692169,0.));
#3142 = CARTESIAN_POINT('',(-2.21841206188,-7.442014824012,0.));
#3143 = CARTESIAN_POINT('',(-2.156099536815,-7.33167169338,0.));
#3144 = CARTESIAN_POINT('',(-2.122650793914,-7.254933125519,-0.));
#3145 = CARTESIAN_POINT('',(-2.108615728042,-7.215757887517,0.));
#3146 = VECTOR('',#3147,1.);
#3147 = DIRECTION('',(-0.,-0.,-1.));
#3148 = DEFINITIONAL_REPRESENTATION('',(#3149),#3153);
#3149 = LINE('',#3150,#3151);
#3150 = CARTESIAN_POINT('',(0.,0.));
#3151 = VECTOR('',#3152,1.);
#3152 = DIRECTION('',(1.,0.));
#3153 = ( GEOMETRIC_REPRESENTATION_CONTEXT(2) 
PARAMETRIC_REPRESENTATION_CONTEXT() REPRESENTATION_CONTEXT('2D SPACE',''
  ) );
#3154 = ORIENTED_EDGE('',*,*,#3155,.T.);
#3155 = EDGE_CURVE('',#3090,#3156,#3158,.T.);
#3156 = VERTEX_POINT('',#3157);
#3157 = CARTESIAN_POINT('',(-1.893326052776,-6.479028974922,0.));
#3158 = SURFACE_CURVE('',#3159,(#3163,#3170),.PCURVE_S1.);
#3159 = LINE('',#3160,#3161);
#3160 = CARTESIAN_POINT('',(-2.108615728042,-7.215757887517,0.));
#3161 = VECTOR('',#3162,1.);
#3162 = DIRECTION('',(0.280492748559,0.959856144433,0.));
#3163 = PCURVE('',#140,#3164);
#3164 = DEFINITIONAL_REPRESENTATION('',(#3165),#3169);
#3165 = LINE('',#3166,#3167);
#3166 = CARTESIAN_POINT('',(-2.108615728042,-7.215757887517));
#3167 = VECTOR('',#3168,1.);
#3168 = DIRECTION('',(0.280492748559,0.959856144433));
#3169 = ( GEOMETRIC_REPRESENTATION_CONTEXT(2) 
PARAMETRIC_REPRESENTATION_CONTEXT() REPRESENTATION_CONTEXT('2D SPACE',''
  ) );
#3170 = PCURVE('',#3171,#3176);
#3171 = PLANE('',#3172);
#3172 = AXIS2_PLACEMENT_3D('',#3173,#3174,#3175);
#3173 = CARTESIAN_POINT('',(-2.108615728042,-7.215757887517,0.));
#3174 = DIRECTION('',(-0.959856144433,0.280492748559,0.));
#3175 = DIRECTION('',(0.280492748559,0.959856144433,0.));
#3176 = DEFINITIONAL_REPRESENTATION('',(#3177),#3181);
#3177 = LINE('',#3178,#3179);
#3178 = CARTESIAN_POINT('',(0.,0.));
#3179 = VECTOR('',#3180,1.);
#3180 = DIRECTION('',(1.,0.));
#3181 = ( GEOMETRIC_REPRESENTATION_CONTEXT(2) 
PARAMETRIC_REPRESENTATION_CONTEXT() REPRESENTATION_CONTEXT('2D SPACE',''
  ) );
#3182 = ORIENTED_EDGE('',*,*,#3183,.T.);
#3183 = EDGE_CURVE('',#3156,#3184,#3186,.T.);
#3184 = VERTEX_POINT('',#3185);
#3185 = CARTESIAN_POINT('',(-0.730211857986,-6.710386772941,0.));
#3186 = SURFACE_CURVE('',#3187,(#3192,#3199),.PCURVE_S1.);
#3187 = CIRCLE('',#3188,6.75);
#3188 = AXIS2_PLACEMENT_3D('',#3189,#3190,#3191);
#3189 = CARTESIAN_POINT('',(3.330669073875E-15,-1.7763568394E-15,0.));
#3190 = DIRECTION('',(0.,0.,1.));
#3191 = DIRECTION('',(-0.280492748559,-0.959856144433,0.));
#3192 = PCURVE('',#140,#3193);
#3193 = DEFINITIONAL_REPRESENTATION('',(#3194),#3198);
#3194 = CIRCLE('',#3195,6.75);
#3195 = AXIS2_PLACEMENT_2D('',#3196,#3197);
#3196 = CARTESIAN_POINT('',(2.49514151621E-15,-7.530999887156E-16));
#3197 = DIRECTION('',(-0.280492748559,-0.959856144433));
#3198 = ( GEOMETRIC_REPRESENTATION_CONTEXT(2) 
PARAMETRIC_REPRESENTATION_CONTEXT() REPRESENTATION_CONTEXT('2D SPACE',''
  ) );
#3199 = PCURVE('',#3200,#3205);
#3200 = CYLINDRICAL_SURFACE('',#3201,6.75);
#3201 = AXIS2_PLACEMENT_3D('',#3202,#3203,#3204);
#3202 = CARTESIAN_POINT('',(3.330669073875E-15,-1.7763568394E-15,0.));
#3203 = DIRECTION('',(-0.,-0.,-1.));
#3204 = DIRECTION('',(-0.280492748559,-0.959856144433,0.));
#3205 = DEFINITIONAL_REPRESENTATION('',(#3206),#3210);
#3206 = LINE('',#3207,#3208);
#3207 = CARTESIAN_POINT('',(-0.,0.));
#3208 = VECTOR('',#3209,1.);
#3209 = DIRECTION('',(-1.,0.));
#3210 = ( GEOMETRIC_REPRESENTATION_CONTEXT(2) 
PARAMETRIC_REPRESENTATION_CONTEXT() REPRESENTATION_CONTEXT('2D SPACE',''
  ) );
#3211 = ORIENTED_EDGE('',*,*,#3212,.T.);
#3212 = EDGE_CURVE('',#3184,#3213,#3215,.T.);
#3213 = VERTEX_POINT('',#3214);
#3214 = CARTESIAN_POINT('',(-0.813244082441,-7.47342332818,0.));
#3215 = SURFACE_CURVE('',#3216,(#3220,#3227),.PCURVE_S1.);
#3216 = LINE('',#3217,#3218);
#3217 = CARTESIAN_POINT('',(-0.730211857986,-6.710386772941,0.));
#3218 = VECTOR('',#3219,1.);
#3219 = DIRECTION('',(-0.108179534516,-0.994131373769,0.));
#3220 = PCURVE('',#140,#3221);
#3221 = DEFINITIONAL_REPRESENTATION('',(#3222),#3226);
#3222 = LINE('',#3223,#3224);
#3223 = CARTESIAN_POINT('',(-0.730211857986,-6.710386772941));
#3224 = VECTOR('',#3225,1.);
#3225 = DIRECTION('',(-0.108179534516,-0.994131373769));
#3226 = ( GEOMETRIC_REPRESENTATION_CONTEXT(2) 
PARAMETRIC_REPRESENTATION_CONTEXT() REPRESENTATION_CONTEXT('2D SPACE',''
  ) );
#3227 = PCURVE('',#3228,#3233);
#3228 = PLANE('',#3229);
#3229 = AXIS2_PLACEMENT_3D('',#3230,#3231,#3232);
#3230 = CARTESIAN_POINT('',(-0.730211857986,-6.710386772941,0.));
#3231 = DIRECTION('',(0.994131373769,-0.108179534516,0.));
#3232 = DIRECTION('',(-0.108179534516,-0.994131373769,0.));
#3233 = DEFINITIONAL_REPRESENTATION('',(#3234),#3238);
#3234 = LINE('',#3235,#3236);
#3235 = CARTESIAN_POINT('',(0.,0.));
#3236 = VECTOR('',#3237,1.);
#3237 = DIRECTION('',(1.,0.));
#3238 = ( GEOMETRIC_REPRESENTATION_CONTEXT(2) 
PARAMETRIC_REPRESENTATION_CONTEXT() REPRESENTATION_CONTEXT('2D SPACE',''
  ) );
#3239 = ORIENTED_EDGE('',*,*,#3240,.T.);
#3240 = EDGE_CURVE('',#3213,#3241,#3243,.T.);
#3241 = VERTEX_POINT('',#3242);
#3242 = CARTESIAN_POINT('',(-0.29061239789,-8.995306800448,0.));
#3243 = SURFACE_CURVE('',#3244,(#3260,#3279),.PCURVE_S1.);
#3244 = B_SPLINE_CURVE_WITH_KNOTS('',3,(#3245,#3246,#3247,#3248,#3249,
    #3250,#3251,#3252,#3253,#3254,#3255,#3256,#3257,#3258,#3259),
  .UNSPECIFIED.,.F.,.F.,(4,1,1,1,1,1,1,1,1,1,1,1,4),(0.,0.12443872072,
    0.250991678229,0.379586472863,0.510216300037,0.642878959891,
    0.777573462559,0.914299277526,1.053056087294,1.193843686737,
    1.33666193564,1.481510733913,1.628390007606),.UNSPECIFIED.);
#3245 = CARTESIAN_POINT('',(-0.813244082441,-7.47342332818,0.));
#3246 = CARTESIAN_POINT('',(-0.815269086887,-7.514987515933,0.));
#3247 = CARTESIAN_POINT('',(-0.813733056476,-7.598684987875,0.));
#3248 = CARTESIAN_POINT('',(-0.798390277918,-7.72447471879,0.));
#3249 = CARTESIAN_POINT('',(-0.775123110305,-7.850987779864,0.));
#3250 = CARTESIAN_POINT('',(-0.744455728645,-7.978032350515,0.));
#3251 = CARTESIAN_POINT('',(-0.70728559695,-8.105424020793,0.));
#3252 = CARTESIAN_POINT('',(-0.664027303853,-8.233023949617,0.));
#3253 = CARTESIAN_POINT('',(-0.615026476188,-8.360702743068,0.));
#3254 = CARTESIAN_POINT('',(-0.560526916071,-8.488341231955,0.));
#3255 = CARTESIAN_POINT('',(-0.500722362357,-8.615825573105,0.));
#3256 = CARTESIAN_POINT('',(-0.435765888892,-8.743046049147,0.));
#3257 = CARTESIAN_POINT('',(-0.365786994339,-8.869895311863,0.));
#3258 = CARTESIAN_POINT('',(-0.316194813545,-8.953562455266,-0.));
#3259 = CARTESIAN_POINT('',(-0.29061239789,-8.995306800448,0.));
#3260 = PCURVE('',#140,#3261);
#3261 = DEFINITIONAL_REPRESENTATION('',(#3262),#3278);
#3262 = B_SPLINE_CURVE_WITH_KNOTS('',3,(#3263,#3264,#3265,#3266,#3267,
    #3268,#3269,#3270,#3271,#3272,#3273,#3274,#3275,#3276,#3277),
  .UNSPECIFIED.,.F.,.F.,(4,1,1,1,1,1,1,1,1,1,1,1,4),(0.,0.12443872072,
    0.250991678229,0.379586472863,0.510216300037,0.642878959891,
    0.777573462559,0.914299277526,1.053056087294,1.193843686737,
    1.33666193564,1.481510733913,1.628390007606),.UNSPECIFIED.);
#3263 = CARTESIAN_POINT('',(-0.813244082441,-7.47342332818));
#3264 = CARTESIAN_POINT('',(-0.815269086887,-7.514987515933));
#3265 = CARTESIAN_POINT('',(-0.813733056476,-7.598684987875));
#3266 = CARTESIAN_POINT('',(-0.798390277918,-7.72447471879));
#3267 = CARTESIAN_POINT('',(-0.775123110305,-7.850987779864));
#3268 = CARTESIAN_POINT('',(-0.744455728645,-7.978032350515));
#3269 = CARTESIAN_POINT('',(-0.70728559695,-8.105424020793));
#3270 = CARTESIAN_POINT('',(-0.664027303853,-8.233023949617));
#3271 = CARTESIAN_POINT('',(-0.615026476188,-8.360702743068));
#3272 = CARTESIAN_POINT('',(-0.560526916071,-8.488341231955));
#3273 = CARTESIAN_POINT('',(-0.500722362357,-8.615825573105));
#3274 = CARTESIAN_POINT('',(-0.435765888892,-8.743046049147));
#3275 = CARTESIAN_POINT('',(-0.365786994339,-8.869895311863));
#3276 = CARTESIAN_POINT('',(-0.316194813545,-8.953562455266));
#3277 = CARTESIAN_POINT('',(-0.29061239789,-8.995306800448));
#3278 = ( GEOMETRIC_REPRESENTATION_CONTEXT(2) 
PARAMETRIC_REPRESENTATION_CONTEXT() REPRESENTATION_CONTEXT('2D SPACE',''
  ) );
#3279 = PCURVE('',#3280,#3299);
#3280 = SURFACE_OF_LINEAR_EXTRUSION('',#3281,#3297);
#3281 = B_SPLINE_CURVE_WITH_KNOTS('',3,(#3282,#3283,#3284,#3285,#3286,
    #3287,#3288,#3289,#3290,#3291,#3292,#3293,#3294,#3295,#3296),
  .UNSPECIFIED.,.F.,.F.,(4,1,1,1,1,1,1,1,1,1,1,1,4),(0.,0.12443872072,
    0.250991678229,0.379586472863,0.510216300037,0.642878959891,
    0.777573462559,0.914299277526,1.053056087294,1.193843686737,
    1.33666193564,1.481510733913,1.628390007606),.UNSPECIFIED.);
#3282 = CARTESIAN_POINT('',(-0.813244082441,-7.47342332818,0.));
#3283 = CARTESIAN_POINT('',(-0.815269086887,-7.514987515933,0.));
#3284 = CARTESIAN_POINT('',(-0.813733056476,-7.598684987875,0.));
#3285 = CARTESIAN_POINT('',(-0.798390277918,-7.72447471879,0.));
#3286 = CARTESIAN_POINT('',(-0.775123110305,-7.850987779864,0.));
#3287 = CARTESIAN_POINT('',(-0.744455728645,-7.978032350515,0.));
#3288 = CARTESIAN_POINT('',(-0.70728559695,-8.105424020793,0.));
#3289 = CARTESIAN_POINT('',(-0.664027303853,-8.233023949617,0.));
#3290 = CARTESIAN_POINT('',(-0.615026476188,-8.360702743068,0.));
#3291 = CARTESIAN_POINT('',(-0.560526916071,-8.488341231955,0.));
#3292 = CARTESIAN_POINT('',(-0.500722362357,-8.615825573105,0.));
#3293 = CARTESIAN_POINT('',(-0.435765888892,-8.743046049147,0.));
#3294 = CARTESIAN_POINT('',(-0.365786994339,-8.869895311863,0.));
#3295 = CARTESIAN_POINT('',(-0.316194813545,-8.953562455266,-0.));
#3296 = CARTESIAN_POINT('',(-0.29061239789,-8.995306800448,0.));
#3297 = VECTOR('',#3298,1.);
#3298 = DIRECTION('',(-0.,-0.,-1.));
#3299 = DEFINITIONAL_REPRESENTATION('',(#3300),#3304);
#3300 = LINE('',#3301,#3302);
#3301 = CARTESIAN_POINT('',(0.,0.));
#3302 = VECTOR('',#3303,1.);
#3303 = DIRECTION('',(1.,0.));
#3304 = ( GEOMETRIC_REPRESENTATION_CONTEXT(2) 
PARAMETRIC_REPRESENTATION_CONTEXT() REPRESENTATION_CONTEXT('2D SPACE',''
  ) );
#3305 = ORIENTED_EDGE('',*,*,#3306,.T.);
#3306 = EDGE_CURVE('',#3241,#3307,#3309,.T.);
#3307 = VERTEX_POINT('',#3308);
#3308 = CARTESIAN_POINT('',(0.29061239789,-8.995306800448,0.));
#3309 = SURFACE_CURVE('',#3310,(#3315,#3322),.PCURVE_S1.);
#3310 = CIRCLE('',#3311,9.000000000001);
#3311 = AXIS2_PLACEMENT_3D('',#3312,#3313,#3314);
#3312 = CARTESIAN_POINT('',(-1.665334536938E-15,8.206768598029E-13,0.));
#3313 = DIRECTION('',(0.,0.,1.));
#3314 = DIRECTION('',(-3.229026643226E-02,-0.999478533383,0.));
#3315 = PCURVE('',#140,#3316);
#3316 = DEFINITIONAL_REPRESENTATION('',(#3317),#3321);
#3317 = CIRCLE('',#3318,9.000000000001);
#3318 = AXIS2_PLACEMENT_2D('',#3319,#3320);
#3319 = CARTESIAN_POINT('',(-2.500862094603E-15,8.217001166536E-13));
#3320 = DIRECTION('',(-3.229026643226E-02,-0.999478533383));
#3321 = ( GEOMETRIC_REPRESENTATION_CONTEXT(2) 
PARAMETRIC_REPRESENTATION_CONTEXT() REPRESENTATION_CONTEXT('2D SPACE',''
  ) );
#3322 = PCURVE('',#3323,#3328);
#3323 = CYLINDRICAL_SURFACE('',#3324,9.000000000001);
#3324 = AXIS2_PLACEMENT_3D('',#3325,#3326,#3327);
#3325 = CARTESIAN_POINT('',(-1.665334536938E-15,8.206768598029E-13,0.));
#3326 = DIRECTION('',(-0.,-0.,-1.));
#3327 = DIRECTION('',(-3.229026643226E-02,-0.999478533383,0.));
#3328 = DEFINITIONAL_REPRESENTATION('',(#3329),#3333);
#3329 = LINE('',#3330,#3331);
#3330 = CARTESIAN_POINT('',(-0.,0.));
#3331 = VECTOR('',#3332,1.);
#3332 = DIRECTION('',(-1.,0.));
#3333 = ( GEOMETRIC_REPRESENTATION_CONTEXT(2) 
PARAMETRIC_REPRESENTATION_CONTEXT() REPRESENTATION_CONTEXT('2D SPACE',''
  ) );
#3334 = ORIENTED_EDGE('',*,*,#3335,.T.);
#3335 = EDGE_CURVE('',#3307,#3336,#3338,.T.);
#3336 = VERTEX_POINT('',#3337);
#3337 = CARTESIAN_POINT('',(0.813244082441,-7.47342332818,0.));
#3338 = SURFACE_CURVE('',#3339,(#3355,#3374),.PCURVE_S1.);
#3339 = B_SPLINE_CURVE_WITH_KNOTS('',3,(#3340,#3341,#3342,#3343,#3344,
    #3345,#3346,#3347,#3348,#3349,#3350,#3351,#3352,#3353,#3354),
  .UNSPECIFIED.,.F.,.F.,(4,1,1,1,1,1,1,1,1,1,1,1,4),(0.,0.146879273693,
    0.291728071966,0.434546320869,0.575333920312,0.71409073008,
    0.850816545047,0.985511047715,1.118173707569,1.248803534744,
    1.377398329377,1.503951286886,1.628390007606),.UNSPECIFIED.);
#3340 = CARTESIAN_POINT('',(0.29061239789,-8.995306800448,0.));
#3341 = CARTESIAN_POINT('',(0.316194813545,-8.953562455266,0.));
#3342 = CARTESIAN_POINT('',(0.365786994339,-8.869895311863,0.));
#3343 = CARTESIAN_POINT('',(0.435765888892,-8.743046049147,0.));
#3344 = CARTESIAN_POINT('',(0.500722362357,-8.615825573105,0.));
#3345 = CARTESIAN_POINT('',(0.560526916071,-8.488341231955,0.));
#3346 = CARTESIAN_POINT('',(0.615026476188,-8.360702743068,0.));
#3347 = CARTESIAN_POINT('',(0.664027303853,-8.233023949617,0.));
#3348 = CARTESIAN_POINT('',(0.70728559695,-8.105424020793,0.));
#3349 = CARTESIAN_POINT('',(0.744455728645,-7.978032350515,0.));
#3350 = CARTESIAN_POINT('',(0.775123110305,-7.850987779864,0.));
#3351 = CARTESIAN_POINT('',(0.798390277918,-7.72447471879,0.));
#3352 = CARTESIAN_POINT('',(0.813733056476,-7.598684987875,0.));
#3353 = CARTESIAN_POINT('',(0.815269086887,-7.514987515933,-0.));
#3354 = CARTESIAN_POINT('',(0.813244082441,-7.47342332818,0.));
#3355 = PCURVE('',#140,#3356);
#3356 = DEFINITIONAL_REPRESENTATION('',(#3357),#3373);
#3357 = B_SPLINE_CURVE_WITH_KNOTS('',3,(#3358,#3359,#3360,#3361,#3362,
    #3363,#3364,#3365,#3366,#3367,#3368,#3369,#3370,#3371,#3372),
  .UNSPECIFIED.,.F.,.F.,(4,1,1,1,1,1,1,1,1,1,1,1,4),(0.,0.146879273693,
    0.291728071966,0.434546320869,0.575333920312,0.71409073008,
    0.850816545047,0.985511047715,1.118173707569,1.248803534744,
    1.377398329377,1.503951286886,1.628390007606),.UNSPECIFIED.);
#3358 = CARTESIAN_POINT('',(0.29061239789,-8.995306800448));
#3359 = CARTESIAN_POINT('',(0.316194813545,-8.953562455266));
#3360 = CARTESIAN_POINT('',(0.365786994339,-8.869895311863));
#3361 = CARTESIAN_POINT('',(0.435765888892,-8.743046049147));
#3362 = CARTESIAN_POINT('',(0.500722362357,-8.615825573105));
#3363 = CARTESIAN_POINT('',(0.560526916071,-8.488341231955));
#3364 = CARTESIAN_POINT('',(0.615026476188,-8.360702743068));
#3365 = CARTESIAN_POINT('',(0.664027303853,-8.233023949617));
#3366 = CARTESIAN_POINT('',(0.70728559695,-8.105424020793));
#3367 = CARTESIAN_POINT('',(0.744455728645,-7.978032350515));
#3368 = CARTESIAN_POINT('',(0.775123110305,-7.850987779864));
#3369 = CARTESIAN_POINT('',(0.798390277918,-7.72447471879));
#3370 = CARTESIAN_POINT('',(0.813733056476,-7.598684987875));
#3371 = CARTESIAN_POINT('',(0.815269086887,-7.514987515933));
#3372 = CARTESIAN_POINT('',(0.813244082441,-7.47342332818));
#3373 = ( GEOMETRIC_REPRESENTATION_CONTEXT(2) 
PARAMETRIC_REPRESENTATION_CONTEXT() REPRESENTATION_CONTEXT('2D SPACE',''
  ) );
#3374 = PCURVE('',#3375,#3394);
#3375 = SURFACE_OF_LINEAR_EXTRUSION('',#3376,#3392);
#3376 = B_SPLINE_CURVE_WITH_KNOTS('',3,(#3377,#3378,#3379,#3380,#3381,
    #3382,#3383,#3384,#3385,#3386,#3387,#3388,#3389,#3390,#3391),
  .UNSPECIFIED.,.F.,.F.,(4,1,1,1,1,1,1,1,1,1,1,1,4),(0.,0.146879273693,
    0.291728071966,0.434546320869,0.575333920312,0.71409073008,
    0.850816545047,0.985511047715,1.118173707569,1.248803534744,
    1.377398329377,1.503951286886,1.628390007606),.UNSPECIFIED.);
#3377 = CARTESIAN_POINT('',(0.29061239789,-8.995306800448,0.));
#3378 = CARTESIAN_POINT('',(0.316194813545,-8.953562455266,0.));
#3379 = CARTESIAN_POINT('',(0.365786994339,-8.869895311863,0.));
#3380 = CARTESIAN_POINT('',(0.435765888892,-8.743046049147,0.));
#3381 = CARTESIAN_POINT('',(0.500722362357,-8.615825573105,0.));
#3382 = CARTESIAN_POINT('',(0.560526916071,-8.488341231955,0.));
#3383 = CARTESIAN_POINT('',(0.615026476188,-8.360702743068,0.));
#3384 = CARTESIAN_POINT('',(0.664027303853,-8.233023949617,0.));
#3385 = CARTESIAN_POINT('',(0.70728559695,-8.105424020793,0.));
#3386 = CARTESIAN_POINT('',(0.744455728645,-7.978032350515,0.));
#3387 = CARTESIAN_POINT('',(0.775123110305,-7.850987779864,0.));
#3388 = CARTESIAN_POINT('',(0.798390277918,-7.72447471879,0.));
#3389 = CARTESIAN_POINT('',(0.813733056476,-7.598684987875,0.));
#3390 = CARTESIAN_POINT('',(0.815269086887,-7.514987515933,-0.));
#3391 = CARTESIAN_POINT('',(0.813244082441,-7.47342332818,0.));
#3392 = VECTOR('',#3393,1.);
#3393 = DIRECTION('',(-0.,-0.,-1.));
#3394 = DEFINITIONAL_REPRESENTATION('',(#3395),#3399);
#3395 = LINE('',#3396,#3397);
#3396 = CARTESIAN_POINT('',(0.,0.));
#3397 = VECTOR('',#3398,1.);
#3398 = DIRECTION('',(1.,0.));
#3399 = ( GEOMETRIC_REPRESENTATION_CONTEXT(2) 
PARAMETRIC_REPRESENTATION_CONTEXT() REPRESENTATION_CONTEXT('2D SPACE',''
  ) );
#3400 = ORIENTED_EDGE('',*,*,#3401,.T.);
#3401 = EDGE_CURVE('',#3336,#3402,#3404,.T.);
#3402 = VERTEX_POINT('',#3403);
#3403 = CARTESIAN_POINT('',(0.730211857986,-6.710386772941,0.));
#3404 = SURFACE_CURVE('',#3405,(#3409,#3416),.PCURVE_S1.);
#3405 = LINE('',#3406,#3407);
#3406 = CARTESIAN_POINT('',(0.813244082441,-7.47342332818,0.));
#3407 = VECTOR('',#3408,1.);
#3408 = DIRECTION('',(-0.108179534516,0.994131373769,0.));
#3409 = PCURVE('',#140,#3410);
#3410 = DEFINITIONAL_REPRESENTATION('',(#3411),#3415);
#3411 = LINE('',#3412,#3413);
#3412 = CARTESIAN_POINT('',(0.813244082441,-7.47342332818));
#3413 = VECTOR('',#3414,1.);
#3414 = DIRECTION('',(-0.108179534516,0.994131373769));
#3415 = ( GEOMETRIC_REPRESENTATION_CONTEXT(2) 
PARAMETRIC_REPRESENTATION_CONTEXT() REPRESENTATION_CONTEXT('2D SPACE',''
  ) );
#3416 = PCURVE('',#3417,#3422);
#3417 = PLANE('',#3418);
#3418 = AXIS2_PLACEMENT_3D('',#3419,#3420,#3421);
#3419 = CARTESIAN_POINT('',(0.813244082441,-7.47342332818,0.));
#3420 = DIRECTION('',(-0.994131373769,-0.108179534516,0.));
#3421 = DIRECTION('',(-0.108179534516,0.994131373769,0.));
#3422 = DEFINITIONAL_REPRESENTATION('',(#3423),#3427);
#3423 = LINE('',#3424,#3425);
#3424 = CARTESIAN_POINT('',(0.,0.));
#3425 = VECTOR('',#3426,1.);
#3426 = DIRECTION('',(1.,0.));
#3427 = ( GEOMETRIC_REPRESENTATION_CONTEXT(2) 
PARAMETRIC_REPRESENTATION_CONTEXT() REPRESENTATION_CONTEXT('2D SPACE',''
  ) );
#3428 = ORIENTED_EDGE('',*,*,#3429,.T.);
#3429 = EDGE_CURVE('',#3402,#3430,#3432,.T.);
#3430 = VERTEX_POINT('',#3431);
#3431 = CARTESIAN_POINT('',(1.893326052776,-6.479028974922,0.));
#3432 = SURFACE_CURVE('',#3433,(#3438,#3445),.PCURVE_S1.);
#3433 = CIRCLE('',#3434,6.75);
#3434 = AXIS2_PLACEMENT_3D('',#3435,#3436,#3437);
#3435 = CARTESIAN_POINT('',(-9.237055564881E-14,4.609645998244E-13,0.));
#3436 = DIRECTION('',(0.,0.,1.));
#3437 = DIRECTION('',(0.108179534516,-0.994131373769,0.));
#3438 = PCURVE('',#140,#3439);
#3439 = DEFINITIONAL_REPRESENTATION('',(#3440),#3444);
#3440 = CIRCLE('',#3441,6.75);
#3441 = AXIS2_PLACEMENT_2D('',#3442,#3443);
#3442 = CARTESIAN_POINT('',(-9.320608320648E-14,4.61987856675E-13));
#3443 = DIRECTION('',(0.108179534516,-0.994131373769));
#3444 = ( GEOMETRIC_REPRESENTATION_CONTEXT(2) 
PARAMETRIC_REPRESENTATION_CONTEXT() REPRESENTATION_CONTEXT('2D SPACE',''
  ) );
#3445 = PCURVE('',#3446,#3451);
#3446 = CYLINDRICAL_SURFACE('',#3447,6.75);
#3447 = AXIS2_PLACEMENT_3D('',#3448,#3449,#3450);
#3448 = CARTESIAN_POINT('',(-9.237055564881E-14,4.609645998244E-13,0.));
#3449 = DIRECTION('',(-0.,-0.,-1.));
#3450 = DIRECTION('',(0.108179534516,-0.994131373769,0.));
#3451 = DEFINITIONAL_REPRESENTATION('',(#3452),#3456);
#3452 = LINE('',#3453,#3454);
#3453 = CARTESIAN_POINT('',(-0.,0.));
#3454 = VECTOR('',#3455,1.);
#3455 = DIRECTION('',(-1.,0.));
#3456 = ( GEOMETRIC_REPRESENTATION_CONTEXT(2) 
PARAMETRIC_REPRESENTATION_CONTEXT() REPRESENTATION_CONTEXT('2D SPACE',''
  ) );
#3457 = ORIENTED_EDGE('',*,*,#3458,.T.);
#3458 = EDGE_CURVE('',#3430,#3459,#3461,.T.);
#3459 = VERTEX_POINT('',#3460);
#3460 = CARTESIAN_POINT('',(2.108615728042,-7.215757887517,0.));
#3461 = SURFACE_CURVE('',#3462,(#3466,#3473),.PCURVE_S1.);
#3462 = LINE('',#3463,#3464);
#3463 = CARTESIAN_POINT('',(1.893326052776,-6.479028974922,0.));
#3464 = VECTOR('',#3465,1.);
#3465 = DIRECTION('',(0.280492748559,-0.959856144433,0.));
#3466 = PCURVE('',#140,#3467);
#3467 = DEFINITIONAL_REPRESENTATION('',(#3468),#3472);
#3468 = LINE('',#3469,#3470);
#3469 = CARTESIAN_POINT('',(1.893326052776,-6.479028974922));
#3470 = VECTOR('',#3471,1.);
#3471 = DIRECTION('',(0.280492748559,-0.959856144433));
#3472 = ( GEOMETRIC_REPRESENTATION_CONTEXT(2) 
PARAMETRIC_REPRESENTATION_CONTEXT() REPRESENTATION_CONTEXT('2D SPACE',''
  ) );
#3473 = PCURVE('',#3474,#3479);
#3474 = PLANE('',#3475);
#3475 = AXIS2_PLACEMENT_3D('',#3476,#3477,#3478);
#3476 = CARTESIAN_POINT('',(1.893326052776,-6.479028974922,0.));
#3477 = DIRECTION('',(0.959856144433,0.280492748559,-0.));
#3478 = DIRECTION('',(0.280492748559,-0.959856144433,0.));
#3479 = DEFINITIONAL_REPRESENTATION('',(#3480),#3484);
#3480 = LINE('',#3481,#3482);
#3481 = CARTESIAN_POINT('',(0.,0.));
#3482 = VECTOR('',#3483,1.);
#3483 = DIRECTION('',(1.,0.));
#3484 = ( GEOMETRIC_REPRESENTATION_CONTEXT(2) 
PARAMETRIC_REPRESENTATION_CONTEXT() REPRESENTATION_CONTEXT('2D SPACE',''
  ) );
#3485 = ORIENTED_EDGE('',*,*,#3486,.T.);
#3486 = EDGE_CURVE('',#3459,#3487,#3489,.T.);
#3487 = VERTEX_POINT('',#3488);
#3488 = CARTESIAN_POINT('',(3.173864035268,-8.421792391506,0.));
#3489 = SURFACE_CURVE('',#3490,(#3506,#3525),.PCURVE_S1.);
#3490 = B_SPLINE_CURVE_WITH_KNOTS('',3,(#3491,#3492,#3493,#3494,#3495,
    #3496,#3497,#3498,#3499,#3500,#3501,#3502,#3503,#3504,#3505),
  .UNSPECIFIED.,.F.,.F.,(4,1,1,1,1,1,1,1,1,1,1,1,4),(0.,0.12443872072,
    0.250991678229,0.379586472863,0.510216300037,0.642878959891,
    0.777573462559,0.914299277526,1.053056087294,1.193843686737,
    1.33666193564,1.481510733913,1.628390007606),.UNSPECIFIED.);
#3491 = CARTESIAN_POINT('',(2.108615728042,-7.215757887517,0.));
#3492 = CARTESIAN_POINT('',(2.122650793914,-7.254933125519,0.));
#3493 = CARTESIAN_POINT('',(2.156099536815,-7.33167169338,0.));
#3494 = CARTESIAN_POINT('',(2.21841206188,-7.442014824012,0.));
#3495 = CARTESIAN_POINT('',(2.288322574268,-7.549993692169,0.));
#3496 = CARTESIAN_POINT('',(2.365273392859,-7.655631671836,0.));
#3497 = CARTESIAN_POINT('',(2.448364798389,-7.759101835039,0.));
#3498 = CARTESIAN_POINT('',(2.537160628724,-7.860434565549,0.));
#3499 = CARTESIAN_POINT('',(2.631292049399,-7.959642584635,0.));
#3500 = CARTESIAN_POINT('',(2.730488212551,-8.05670909335,0.));
#3501 = CARTESIAN_POINT('',(2.834526560922,-8.151603054968,0.));
#3502 = CARTESIAN_POINT('',(2.9432236857,-8.24428168268,0.));
#3503 = CARTESIAN_POINT('',(3.056418865334,-8.334695356656,0.));
#3504 = CARTESIAN_POINT('',(3.134254095756,-8.393015612025,-0.));
#3505 = CARTESIAN_POINT('',(3.173864035268,-8.421792391506,0.));
#3506 = PCURVE('',#140,#3507);
#3507 = DEFINITIONAL_REPRESENTATION('',(#3508),#3524);
#3508 = B_SPLINE_CURVE_WITH_KNOTS('',3,(#3509,#3510,#3511,#3512,#3513,
    #3514,#3515,#3516,#3517,#3518,#3519,#3520,#3521,#3522,#3523),
  .UNSPECIFIED.,.F.,.F.,(4,1,1,1,1,1,1,1,1,1,1,1,4),(0.,0.12443872072,
    0.250991678229,0.379586472863,0.510216300037,0.642878959891,
    0.777573462559,0.914299277526,1.053056087294,1.193843686737,
    1.33666193564,1.481510733913,1.628390007606),.UNSPECIFIED.);
#3509 = CARTESIAN_POINT('',(2.108615728042,-7.215757887517));
#3510 = CARTESIAN_POINT('',(2.122650793914,-7.254933125519));
#3511 = CARTESIAN_POINT('',(2.156099536815,-7.33167169338));
#3512 = CARTESIAN_POINT('',(2.21841206188,-7.442014824012));
#3513 = CARTESIAN_POINT('',(2.288322574268,-7.549993692169));
#3514 = CARTESIAN_POINT('',(2.365273392859,-7.655631671836));
#3515 = CARTESIAN_POINT('',(2.448364798389,-7.759101835039));
#3516 = CARTESIAN_POINT('',(2.537160628724,-7.860434565549));
#3517 = CARTESIAN_POINT('',(2.631292049399,-7.959642584635));
#3518 = CARTESIAN_POINT('',(2.730488212551,-8.05670909335));
#3519 = CARTESIAN_POINT('',(2.834526560922,-8.151603054968));
#3520 = CARTESIAN_POINT('',(2.9432236857,-8.24428168268));
#3521 = CARTESIAN_POINT('',(3.056418865334,-8.334695356656));
#3522 = CARTESIAN_POINT('',(3.134254095756,-8.393015612025));
#3523 = CARTESIAN_POINT('',(3.173864035268,-8.421792391506));
#3524 = ( GEOMETRIC_REPRESENTATION_CONTEXT(2) 
PARAMETRIC_REPRESENTATION_CONTEXT() REPRESENTATION_CONTEXT('2D SPACE',''
  ) );
#3525 = PCURVE('',#3526,#3545);
#3526 = SURFACE_OF_LINEAR_EXTRUSION('',#3527,#3543);
#3527 = B_SPLINE_CURVE_WITH_KNOTS('',3,(#3528,#3529,#3530,#3531,#3532,
    #3533,#3534,#3535,#3536,#3537,#3538,#3539,#3540,#3541,#3542),
  .UNSPECIFIED.,.F.,.F.,(4,1,1,1,1,1,1,1,1,1,1,1,4),(0.,0.12443872072,
    0.250991678229,0.379586472863,0.510216300037,0.642878959891,
    0.777573462559,0.914299277526,1.053056087294,1.193843686737,
    1.33666193564,1.481510733913,1.628390007606),.UNSPECIFIED.);
#3528 = CARTESIAN_POINT('',(2.108615728042,-7.215757887517,0.));
#3529 = CARTESIAN_POINT('',(2.122650793914,-7.254933125519,0.));
#3530 = CARTESIAN_POINT('',(2.156099536815,-7.33167169338,0.));
#3531 = CARTESIAN_POINT('',(2.21841206188,-7.442014824012,0.));
#3532 = CARTESIAN_POINT('',(2.288322574268,-7.549993692169,0.));
#3533 = CARTESIAN_POINT('',(2.365273392859,-7.655631671836,0.));
#3534 = CARTESIAN_POINT('',(2.448364798389,-7.759101835039,0.));
#3535 = CARTESIAN_POINT('',(2.537160628724,-7.860434565549,0.));
#3536 = CARTESIAN_POINT('',(2.631292049399,-7.959642584635,0.));
#3537 = CARTESIAN_POINT('',(2.730488212551,-8.05670909335,0.));
#3538 = CARTESIAN_POINT('',(2.834526560922,-8.151603054968,0.));
#3539 = CARTESIAN_POINT('',(2.9432236857,-8.24428168268,0.));
#3540 = CARTESIAN_POINT('',(3.056418865334,-8.334695356656,0.));
#3541 = CARTESIAN_POINT('',(3.134254095756,-8.393015612025,-0.));
#3542 = CARTESIAN_POINT('',(3.173864035268,-8.421792391506,0.));
#3543 = VECTOR('',#3544,1.);
#3544 = DIRECTION('',(-0.,-0.,-1.));
#3545 = DEFINITIONAL_REPRESENTATION('',(#3546),#3550);
#3546 = LINE('',#3547,#3548);
#3547 = CARTESIAN_POINT('',(0.,0.));
#3548 = VECTOR('',#3549,1.);
#3549 = DIRECTION('',(1.,0.));
#3550 = ( GEOMETRIC_REPRESENTATION_CONTEXT(2) 
PARAMETRIC_REPRESENTATION_CONTEXT() REPRESENTATION_CONTEXT('2D SPACE',''
  ) );
#3551 = ORIENTED_EDGE('',*,*,#3552,.T.);
#3552 = EDGE_CURVE('',#3487,#3553,#3555,.T.);
#3553 = VERTEX_POINT('',#3554);
#3554 = CARTESIAN_POINT('',(3.710845727878,-8.199367291681,0.));
#3555 = SURFACE_CURVE('',#3556,(#3561,#3568),.PCURVE_S1.);
#3556 = CIRCLE('',#3557,9.);
#3557 = AXIS2_PLACEMENT_3D('',#3558,#3559,#3560);
#3558 = CARTESIAN_POINT('',(6.794564910706E-14,-1.172395514004E-13,0.));
#3559 = DIRECTION('',(0.,0.,1.));
#3560 = DIRECTION('',(0.352651559474,-0.935754710167,0.));
#3561 = PCURVE('',#140,#3562);
#3562 = DEFINITIONAL_REPRESENTATION('',(#3563),#3567);
#3563 = CIRCLE('',#3564,9.);
#3564 = AXIS2_PLACEMENT_2D('',#3565,#3566);
#3565 = CARTESIAN_POINT('',(6.711012154939E-14,-1.162162945497E-13));
#3566 = DIRECTION('',(0.352651559474,-0.935754710167));
#3567 = ( GEOMETRIC_REPRESENTATION_CONTEXT(2) 
PARAMETRIC_REPRESENTATION_CONTEXT() REPRESENTATION_CONTEXT('2D SPACE',''
  ) );
#3568 = PCURVE('',#3569,#3574);
#3569 = CYLINDRICAL_SURFACE('',#3570,9.);
#3570 = AXIS2_PLACEMENT_3D('',#3571,#3572,#3573);
#3571 = CARTESIAN_POINT('',(6.794564910706E-14,-1.172395514004E-13,0.));
#3572 = DIRECTION('',(-0.,-0.,-1.));
#3573 = DIRECTION('',(0.352651559474,-0.935754710167,0.));
#3574 = DEFINITIONAL_REPRESENTATION('',(#3575),#3579);
#3575 = LINE('',#3576,#3577);
#3576 = CARTESIAN_POINT('',(-0.,0.));
#3577 = VECTOR('',#3578,1.);
#3578 = DIRECTION('',(-1.,0.));
#3579 = ( GEOMETRIC_REPRESENTATION_CONTEXT(2) 
PARAMETRIC_REPRESENTATION_CONTEXT() REPRESENTATION_CONTEXT('2D SPACE',''
  ) );
#3580 = ORIENTED_EDGE('',*,*,#3581,.T.);
#3581 = EDGE_CURVE('',#3553,#3582,#3584,.T.);
#3582 = VERTEX_POINT('',#3583);
#3583 = CARTESIAN_POINT('',(3.611294853448,-6.593327813879,0.));
#3584 = SURFACE_CURVE('',#3585,(#3601,#3620),.PCURVE_S1.);
#3585 = B_SPLINE_CURVE_WITH_KNOTS('',3,(#3586,#3587,#3588,#3589,#3590,
    #3591,#3592,#3593,#3594,#3595,#3596,#3597,#3598,#3599,#3600),
  .UNSPECIFIED.,.F.,.F.,(4,1,1,1,1,1,1,1,1,1,1,1,4),(0.,0.146879273693,
    0.291728071966,0.434546320869,0.575333920312,0.71409073008,
    0.850816545047,0.985511047715,1.118173707569,1.248803534744,
    1.377398329377,1.503951286886,1.628390007606),.UNSPECIFIED.);
#3586 = CARTESIAN_POINT('',(3.710845727878,-8.199367291681,0.));
#3587 = CARTESIAN_POINT('',(3.718505928797,-8.151010578938,0.));
#3588 = CARTESIAN_POINT('',(3.732305099991,-8.05473411164,0.));
#3589 = CARTESIAN_POINT('',(3.748414057127,-7.910760910542,0.));
#3590 = CARTESIAN_POINT('',(3.759740845027,-7.76836675039,0.));
#3591 = CARTESIAN_POINT('',(3.76620690291,-7.627700364999,0.));
#3592 = CARTESIAN_POINT('',(3.767712796004,-7.488921698829,0.));
#3593 = CARTESIAN_POINT('',(3.764123098842,-7.352210069903,0.));
#3594 = CARTESIAN_POINT('',(3.755258171713,-7.217768875232,0.));
#3595 = CARTESIAN_POINT('',(3.740848213971,-7.085849924872,0.));
#3596 = CARTESIAN_POINT('',(3.720563327842,-6.956740147456,0.));
#3597 = CARTESIAN_POINT('',(3.693644935328,-6.830953360171,0.));
#3598 = CARTESIAN_POINT('',(3.659682168427,-6.708867375217,0.));
#3599 = CARTESIAN_POINT('',(3.629071639642,-6.630953180577,-0.));
#3600 = CARTESIAN_POINT('',(3.611294853448,-6.593327813879,0.));
#3601 = PCURVE('',#140,#3602);
#3602 = DEFINITIONAL_REPRESENTATION('',(#3603),#3619);
#3603 = B_SPLINE_CURVE_WITH_KNOTS('',3,(#3604,#3605,#3606,#3607,#3608,
    #3609,#3610,#3611,#3612,#3613,#3614,#3615,#3616,#3617,#3618),
  .UNSPECIFIED.,.F.,.F.,(4,1,1,1,1,1,1,1,1,1,1,1,4),(0.,0.146879273693,
    0.291728071966,0.434546320869,0.575333920312,0.71409073008,
    0.850816545047,0.985511047715,1.118173707569,1.248803534744,
    1.377398329377,1.503951286886,1.628390007606),.UNSPECIFIED.);
#3604 = CARTESIAN_POINT('',(3.710845727878,-8.199367291681));
#3605 = CARTESIAN_POINT('',(3.718505928797,-8.151010578938));
#3606 = CARTESIAN_POINT('',(3.732305099991,-8.05473411164));
#3607 = CARTESIAN_POINT('',(3.748414057127,-7.910760910542));
#3608 = CARTESIAN_POINT('',(3.759740845027,-7.76836675039));
#3609 = CARTESIAN_POINT('',(3.76620690291,-7.627700364999));
#3610 = CARTESIAN_POINT('',(3.767712796004,-7.488921698829));
#3611 = CARTESIAN_POINT('',(3.764123098842,-7.352210069903));
#3612 = CARTESIAN_POINT('',(3.755258171713,-7.217768875232));
#3613 = CARTESIAN_POINT('',(3.740848213971,-7.085849924872));
#3614 = CARTESIAN_POINT('',(3.720563327842,-6.956740147456));
#3615 = CARTESIAN_POINT('',(3.693644935328,-6.830953360171));
#3616 = CARTESIAN_POINT('',(3.659682168427,-6.708867375217));
#3617 = CARTESIAN_POINT('',(3.629071639642,-6.630953180577));
#3618 = CARTESIAN_POINT('',(3.611294853448,-6.593327813879));
#3619 = ( GEOMETRIC_REPRESENTATION_CONTEXT(2) 
PARAMETRIC_REPRESENTATION_CONTEXT() REPRESENTATION_CONTEXT('2D SPACE',''
  ) );
#3620 = PCURVE('',#3621,#3640);
#3621 = SURFACE_OF_LINEAR_EXTRUSION('',#3622,#3638);
#3622 = B_SPLINE_CURVE_WITH_KNOTS('',3,(#3623,#3624,#3625,#3626,#3627,
    #3628,#3629,#3630,#3631,#3632,#3633,#3634,#3635,#3636,#3637),
  .UNSPECIFIED.,.F.,.F.,(4,1,1,1,1,1,1,1,1,1,1,1,4),(0.,0.146879273693,
    0.291728071966,0.434546320869,0.575333920312,0.71409073008,
    0.850816545047,0.985511047715,1.118173707569,1.248803534744,
    1.377398329377,1.503951286886,1.628390007606),.UNSPECIFIED.);
#3623 = CARTESIAN_POINT('',(3.710845727878,-8.199367291681,0.));
#3624 = CARTESIAN_POINT('',(3.718505928797,-8.151010578938,0.));
#3625 = CARTESIAN_POINT('',(3.732305099991,-8.05473411164,0.));
#3626 = CARTESIAN_POINT('',(3.748414057127,-7.910760910542,0.));
#3627 = CARTESIAN_POINT('',(3.759740845027,-7.76836675039,0.));
#3628 = CARTESIAN_POINT('',(3.76620690291,-7.627700364999,0.));
#3629 = CARTESIAN_POINT('',(3.767712796004,-7.488921698829,0.));
#3630 = CARTESIAN_POINT('',(3.764123098842,-7.352210069903,0.));
#3631 = CARTESIAN_POINT('',(3.755258171713,-7.217768875232,0.));
#3632 = CARTESIAN_POINT('',(3.740848213971,-7.085849924872,0.));
#3633 = CARTESIAN_POINT('',(3.720563327842,-6.956740147456,0.));
#3634 = CARTESIAN_POINT('',(3.693644935328,-6.830953360171,0.));
#3635 = CARTESIAN_POINT('',(3.659682168427,-6.708867375217,0.));
#3636 = CARTESIAN_POINT('',(3.629071639642,-6.630953180577,-0.));
#3637 = CARTESIAN_POINT('',(3.611294853448,-6.593327813879,0.));
#3638 = VECTOR('',#3639,1.);
#3639 = DIRECTION('',(-0.,-0.,-1.));
#3640 = DEFINITIONAL_REPRESENTATION('',(#3641),#3645);
#3641 = LINE('',#3642,#3643);
#3642 = CARTESIAN_POINT('',(0.,0.));
#3643 = VECTOR('',#3644,1.);
#3644 = DIRECTION('',(1.,0.));
#3645 = ( GEOMETRIC_REPRESENTATION_CONTEXT(2) 
PARAMETRIC_REPRESENTATION_CONTEXT() REPRESENTATION_CONTEXT('2D SPACE',''
  ) );
#3646 = ORIENTED_EDGE('',*,*,#3647,.T.);
#3647 = EDGE_CURVE('',#3582,#3648,#3650,.T.);
#3648 = VERTEX_POINT('',#3649);
#3649 = CARTESIAN_POINT('',(3.242581632756,-5.920149014587,0.));
#3650 = SURFACE_CURVE('',#3651,(#3655,#3662),.PCURVE_S1.);
#3651 = LINE('',#3652,#3653);
#3652 = CARTESIAN_POINT('',(3.611294853448,-6.593327813879,0.));
#3653 = VECTOR('',#3654,1.);
#3654 = DIRECTION('',(-0.480382464112,0.877059113272,0.));
#3655 = PCURVE('',#140,#3656);
#3656 = DEFINITIONAL_REPRESENTATION('',(#3657),#3661);
#3657 = LINE('',#3658,#3659);
#3658 = CARTESIAN_POINT('',(3.611294853448,-6.593327813879));
#3659 = VECTOR('',#3660,1.);
#3660 = DIRECTION('',(-0.480382464112,0.877059113272));
#3661 = ( GEOMETRIC_REPRESENTATION_CONTEXT(2) 
PARAMETRIC_REPRESENTATION_CONTEXT() REPRESENTATION_CONTEXT('2D SPACE',''
  ) );
#3662 = PCURVE('',#3663,#3668);
#3663 = PLANE('',#3664);
#3664 = AXIS2_PLACEMENT_3D('',#3665,#3666,#3667);
#3665 = CARTESIAN_POINT('',(3.611294853448,-6.593327813879,0.));
#3666 = DIRECTION('',(-0.877059113272,-0.480382464112,0.));
#3667 = DIRECTION('',(-0.480382464112,0.877059113272,0.));
#3668 = DEFINITIONAL_REPRESENTATION('',(#3669),#3673);
#3669 = LINE('',#3670,#3671);
#3670 = CARTESIAN_POINT('',(0.,0.));
#3671 = VECTOR('',#3672,1.);
#3672 = DIRECTION('',(1.,0.));
#3673 = ( GEOMETRIC_REPRESENTATION_CONTEXT(2) 
PARAMETRIC_REPRESENTATION_CONTEXT() REPRESENTATION_CONTEXT('2D SPACE',''
  ) );
#3674 = ORIENTED_EDGE('',*,*,#3675,.T.);
#3675 = EDGE_CURVE('',#3648,#3676,#3678,.T.);
#3676 = VERTEX_POINT('',#3677);
#3677 = CARTESIAN_POINT('',(4.228622235046,-5.261297748015,0.));
#3678 = SURFACE_CURVE('',#3679,(#3684,#3691),.PCURVE_S1.);
#3679 = CIRCLE('',#3680,6.75);
#3680 = AXIS2_PLACEMENT_3D('',#3681,#3682,#3683);
#3681 = CARTESIAN_POINT('',(-1.472155730653E-13,2.189359804561E-13,0.));
#3682 = DIRECTION('',(0.,0.,1.));
#3683 = DIRECTION('',(0.480382464112,-0.877059113272,0.));
#3684 = PCURVE('',#140,#3685);
#3685 = DEFINITIONAL_REPRESENTATION('',(#3686),#3690);
#3686 = CIRCLE('',#3687,6.75);
#3687 = AXIS2_PLACEMENT_2D('',#3688,#3689);
#3688 = CARTESIAN_POINT('',(-1.48051100623E-13,2.199592373068E-13));
#3689 = DIRECTION('',(0.480382464112,-0.877059113272));
#3690 = ( GEOMETRIC_REPRESENTATION_CONTEXT(2) 
PARAMETRIC_REPRESENTATION_CONTEXT() REPRESENTATION_CONTEXT('2D SPACE',''
  ) );
#3691 = PCURVE('',#3692,#3697);
#3692 = CYLINDRICAL_SURFACE('',#3693,6.75);
#3693 = AXIS2_PLACEMENT_3D('',#3694,#3695,#3696);
#3694 = CARTESIAN_POINT('',(-1.472155730653E-13,2.189359804561E-13,0.));
#3695 = DIRECTION('',(-0.,-0.,-1.));
#3696 = DIRECTION('',(0.480382464112,-0.877059113272,0.));
#3697 = DEFINITIONAL_REPRESENTATION('',(#3698),#3702);
#3698 = LINE('',#3699,#3700);
#3699 = CARTESIAN_POINT('',(-0.,0.));
#3700 = VECTOR('',#3701,1.);
#3701 = DIRECTION('',(-1.,0.));
#3702 = ( GEOMETRIC_REPRESENTATION_CONTEXT(2) 
PARAMETRIC_REPRESENTATION_CONTEXT() REPRESENTATION_CONTEXT('2D SPACE',''
  ) );
#3703 = ORIENTED_EDGE('',*,*,#3704,.T.);
#3704 = EDGE_CURVE('',#3676,#3705,#3707,.T.);
#3705 = VERTEX_POINT('',#3706);
#3706 = CARTESIAN_POINT('',(4.70945790858,-5.859558719488,0.));
#3707 = SURFACE_CURVE('',#3708,(#3712,#3719),.PCURVE_S1.);
#3708 = LINE('',#3709,#3710);
#3709 = CARTESIAN_POINT('',(4.228622235046,-5.261297748015,0.));
#3710 = VECTOR('',#3711,1.);
#3711 = DIRECTION('',(0.62646255334,-0.779451518225,0.));
#3712 = PCURVE('',#140,#3713);
#3713 = DEFINITIONAL_REPRESENTATION('',(#3714),#3718);
#3714 = LINE('',#3715,#3716);
#3715 = CARTESIAN_POINT('',(4.228622235046,-5.261297748015));
#3716 = VECTOR('',#3717,1.);
#3717 = DIRECTION('',(0.62646255334,-0.779451518225));
#3718 = ( GEOMETRIC_REPRESENTATION_CONTEXT(2) 
PARAMETRIC_REPRESENTATION_CONTEXT() REPRESENTATION_CONTEXT('2D SPACE',''
  ) );
#3719 = PCURVE('',#3720,#3725);
#3720 = PLANE('',#3721);
#3721 = AXIS2_PLACEMENT_3D('',#3722,#3723,#3724);
#3722 = CARTESIAN_POINT('',(4.228622235046,-5.261297748015,0.));
#3723 = DIRECTION('',(0.779451518225,0.62646255334,-0.));
#3724 = DIRECTION('',(0.62646255334,-0.779451518225,0.));
#3725 = DEFINITIONAL_REPRESENTATION('',(#3726),#3730);
#3726 = LINE('',#3727,#3728);
#3727 = CARTESIAN_POINT('',(0.,0.));
#3728 = VECTOR('',#3729,1.);
#3729 = DIRECTION('',(1.,0.));
#3730 = ( GEOMETRIC_REPRESENTATION_CONTEXT(2) 
PARAMETRIC_REPRESENTATION_CONTEXT() REPRESENTATION_CONTEXT('2D SPACE',''
  ) );
#3731 = ORIENTED_EDGE('',*,*,#3732,.T.);
#3732 = EDGE_CURVE('',#3705,#3733,#3735,.T.);
#3733 = VERTEX_POINT('',#3734);
#3734 = CARTESIAN_POINT('',(6.155148440205,-6.566136434696,0.));
#3735 = SURFACE_CURVE('',#3736,(#3752,#3771),.PCURVE_S1.);
#3736 = B_SPLINE_CURVE_WITH_KNOTS('',3,(#3737,#3738,#3739,#3740,#3741,
    #3742,#3743,#3744,#3745,#3746,#3747,#3748,#3749,#3750,#3751),
  .UNSPECIFIED.,.F.,.F.,(4,1,1,1,1,1,1,1,1,1,1,1,4),(0.,0.12443872072,
    0.250991678229,0.379586472863,0.510216300037,0.642878959891,
    0.777573462559,0.914299277526,1.053056087294,1.193843686737,
    1.33666193564,1.481510733913,1.628390007606),.UNSPECIFIED.);
#3737 = CARTESIAN_POINT('',(4.70945790858,-5.859558719488,0.));
#3738 = CARTESIAN_POINT('',(4.737416333219,-5.890380932878,0.));
#3739 = CARTESIAN_POINT('',(4.797685520717,-5.948477845337,0.));
#3740 = CARTESIAN_POINT('',(4.897481275212,-6.02657563431,0.));
#3741 = CARTESIAN_POINT('',(5.003391890604,-6.099581505705,0.));
#3742 = CARTESIAN_POINT('',(5.114911081557,-6.167730469593,0.));
#3743 = CARTESIAN_POINT('',(5.231273847656,-6.231526731334,0.));
#3744 = CARTESIAN_POINT('',(5.352088854997,-6.291165273893,0.));
#3745 = CARTESIAN_POINT('',(5.477020213187,-6.34679899703,0.));
#3746 = CARTESIAN_POINT('',(5.605811262749,-6.398516029532,0.));
#3747 = CARTESIAN_POINT('',(5.738244510348,-6.446372866177,0.));
#3748 = CARTESIAN_POINT('',(5.874134134533,-6.490400164624,0.));
#3749 = CARTESIAN_POINT('',(6.013312659266,-6.5306135876,0.));
#3750 = CARTESIAN_POINT('',(6.107541231062,-6.55470822473,-0.));
#3751 = CARTESIAN_POINT('',(6.155148440205,-6.566136434696,0.));
#3752 = PCURVE('',#140,#3753);
#3753 = DEFINITIONAL_REPRESENTATION('',(#3754),#3770);
#3754 = B_SPLINE_CURVE_WITH_KNOTS('',3,(#3755,#3756,#3757,#3758,#3759,
    #3760,#3761,#3762,#3763,#3764,#3765,#3766,#3767,#3768,#3769),
  .UNSPECIFIED.,.F.,.F.,(4,1,1,1,1,1,1,1,1,1,1,1,4),(0.,0.12443872072,
    0.250991678229,0.379586472863,0.510216300037,0.642878959891,
    0.777573462559,0.914299277526,1.053056087294,1.193843686737,
    1.33666193564,1.481510733913,1.628390007606),.UNSPECIFIED.);
#3755 = CARTESIAN_POINT('',(4.70945790858,-5.859558719488));
#3756 = CARTESIAN_POINT('',(4.737416333219,-5.890380932878));
#3757 = CARTESIAN_POINT('',(4.797685520717,-5.948477845337));
#3758 = CARTESIAN_POINT('',(4.897481275212,-6.02657563431));
#3759 = CARTESIAN_POINT('',(5.003391890604,-6.099581505705));
#3760 = CARTESIAN_POINT('',(5.114911081557,-6.167730469593));
#3761 = CARTESIAN_POINT('',(5.231273847656,-6.231526731334));
#3762 = CARTESIAN_POINT('',(5.352088854997,-6.291165273893));
#3763 = CARTESIAN_POINT('',(5.477020213187,-6.34679899703));
#3764 = CARTESIAN_POINT('',(5.605811262749,-6.398516029532));
#3765 = CARTESIAN_POINT('',(5.738244510348,-6.446372866177));
#3766 = CARTESIAN_POINT('',(5.874134134533,-6.490400164624));
#3767 = CARTESIAN_POINT('',(6.013312659266,-6.5306135876));
#3768 = CARTESIAN_POINT('',(6.107541231062,-6.55470822473));
#3769 = CARTESIAN_POINT('',(6.155148440205,-6.566136434696));
#3770 = ( GEOMETRIC_REPRESENTATION_CONTEXT(2) 
PARAMETRIC_REPRESENTATION_CONTEXT() REPRESENTATION_CONTEXT('2D SPACE',''
  ) );
#3771 = PCURVE('',#3772,#3791);
#3772 = SURFACE_OF_LINEAR_EXTRUSION('',#3773,#3789);
#3773 = B_SPLINE_CURVE_WITH_KNOTS('',3,(#3774,#3775,#3776,#3777,#3778,
    #3779,#3780,#3781,#3782,#3783,#3784,#3785,#3786,#3787,#3788),
  .UNSPECIFIED.,.F.,.F.,(4,1,1,1,1,1,1,1,1,1,1,1,4),(0.,0.12443872072,
    0.250991678229,0.379586472863,0.510216300037,0.642878959891,
    0.777573462559,0.914299277526,1.053056087294,1.193843686737,
    1.33666193564,1.481510733913,1.628390007606),.UNSPECIFIED.);
#3774 = CARTESIAN_POINT('',(4.70945790858,-5.859558719488,0.));
#3775 = CARTESIAN_POINT('',(4.737416333219,-5.890380932878,0.));
#3776 = CARTESIAN_POINT('',(4.797685520717,-5.948477845337,0.));
#3777 = CARTESIAN_POINT('',(4.897481275212,-6.02657563431,0.));
#3778 = CARTESIAN_POINT('',(5.003391890604,-6.099581505705,0.));
#3779 = CARTESIAN_POINT('',(5.114911081557,-6.167730469593,0.));
#3780 = CARTESIAN_POINT('',(5.231273847656,-6.231526731334,0.));
#3781 = CARTESIAN_POINT('',(5.352088854997,-6.291165273893,0.));
#3782 = CARTESIAN_POINT('',(5.477020213187,-6.34679899703,0.));
#3783 = CARTESIAN_POINT('',(5.605811262749,-6.398516029532,0.));
#3784 = CARTESIAN_POINT('',(5.738244510348,-6.446372866177,0.));
#3785 = CARTESIAN_POINT('',(5.874134134533,-6.490400164624,0.));
#3786 = CARTESIAN_POINT('',(6.013312659266,-6.5306135876,0.));
#3787 = CARTESIAN_POINT('',(6.107541231062,-6.55470822473,-0.));
#3788 = CARTESIAN_POINT('',(6.155148440205,-6.566136434696,0.));
#3789 = VECTOR('',#3790,1.);
#3790 = DIRECTION('',(-0.,-0.,-1.));
#3791 = DEFINITIONAL_REPRESENTATION('',(#3792),#3796);
#3792 = LINE('',#3793,#3794);
#3793 = CARTESIAN_POINT('',(0.,0.));
#3794 = VECTOR('',#3795,1.);
#3795 = DIRECTION('',(1.,0.));
#3796 = ( GEOMETRIC_REPRESENTATION_CONTEXT(2) 
PARAMETRIC_REPRESENTATION_CONTEXT() REPRESENTATION_CONTEXT('2D SPACE',''
  ) );
#3797 = ORIENTED_EDGE('',*,*,#3798,.T.);
#3798 = EDGE_CURVE('',#3733,#3799,#3801,.T.);
#3799 = VERTEX_POINT('',#3800);
#3800 = CARTESIAN_POINT('',(6.566136434696,-6.155148440205,0.));
#3801 = SURFACE_CURVE('',#3802,(#3807,#3814),.PCURVE_S1.);
#3802 = CIRCLE('',#3803,9.000000000002);
#3803 = AXIS2_PLACEMENT_3D('',#3804,#3805,#3806);
#3804 = CARTESIAN_POINT('',(-1.130651128278E-12,1.127542503809E-12,0.));
#3805 = DIRECTION('',(0.,0.,1.));
#3806 = DIRECTION('',(0.683905382245,-0.729570714966,0.));
#3807 = PCURVE('',#140,#3808);
#3808 = DEFINITIONAL_REPRESENTATION('',(#3809),#3813);
#3809 = CIRCLE('',#3810,9.000000000002);
#3810 = AXIS2_PLACEMENT_2D('',#3811,#3812);
#3811 = CARTESIAN_POINT('',(-1.131486655836E-12,1.12856576066E-12));
#3812 = DIRECTION('',(0.683905382245,-0.729570714966));
#3813 = ( GEOMETRIC_REPRESENTATION_CONTEXT(2) 
PARAMETRIC_REPRESENTATION_CONTEXT() REPRESENTATION_CONTEXT('2D SPACE',''
  ) );
#3814 = PCURVE('',#3815,#3820);
#3815 = CYLINDRICAL_SURFACE('',#3816,9.000000000002);
#3816 = AXIS2_PLACEMENT_3D('',#3817,#3818,#3819);
#3817 = CARTESIAN_POINT('',(-1.130651128278E-12,1.127542503809E-12,0.));
#3818 = DIRECTION('',(-0.,-0.,-1.));
#3819 = DIRECTION('',(0.683905382245,-0.729570714966,0.));
#3820 = DEFINITIONAL_REPRESENTATION('',(#3821),#3825);
#3821 = LINE('',#3822,#3823);
#3822 = CARTESIAN_POINT('',(-0.,0.));
#3823 = VECTOR('',#3824,1.);
#3824 = DIRECTION('',(-1.,0.));
#3825 = ( GEOMETRIC_REPRESENTATION_CONTEXT(2) 
PARAMETRIC_REPRESENTATION_CONTEXT() REPRESENTATION_CONTEXT('2D SPACE',''
  ) );
#3826 = ORIENTED_EDGE('',*,*,#3827,.T.);
#3827 = EDGE_CURVE('',#3799,#3828,#3830,.T.);
#3828 = VERTEX_POINT('',#3829);
#3829 = CARTESIAN_POINT('',(5.859558719488,-4.70945790858,0.));
#3830 = SURFACE_CURVE('',#3831,(#3847,#3866),.PCURVE_S1.);
#3831 = B_SPLINE_CURVE_WITH_KNOTS('',3,(#3832,#3833,#3834,#3835,#3836,
    #3837,#3838,#3839,#3840,#3841,#3842,#3843,#3844,#3845,#3846),
  .UNSPECIFIED.,.F.,.F.,(4,1,1,1,1,1,1,1,1,1,1,1,4),(0.,0.146879273693,
    0.291728071966,0.434546320869,0.575333920312,0.71409073008,
    0.850816545047,0.985511047715,1.118173707569,1.248803534744,
    1.377398329377,1.503951286886,1.628390007606),.UNSPECIFIED.);
#3832 = CARTESIAN_POINT('',(6.566136434696,-6.155148440205,0.));
#3833 = CARTESIAN_POINT('',(6.55470822473,-6.107541231062,0.));
#3834 = CARTESIAN_POINT('',(6.5306135876,-6.013312659266,0.));
#3835 = CARTESIAN_POINT('',(6.490400164624,-5.874134134533,0.));
#3836 = CARTESIAN_POINT('',(6.446372866177,-5.738244510348,0.));
#3837 = CARTESIAN_POINT('',(6.398516029532,-5.605811262749,0.));
#3838 = CARTESIAN_POINT('',(6.34679899703,-5.477020213187,0.));
#3839 = CARTESIAN_POINT('',(6.291165273893,-5.352088854997,0.));
#3840 = CARTESIAN_POINT('',(6.231526731334,-5.231273847656,0.));
#3841 = CARTESIAN_POINT('',(6.167730469593,-5.114911081557,0.));
#3842 = CARTESIAN_POINT('',(6.099581505705,-5.003391890604,0.));
#3843 = CARTESIAN_POINT('',(6.02657563431,-4.897481275212,0.));
#3844 = CARTESIAN_POINT('',(5.948477845337,-4.797685520717,0.));
#3845 = CARTESIAN_POINT('',(5.890380932878,-4.737416333219,-0.));
#3846 = CARTESIAN_POINT('',(5.859558719488,-4.70945790858,0.));
#3847 = PCURVE('',#140,#3848);
#3848 = DEFINITIONAL_REPRESENTATION('',(#3849),#3865);
#3849 = B_SPLINE_CURVE_WITH_KNOTS('',3,(#3850,#3851,#3852,#3853,#3854,
    #3855,#3856,#3857,#3858,#3859,#3860,#3861,#3862,#3863,#3864),
  .UNSPECIFIED.,.F.,.F.,(4,1,1,1,1,1,1,1,1,1,1,1,4),(0.,0.146879273693,
    0.291728071966,0.434546320869,0.575333920312,0.71409073008,
    0.850816545047,0.985511047715,1.118173707569,1.248803534744,
    1.377398329377,1.503951286886,1.628390007606),.UNSPECIFIED.);
#3850 = CARTESIAN_POINT('',(6.566136434696,-6.155148440205));
#3851 = CARTESIAN_POINT('',(6.55470822473,-6.107541231062));
#3852 = CARTESIAN_POINT('',(6.5306135876,-6.013312659266));
#3853 = CARTESIAN_POINT('',(6.490400164624,-5.874134134533));
#3854 = CARTESIAN_POINT('',(6.446372866177,-5.738244510348));
#3855 = CARTESIAN_POINT('',(6.398516029532,-5.605811262749));
#3856 = CARTESIAN_POINT('',(6.34679899703,-5.477020213187));
#3857 = CARTESIAN_POINT('',(6.291165273893,-5.352088854997));
#3858 = CARTESIAN_POINT('',(6.231526731334,-5.231273847656));
#3859 = CARTESIAN_POINT('',(6.167730469593,-5.114911081557));
#3860 = CARTESIAN_POINT('',(6.099581505705,-5.003391890604));
#3861 = CARTESIAN_POINT('',(6.02657563431,-4.897481275212));
#3862 = CARTESIAN_POINT('',(5.948477845337,-4.797685520717));
#3863 = CARTESIAN_POINT('',(5.890380932878,-4.737416333219));
#3864 = CARTESIAN_POINT('',(5.859558719488,-4.70945790858));
#3865 = ( GEOMETRIC_REPRESENTATION_CONTEXT(2) 
PARAMETRIC_REPRESENTATION_CONTEXT() REPRESENTATION_CONTEXT('2D SPACE',''
  ) );
#3866 = PCURVE('',#3867,#3886);
#3867 = SURFACE_OF_LINEAR_EXTRUSION('',#3868,#3884);
#3868 = B_SPLINE_CURVE_WITH_KNOTS('',3,(#3869,#3870,#3871,#3872,#3873,
    #3874,#3875,#3876,#3877,#3878,#3879,#3880,#3881,#3882,#3883),
  .UNSPECIFIED.,.F.,.F.,(4,1,1,1,1,1,1,1,1,1,1,1,4),(0.,0.146879273693,
    0.291728071966,0.434546320869,0.575333920312,0.71409073008,
    0.850816545047,0.985511047715,1.118173707569,1.248803534744,
    1.377398329377,1.503951286886,1.628390007606),.UNSPECIFIED.);
#3869 = CARTESIAN_POINT('',(6.566136434696,-6.155148440205,0.));
#3870 = CARTESIAN_POINT('',(6.55470822473,-6.107541231062,0.));
#3871 = CARTESIAN_POINT('',(6.5306135876,-6.013312659266,0.));
#3872 = CARTESIAN_POINT('',(6.490400164624,-5.874134134533,0.));
#3873 = CARTESIAN_POINT('',(6.446372866177,-5.738244510348,0.));
#3874 = CARTESIAN_POINT('',(6.398516029532,-5.605811262749,0.));
#3875 = CARTESIAN_POINT('',(6.34679899703,-5.477020213187,0.));
#3876 = CARTESIAN_POINT('',(6.291165273893,-5.352088854997,0.));
#3877 = CARTESIAN_POINT('',(6.231526731334,-5.231273847656,0.));
#3878 = CARTESIAN_POINT('',(6.167730469593,-5.114911081557,0.));
#3879 = CARTESIAN_POINT('',(6.099581505705,-5.003391890604,0.));
#3880 = CARTESIAN_POINT('',(6.02657563431,-4.897481275212,0.));
#3881 = CARTESIAN_POINT('',(5.948477845337,-4.797685520717,0.));
#3882 = CARTESIAN_POINT('',(5.890380932878,-4.737416333219,-0.));
#3883 = CARTESIAN_POINT('',(5.859558719488,-4.70945790858,0.));
#3884 = VECTOR('',#3885,1.);
#3885 = DIRECTION('',(-0.,-0.,-1.));
#3886 = DEFINITIONAL_REPRESENTATION('',(#3887),#3891);
#3887 = LINE('',#3888,#3889);
#3888 = CARTESIAN_POINT('',(0.,0.));
#3889 = VECTOR('',#3890,1.);
#3890 = DIRECTION('',(1.,0.));
#3891 = ( GEOMETRIC_REPRESENTATION_CONTEXT(2) 
PARAMETRIC_REPRESENTATION_CONTEXT() REPRESENTATION_CONTEXT('2D SPACE',''
  ) );
#3892 = ORIENTED_EDGE('',*,*,#3893,.T.);
#3893 = EDGE_CURVE('',#3828,#3894,#3896,.T.);
#3894 = VERTEX_POINT('',#3895);
#3895 = CARTESIAN_POINT('',(5.261297748015,-4.228622235046,0.));
#3896 = SURFACE_CURVE('',#3897,(#3901,#3908),.PCURVE_S1.);
#3897 = LINE('',#3898,#3899);
#3898 = CARTESIAN_POINT('',(5.859558719488,-4.70945790858,0.));
#3899 = VECTOR('',#3900,1.);
#3900 = DIRECTION('',(-0.779451518225,0.62646255334,0.));
#3901 = PCURVE('',#140,#3902);
#3902 = DEFINITIONAL_REPRESENTATION('',(#3903),#3907);
#3903 = LINE('',#3904,#3905);
#3904 = CARTESIAN_POINT('',(5.859558719488,-4.70945790858));
#3905 = VECTOR('',#3906,1.);
#3906 = DIRECTION('',(-0.779451518225,0.62646255334));
#3907 = ( GEOMETRIC_REPRESENTATION_CONTEXT(2) 
PARAMETRIC_REPRESENTATION_CONTEXT() REPRESENTATION_CONTEXT('2D SPACE',''
  ) );
#3908 = PCURVE('',#3909,#3914);
#3909 = PLANE('',#3910);
#3910 = AXIS2_PLACEMENT_3D('',#3911,#3912,#3913);
#3911 = CARTESIAN_POINT('',(5.859558719488,-4.70945790858,0.));
#3912 = DIRECTION('',(-0.62646255334,-0.779451518225,0.));
#3913 = DIRECTION('',(-0.779451518225,0.62646255334,0.));
#3914 = DEFINITIONAL_REPRESENTATION('',(#3915),#3919);
#3915 = LINE('',#3916,#3917);
#3916 = CARTESIAN_POINT('',(0.,0.));
#3917 = VECTOR('',#3918,1.);
#3918 = DIRECTION('',(1.,0.));
#3919 = ( GEOMETRIC_REPRESENTATION_CONTEXT(2) 
PARAMETRIC_REPRESENTATION_CONTEXT() REPRESENTATION_CONTEXT('2D SPACE',''
  ) );
#3920 = ORIENTED_EDGE('',*,*,#3921,.T.);
#3921 = EDGE_CURVE('',#3894,#3922,#3924,.T.);
#3922 = VERTEX_POINT('',#3923);
#3923 = CARTESIAN_POINT('',(5.920149014587,-3.242581632756,0.));
#3924 = SURFACE_CURVE('',#3925,(#3930,#3937),.PCURVE_S1.);
#3925 = CIRCLE('',#3926,6.75);
#3926 = AXIS2_PLACEMENT_3D('',#3927,#3928,#3929);
#3927 = CARTESIAN_POINT('',(1.341149413747E-13,-8.992806499464E-14,0.));
#3928 = DIRECTION('',(0.,0.,1.));
#3929 = DIRECTION('',(0.779451518225,-0.62646255334,0.));
#3930 = PCURVE('',#140,#3931);
#3931 = DEFINITIONAL_REPRESENTATION('',(#3932),#3936);
#3932 = CIRCLE('',#3933,6.75);
#3933 = AXIS2_PLACEMENT_2D('',#3934,#3935);
#3934 = CARTESIAN_POINT('',(1.332794138171E-13,-8.890480814395E-14));
#3935 = DIRECTION('',(0.779451518225,-0.62646255334));
#3936 = ( GEOMETRIC_REPRESENTATION_CONTEXT(2) 
PARAMETRIC_REPRESENTATION_CONTEXT() REPRESENTATION_CONTEXT('2D SPACE',''
  ) );
#3937 = PCURVE('',#3938,#3943);
#3938 = CYLINDRICAL_SURFACE('',#3939,6.75);
#3939 = AXIS2_PLACEMENT_3D('',#3940,#3941,#3942);
#3940 = CARTESIAN_POINT('',(1.341149413747E-13,-8.992806499464E-14,0.));
#3941 = DIRECTION('',(-0.,-0.,-1.));
#3942 = DIRECTION('',(0.779451518225,-0.62646255334,0.));
#3943 = DEFINITIONAL_REPRESENTATION('',(#3944),#3948);
#3944 = LINE('',#3945,#3946);
#3945 = CARTESIAN_POINT('',(-0.,0.));
#3946 = VECTOR('',#3947,1.);
#3947 = DIRECTION('',(-1.,0.));
#3948 = ( GEOMETRIC_REPRESENTATION_CONTEXT(2) 
PARAMETRIC_REPRESENTATION_CONTEXT() REPRESENTATION_CONTEXT('2D SPACE',''
  ) );
#3949 = ORIENTED_EDGE('',*,*,#3950,.T.);
#3950 = EDGE_CURVE('',#3922,#3951,#3953,.T.);
#3951 = VERTEX_POINT('',#3952);
#3952 = CARTESIAN_POINT('',(6.593327813879,-3.611294853448,0.));
#3953 = SURFACE_CURVE('',#3954,(#3958,#3965),.PCURVE_S1.);
#3954 = LINE('',#3955,#3956);
#3955 = CARTESIAN_POINT('',(5.920149014587,-3.242581632756,0.));
#3956 = VECTOR('',#3957,1.);
#3957 = DIRECTION('',(0.877059113272,-0.480382464112,0.));
#3958 = PCURVE('',#140,#3959);
#3959 = DEFINITIONAL_REPRESENTATION('',(#3960),#3964);
#3960 = LINE('',#3961,#3962);
#3961 = CARTESIAN_POINT('',(5.920149014587,-3.242581632756));
#3962 = VECTOR('',#3963,1.);
#3963 = DIRECTION('',(0.877059113272,-0.480382464112));
#3964 = ( GEOMETRIC_REPRESENTATION_CONTEXT(2) 
PARAMETRIC_REPRESENTATION_CONTEXT() REPRESENTATION_CONTEXT('2D SPACE',''
  ) );
#3965 = PCURVE('',#3966,#3971);
#3966 = PLANE('',#3967);
#3967 = AXIS2_PLACEMENT_3D('',#3968,#3969,#3970);
#3968 = CARTESIAN_POINT('',(5.920149014587,-3.242581632756,0.));
#3969 = DIRECTION('',(0.480382464112,0.877059113272,-0.));
#3970 = DIRECTION('',(0.877059113272,-0.480382464112,0.));
#3971 = DEFINITIONAL_REPRESENTATION('',(#3972),#3976);
#3972 = LINE('',#3973,#3974);
#3973 = CARTESIAN_POINT('',(0.,0.));
#3974 = VECTOR('',#3975,1.);
#3975 = DIRECTION('',(1.,0.));
#3976 = ( GEOMETRIC_REPRESENTATION_CONTEXT(2) 
PARAMETRIC_REPRESENTATION_CONTEXT() REPRESENTATION_CONTEXT('2D SPACE',''
  ) );
#3977 = ORIENTED_EDGE('',*,*,#3978,.T.);
#3978 = EDGE_CURVE('',#3951,#3979,#3981,.T.);
#3979 = VERTEX_POINT('',#3980);
#3980 = CARTESIAN_POINT('',(8.199367291681,-3.710845727878,0.));
#3981 = SURFACE_CURVE('',#3982,(#3998,#4017),.PCURVE_S1.);
#3982 = B_SPLINE_CURVE_WITH_KNOTS('',3,(#3983,#3984,#3985,#3986,#3987,
    #3988,#3989,#3990,#3991,#3992,#3993,#3994,#3995,#3996,#3997),
  .UNSPECIFIED.,.F.,.F.,(4,1,1,1,1,1,1,1,1,1,1,1,4),(0.,0.12443872072,
    0.250991678229,0.379586472863,0.510216300037,0.642878959891,
    0.777573462559,0.914299277526,1.053056087294,1.193843686737,
    1.33666193564,1.481510733913,1.628390007606),.UNSPECIFIED.);
#3983 = CARTESIAN_POINT('',(6.593327813879,-3.611294853448,0.));
#3984 = CARTESIAN_POINT('',(6.630953180577,-3.629071639642,0.));
#3985 = CARTESIAN_POINT('',(6.708867375217,-3.659682168427,0.));
#3986 = CARTESIAN_POINT('',(6.830953360171,-3.693644935328,0.));
#3987 = CARTESIAN_POINT('',(6.956740147456,-3.720563327842,0.));
#3988 = CARTESIAN_POINT('',(7.085849924872,-3.740848213971,0.));
#3989 = CARTESIAN_POINT('',(7.217768875232,-3.755258171713,0.));
#3990 = CARTESIAN_POINT('',(7.352210069903,-3.764123098842,0.));
#3991 = CARTESIAN_POINT('',(7.488921698829,-3.767712796004,0.));
#3992 = CARTESIAN_POINT('',(7.627700364999,-3.76620690291,0.));
#3993 = CARTESIAN_POINT('',(7.76836675039,-3.759740845027,0.));
#3994 = CARTESIAN_POINT('',(7.910760910542,-3.748414057128,0.));
#3995 = CARTESIAN_POINT('',(8.05473411164,-3.732305099991,0.));
#3996 = CARTESIAN_POINT('',(8.151010578938,-3.718505928797,-0.));
#3997 = CARTESIAN_POINT('',(8.199367291681,-3.710845727878,0.));
#3998 = PCURVE('',#140,#3999);
#3999 = DEFINITIONAL_REPRESENTATION('',(#4000),#4016);
#4000 = B_SPLINE_CURVE_WITH_KNOTS('',3,(#4001,#4002,#4003,#4004,#4005,
    #4006,#4007,#4008,#4009,#4010,#4011,#4012,#4013,#4014,#4015),
  .UNSPECIFIED.,.F.,.F.,(4,1,1,1,1,1,1,1,1,1,1,1,4),(0.,0.12443872072,
    0.250991678229,0.379586472863,0.510216300037,0.642878959891,
    0.777573462559,0.914299277526,1.053056087294,1.193843686737,
    1.33666193564,1.481510733913,1.628390007606),.UNSPECIFIED.);
#4001 = CARTESIAN_POINT('',(6.593327813879,-3.611294853448));
#4002 = CARTESIAN_POINT('',(6.630953180577,-3.629071639642));
#4003 = CARTESIAN_POINT('',(6.708867375217,-3.659682168427));
#4004 = CARTESIAN_POINT('',(6.830953360171,-3.693644935328));
#4005 = CARTESIAN_POINT('',(6.956740147456,-3.720563327842));
#4006 = CARTESIAN_POINT('',(7.085849924872,-3.740848213971));
#4007 = CARTESIAN_POINT('',(7.217768875232,-3.755258171713));
#4008 = CARTESIAN_POINT('',(7.352210069903,-3.764123098842));
#4009 = CARTESIAN_POINT('',(7.488921698829,-3.767712796004));
#4010 = CARTESIAN_POINT('',(7.627700364999,-3.76620690291));
#4011 = CARTESIAN_POINT('',(7.76836675039,-3.759740845027));
#4012 = CARTESIAN_POINT('',(7.910760910542,-3.748414057127));
#4013 = CARTESIAN_POINT('',(8.05473411164,-3.732305099991));
#4014 = CARTESIAN_POINT('',(8.151010578938,-3.718505928797));
#4015 = CARTESIAN_POINT('',(8.199367291681,-3.710845727878));
#4016 = ( GEOMETRIC_REPRESENTATION_CONTEXT(2) 
PARAMETRIC_REPRESENTATION_CONTEXT() REPRESENTATION_CONTEXT('2D SPACE',''
  ) );
#4017 = PCURVE('',#4018,#4037);
#4018 = SURFACE_OF_LINEAR_EXTRUSION('',#4019,#4035);
#4019 = B_SPLINE_CURVE_WITH_KNOTS('',3,(#4020,#4021,#4022,#4023,#4024,
    #4025,#4026,#4027,#4028,#4029,#4030,#4031,#4032,#4033,#4034),
  .UNSPECIFIED.,.F.,.F.,(4,1,1,1,1,1,1,1,1,1,1,1,4),(0.,0.12443872072,
    0.250991678229,0.379586472863,0.510216300037,0.642878959891,
    0.777573462559,0.914299277526,1.053056087294,1.193843686737,
    1.33666193564,1.481510733913,1.628390007606),.UNSPECIFIED.);
#4020 = CARTESIAN_POINT('',(6.593327813879,-3.611294853448,0.));
#4021 = CARTESIAN_POINT('',(6.630953180577,-3.629071639642,0.));
#4022 = CARTESIAN_POINT('',(6.708867375217,-3.659682168427,0.));
#4023 = CARTESIAN_POINT('',(6.830953360171,-3.693644935328,0.));
#4024 = CARTESIAN_POINT('',(6.956740147456,-3.720563327842,0.));
#4025 = CARTESIAN_POINT('',(7.085849924872,-3.740848213971,0.));
#4026 = CARTESIAN_POINT('',(7.217768875232,-3.755258171713,0.));
#4027 = CARTESIAN_POINT('',(7.352210069903,-3.764123098842,0.));
#4028 = CARTESIAN_POINT('',(7.488921698829,-3.767712796004,0.));
#4029 = CARTESIAN_POINT('',(7.627700364999,-3.76620690291,0.));
#4030 = CARTESIAN_POINT('',(7.76836675039,-3.759740845027,0.));
#4031 = CARTESIAN_POINT('',(7.910760910542,-3.748414057128,0.));
#4032 = CARTESIAN_POINT('',(8.05473411164,-3.732305099991,0.));
#4033 = CARTESIAN_POINT('',(8.151010578938,-3.718505928797,-0.));
#4034 = CARTESIAN_POINT('',(8.199367291681,-3.710845727878,0.));
#4035 = VECTOR('',#4036,1.);
#4036 = DIRECTION('',(-0.,-0.,-1.));
#4037 = DEFINITIONAL_REPRESENTATION('',(#4038),#4042);
#4038 = LINE('',#4039,#4040);
#4039 = CARTESIAN_POINT('',(0.,0.));
#4040 = VECTOR('',#4041,1.);
#4041 = DIRECTION('',(1.,0.));
#4042 = ( GEOMETRIC_REPRESENTATION_CONTEXT(2) 
PARAMETRIC_REPRESENTATION_CONTEXT() REPRESENTATION_CONTEXT('2D SPACE',''
  ) );
#4043 = ORIENTED_EDGE('',*,*,#4044,.T.);
#4044 = EDGE_CURVE('',#3979,#4045,#4047,.T.);
#4045 = VERTEX_POINT('',#4046);
#4046 = CARTESIAN_POINT('',(8.421792391506,-3.173864035268,0.));
#4047 = SURFACE_CURVE('',#4048,(#4053,#4060),.PCURVE_S1.);
#4048 = CIRCLE('',#4049,9.);
#4049 = AXIS2_PLACEMENT_3D('',#4050,#4051,#4052);
#4050 = CARTESIAN_POINT('',(-2.57571741713E-14,3.930189507173E-14,0.));
#4051 = DIRECTION('',(0.,0.,1.));
#4052 = DIRECTION('',(0.911040810187,-0.412316191986,0.));
#4053 = PCURVE('',#140,#4054);
#4054 = DEFINITIONAL_REPRESENTATION('',(#4055),#4059);
#4055 = CIRCLE('',#4056,9.);
#4056 = AXIS2_PLACEMENT_2D('',#4057,#4058);
#4057 = CARTESIAN_POINT('',(-2.659270172897E-14,4.032515192242E-14));
#4058 = DIRECTION('',(0.911040810187,-0.412316191986));
#4059 = ( GEOMETRIC_REPRESENTATION_CONTEXT(2) 
PARAMETRIC_REPRESENTATION_CONTEXT() REPRESENTATION_CONTEXT('2D SPACE',''
  ) );
#4060 = PCURVE('',#4061,#4066);
#4061 = CYLINDRICAL_SURFACE('',#4062,9.);
#4062 = AXIS2_PLACEMENT_3D('',#4063,#4064,#4065);
#4063 = CARTESIAN_POINT('',(-2.57571741713E-14,3.930189507173E-14,0.));
#4064 = DIRECTION('',(-0.,-0.,-1.));
#4065 = DIRECTION('',(0.911040810187,-0.412316191986,0.));
#4066 = DEFINITIONAL_REPRESENTATION('',(#4067),#4071);
#4067 = LINE('',#4068,#4069);
#4068 = CARTESIAN_POINT('',(-0.,0.));
#4069 = VECTOR('',#4070,1.);
#4070 = DIRECTION('',(-1.,0.));
#4071 = ( GEOMETRIC_REPRESENTATION_CONTEXT(2) 
PARAMETRIC_REPRESENTATION_CONTEXT() REPRESENTATION_CONTEXT('2D SPACE',''
  ) );
#4072 = ORIENTED_EDGE('',*,*,#4073,.T.);
#4073 = EDGE_CURVE('',#4045,#4074,#4076,.T.);
#4074 = VERTEX_POINT('',#4075);
#4075 = CARTESIAN_POINT('',(7.215757887517,-2.108615728042,0.));
#4076 = SURFACE_CURVE('',#4077,(#4093,#4112),.PCURVE_S1.);
#4077 = B_SPLINE_CURVE_WITH_KNOTS('',3,(#4078,#4079,#4080,#4081,#4082,
    #4083,#4084,#4085,#4086,#4087,#4088,#4089,#4090,#4091,#4092),
  .UNSPECIFIED.,.F.,.F.,(4,1,1,1,1,1,1,1,1,1,1,1,4),(0.,0.146879273693,
    0.291728071966,0.434546320869,0.575333920312,0.71409073008,
    0.850816545047,0.985511047715,1.118173707569,1.248803534744,
    1.377398329377,1.503951286886,1.628390007606),.UNSPECIFIED.);
#4078 = CARTESIAN_POINT('',(8.421792391506,-3.173864035268,0.));
#4079 = CARTESIAN_POINT('',(8.393015612025,-3.134254095756,0.));
#4080 = CARTESIAN_POINT('',(8.334695356656,-3.056418865334,0.));
#4081 = CARTESIAN_POINT('',(8.24428168268,-2.9432236857,0.));
#4082 = CARTESIAN_POINT('',(8.151603054968,-2.834526560922,0.));
#4083 = CARTESIAN_POINT('',(8.05670909335,-2.730488212551,0.));
#4084 = CARTESIAN_POINT('',(7.959642584635,-2.631292049399,0.));
#4085 = CARTESIAN_POINT('',(7.860434565549,-2.537160628724,0.));
#4086 = CARTESIAN_POINT('',(7.759101835039,-2.448364798389,0.));
#4087 = CARTESIAN_POINT('',(7.655631671836,-2.365273392859,0.));
#4088 = CARTESIAN_POINT('',(7.549993692169,-2.288322574268,0.));
#4089 = CARTESIAN_POINT('',(7.442014824012,-2.21841206188,0.));
#4090 = CARTESIAN_POINT('',(7.33167169338,-2.156099536815,0.));
#4091 = CARTESIAN_POINT('',(7.254933125519,-2.122650793914,-0.));
#4092 = CARTESIAN_POINT('',(7.215757887517,-2.108615728042,0.));
#4093 = PCURVE('',#140,#4094);
#4094 = DEFINITIONAL_REPRESENTATION('',(#4095),#4111);
#4095 = B_SPLINE_CURVE_WITH_KNOTS('',3,(#4096,#4097,#4098,#4099,#4100,
    #4101,#4102,#4103,#4104,#4105,#4106,#4107,#4108,#4109,#4110),
  .UNSPECIFIED.,.F.,.F.,(4,1,1,1,1,1,1,1,1,1,1,1,4),(0.,0.146879273693,
    0.291728071966,0.434546320869,0.575333920312,0.71409073008,
    0.850816545047,0.985511047715,1.118173707569,1.248803534744,
    1.377398329377,1.503951286886,1.628390007606),.UNSPECIFIED.);
#4096 = CARTESIAN_POINT('',(8.421792391506,-3.173864035268));
#4097 = CARTESIAN_POINT('',(8.393015612025,-3.134254095756));
#4098 = CARTESIAN_POINT('',(8.334695356656,-3.056418865334));
#4099 = CARTESIAN_POINT('',(8.24428168268,-2.9432236857));
#4100 = CARTESIAN_POINT('',(8.151603054968,-2.834526560922));
#4101 = CARTESIAN_POINT('',(8.05670909335,-2.730488212551));
#4102 = CARTESIAN_POINT('',(7.959642584635,-2.631292049399));
#4103 = CARTESIAN_POINT('',(7.860434565549,-2.537160628724));
#4104 = CARTESIAN_POINT('',(7.759101835039,-2.448364798389));
#4105 = CARTESIAN_POINT('',(7.655631671836,-2.365273392859));
#4106 = CARTESIAN_POINT('',(7.549993692169,-2.288322574268));
#4107 = CARTESIAN_POINT('',(7.442014824012,-2.21841206188));
#4108 = CARTESIAN_POINT('',(7.33167169338,-2.156099536815));
#4109 = CARTESIAN_POINT('',(7.254933125519,-2.122650793914));
#4110 = CARTESIAN_POINT('',(7.215757887517,-2.108615728042));
#4111 = ( GEOMETRIC_REPRESENTATION_CONTEXT(2) 
PARAMETRIC_REPRESENTATION_CONTEXT() REPRESENTATION_CONTEXT('2D SPACE',''
  ) );
#4112 = PCURVE('',#4113,#4132);
#4113 = SURFACE_OF_LINEAR_EXTRUSION('',#4114,#4130);
#4114 = B_SPLINE_CURVE_WITH_KNOTS('',3,(#4115,#4116,#4117,#4118,#4119,
    #4120,#4121,#4122,#4123,#4124,#4125,#4126,#4127,#4128,#4129),
  .UNSPECIFIED.,.F.,.F.,(4,1,1,1,1,1,1,1,1,1,1,1,4),(0.,0.146879273693,
    0.291728071966,0.434546320869,0.575333920312,0.71409073008,
    0.850816545047,0.985511047715,1.118173707569,1.248803534744,
    1.377398329377,1.503951286886,1.628390007606),.UNSPECIFIED.);
#4115 = CARTESIAN_POINT('',(8.421792391506,-3.173864035268,0.));
#4116 = CARTESIAN_POINT('',(8.393015612025,-3.134254095756,0.));
#4117 = CARTESIAN_POINT('',(8.334695356656,-3.056418865334,0.));
#4118 = CARTESIAN_POINT('',(8.24428168268,-2.9432236857,0.));
#4119 = CARTESIAN_POINT('',(8.151603054968,-2.834526560922,0.));
#4120 = CARTESIAN_POINT('',(8.05670909335,-2.730488212551,0.));
#4121 = CARTESIAN_POINT('',(7.959642584635,-2.631292049399,0.));
#4122 = CARTESIAN_POINT('',(7.860434565549,-2.537160628724,0.));
#4123 = CARTESIAN_POINT('',(7.759101835039,-2.448364798389,0.));
#4124 = CARTESIAN_POINT('',(7.655631671836,-2.365273392859,0.));
#4125 = CARTESIAN_POINT('',(7.549993692169,-2.288322574268,0.));
#4126 = CARTESIAN_POINT('',(7.442014824012,-2.21841206188,0.));
#4127 = CARTESIAN_POINT('',(7.33167169338,-2.156099536815,0.));
#4128 = CARTESIAN_POINT('',(7.254933125519,-2.122650793914,-0.));
#4129 = CARTESIAN_POINT('',(7.215757887517,-2.108615728042,0.));
#4130 = VECTOR('',#4131,1.);
#4131 = DIRECTION('',(-0.,-0.,-1.));
#4132 = DEFINITIONAL_REPRESENTATION('',(#4133),#4137);
#4133 = LINE('',#4134,#4135);
#4134 = CARTESIAN_POINT('',(0.,0.));
#4135 = VECTOR('',#4136,1.);
#4136 = DIRECTION('',(1.,0.));
#4137 = ( GEOMETRIC_REPRESENTATION_CONTEXT(2) 
PARAMETRIC_REPRESENTATION_CONTEXT() REPRESENTATION_CONTEXT('2D SPACE',''
  ) );
#4138 = ORIENTED_EDGE('',*,*,#4139,.T.);
#4139 = EDGE_CURVE('',#4074,#156,#4140,.T.);
#4140 = SURFACE_CURVE('',#4141,(#4145,#4152),.PCURVE_S1.);
#4141 = LINE('',#4142,#4143);
#4142 = CARTESIAN_POINT('',(7.215757887517,-2.108615728042,0.));
#4143 = VECTOR('',#4144,1.);
#4144 = DIRECTION('',(-0.959856144433,0.280492748559,0.));
#4145 = PCURVE('',#140,#4146);
#4146 = DEFINITIONAL_REPRESENTATION('',(#4147),#4151);
#4147 = LINE('',#4148,#4149);
#4148 = CARTESIAN_POINT('',(7.215757887517,-2.108615728042));
#4149 = VECTOR('',#4150,1.);
#4150 = DIRECTION('',(-0.959856144433,0.280492748559));
#4151 = ( GEOMETRIC_REPRESENTATION_CONTEXT(2) 
PARAMETRIC_REPRESENTATION_CONTEXT() REPRESENTATION_CONTEXT('2D SPACE',''
  ) );
#4152 = PCURVE('',#173,#4153);
#4153 = DEFINITIONAL_REPRESENTATION('',(#4154),#4158);
#4154 = LINE('',#4155,#4156);
#4155 = CARTESIAN_POINT('',(0.,0.));
#4156 = VECTOR('',#4157,1.);
#4157 = DIRECTION('',(1.,0.));
#4158 = ( GEOMETRIC_REPRESENTATION_CONTEXT(2) 
PARAMETRIC_REPRESENTATION_CONTEXT() REPRESENTATION_CONTEXT('2D SPACE',''
  ) );
#4159 = ORIENTED_EDGE('',*,*,#208,.T.);
#4160 = FACE_BOUND('',#4161,.F.);
#4161 = EDGE_LOOP('',(#4162,#4193,#4221,#4250));
#4162 = ORIENTED_EDGE('',*,*,#4163,.F.);
#4163 = EDGE_CURVE('',#4164,#4166,#4168,.T.);
#4164 = VERTEX_POINT('',#4165);
#4165 = CARTESIAN_POINT('',(2.024845673132,-1.55,0.));
#4166 = VERTEX_POINT('',#4167);
#4167 = CARTESIAN_POINT('',(2.024845673132,1.55,0.));
#4168 = SURFACE_CURVE('',#4169,(#4174,#4181),.PCURVE_S1.);
#4169 = CIRCLE('',#4170,2.55);
#4170 = AXIS2_PLACEMENT_3D('',#4171,#4172,#4173);
#4171 = CARTESIAN_POINT('',(0.,0.,0.));
#4172 = DIRECTION('',(0.,0.,1.));
#4173 = DIRECTION('',(0.794057126718,-0.607843137255,0.));
#4174 = PCURVE('',#140,#4175);
#4175 = DEFINITIONAL_REPRESENTATION('',(#4176),#4180);
#4176 = CIRCLE('',#4177,2.55);
#4177 = AXIS2_PLACEMENT_2D('',#4178,#4179);
#4178 = CARTESIAN_POINT('',(-8.35527557665E-16,1.023256850685E-15));
#4179 = DIRECTION('',(0.794057126718,-0.607843137255));
#4180 = ( GEOMETRIC_REPRESENTATION_CONTEXT(2) 
PARAMETRIC_REPRESENTATION_CONTEXT() REPRESENTATION_CONTEXT('2D SPACE',''
  ) );
#4181 = PCURVE('',#4182,#4187);
#4182 = CYLINDRICAL_SURFACE('',#4183,2.55);
#4183 = AXIS2_PLACEMENT_3D('',#4184,#4185,#4186);
#4184 = CARTESIAN_POINT('',(0.,0.,0.));
#4185 = DIRECTION('',(-0.,-0.,-1.));
#4186 = DIRECTION('',(1.,0.,0.));
#4187 = DEFINITIONAL_REPRESENTATION('',(#4188),#4192);
#4188 = LINE('',#4189,#4190);
#4189 = CARTESIAN_POINT('',(-5.629843805801,0.));
#4190 = VECTOR('',#4191,1.);
#4191 = DIRECTION('',(-1.,0.));
#4192 = ( GEOMETRIC_REPRESENTATION_CONTEXT(2) 
PARAMETRIC_REPRESENTATION_CONTEXT() REPRESENTATION_CONTEXT('2D SPACE',''
  ) );
#4193 = ORIENTED_EDGE('',*,*,#4194,.F.);
#4194 = EDGE_CURVE('',#4195,#4164,#4197,.T.);
#4195 = VERTEX_POINT('',#4196);
#4196 = CARTESIAN_POINT('',(-2.024845673132,-1.55,0.));
#4197 = SURFACE_CURVE('',#4198,(#4202,#4209),.PCURVE_S1.);
#4198 = LINE('',#4199,#4200);
#4199 = CARTESIAN_POINT('',(-3.55,-1.55,0.));
#4200 = VECTOR('',#4201,1.);
#4201 = DIRECTION('',(1.,0.,0.));
#4202 = PCURVE('',#140,#4203);
#4203 = DEFINITIONAL_REPRESENTATION('',(#4204),#4208);
#4204 = LINE('',#4205,#4206);
#4205 = CARTESIAN_POINT('',(-3.55,-1.55));
#4206 = VECTOR('',#4207,1.);
#4207 = DIRECTION('',(1.,0.));
#4208 = ( GEOMETRIC_REPRESENTATION_CONTEXT(2) 
PARAMETRIC_REPRESENTATION_CONTEXT() REPRESENTATION_CONTEXT('2D SPACE',''
  ) );
#4209 = PCURVE('',#4210,#4215);
#4210 = PLANE('',#4211);
#4211 = AXIS2_PLACEMENT_3D('',#4212,#4213,#4214);
#4212 = CARTESIAN_POINT('',(-3.55,-1.55,0.));
#4213 = DIRECTION('',(0.,1.,0.));
#4214 = DIRECTION('',(1.,0.,0.));
#4215 = DEFINITIONAL_REPRESENTATION('',(#4216),#4220);
#4216 = LINE('',#4217,#4218);
#4217 = CARTESIAN_POINT('',(0.,0.));
#4218 = VECTOR('',#4219,1.);
#4219 = DIRECTION('',(1.,0.));
#4220 = ( GEOMETRIC_REPRESENTATION_CONTEXT(2) 
PARAMETRIC_REPRESENTATION_CONTEXT() REPRESENTATION_CONTEXT('2D SPACE',''
  ) );
#4221 = ORIENTED_EDGE('',*,*,#4222,.F.);
#4222 = EDGE_CURVE('',#4223,#4195,#4225,.T.);
#4223 = VERTEX_POINT('',#4224);
#4224 = CARTESIAN_POINT('',(-2.024845673132,1.55,0.));
#4225 = SURFACE_CURVE('',#4226,(#4231,#4238),.PCURVE_S1.);
#4226 = CIRCLE('',#4227,2.55);
#4227 = AXIS2_PLACEMENT_3D('',#4228,#4229,#4230);
#4228 = CARTESIAN_POINT('',(0.,0.,0.));
#4229 = DIRECTION('',(0.,0.,1.));
#4230 = DIRECTION('',(1.,0.,0.));
#4231 = PCURVE('',#140,#4232);
#4232 = DEFINITIONAL_REPRESENTATION('',(#4233),#4237);
#4233 = CIRCLE('',#4234,2.55);
#4234 = AXIS2_PLACEMENT_2D('',#4235,#4236);
#4235 = CARTESIAN_POINT('',(-8.35527557665E-16,1.023256850685E-15));
#4236 = DIRECTION('',(1.,0.));
#4237 = ( GEOMETRIC_REPRESENTATION_CONTEXT(2) 
PARAMETRIC_REPRESENTATION_CONTEXT() REPRESENTATION_CONTEXT('2D SPACE',''
  ) );
#4238 = PCURVE('',#4239,#4244);
#4239 = CYLINDRICAL_SURFACE('',#4240,2.55);
#4240 = AXIS2_PLACEMENT_3D('',#4241,#4242,#4243);
#4241 = CARTESIAN_POINT('',(0.,0.,0.));
#4242 = DIRECTION('',(-0.,-0.,-1.));
#4243 = DIRECTION('',(1.,0.,0.));
#4244 = DEFINITIONAL_REPRESENTATION('',(#4245),#4249);
#4245 = LINE('',#4246,#4247);
#4246 = CARTESIAN_POINT('',(-0.,0.));
#4247 = VECTOR('',#4248,1.);
#4248 = DIRECTION('',(-1.,0.));
#4249 = ( GEOMETRIC_REPRESENTATION_CONTEXT(2) 
PARAMETRIC_REPRESENTATION_CONTEXT() REPRESENTATION_CONTEXT('2D SPACE',''
  ) );
#4250 = ORIENTED_EDGE('',*,*,#4251,.F.);
#4251 = EDGE_CURVE('',#4166,#4223,#4252,.T.);
#4252 = SURFACE_CURVE('',#4253,(#4257,#4264),.PCURVE_S1.);
#4253 = LINE('',#4254,#4255);
#4254 = CARTESIAN_POINT('',(3.55,1.55,0.));
#4255 = VECTOR('',#4256,1.);
#4256 = DIRECTION('',(-1.,0.,0.));
#4257 = PCURVE('',#140,#4258);
#4258 = DEFINITIONAL_REPRESENTATION('',(#4259),#4263);
#4259 = LINE('',#4260,#4261);
#4260 = CARTESIAN_POINT('',(3.55,1.55));
#4261 = VECTOR('',#4262,1.);
#4262 = DIRECTION('',(-1.,0.));
#4263 = ( GEOMETRIC_REPRESENTATION_CONTEXT(2) 
PARAMETRIC_REPRESENTATION_CONTEXT() REPRESENTATION_CONTEXT('2D SPACE',''
  ) );
#4264 = PCURVE('',#4265,#4270);
#4265 = PLANE('',#4266);
#4266 = AXIS2_PLACEMENT_3D('',#4267,#4268,#4269);
#4267 = CARTESIAN_POINT('',(3.55,1.55,0.));
#4268 = DIRECTION('',(0.,-1.,0.));
#4269 = DIRECTION('',(-1.,0.,0.));
#4270 = DEFINITIONAL_REPRESENTATION('',(#4271),#4275);
#4271 = LINE('',#4272,#4273);
#4272 = CARTESIAN_POINT('',(0.,-0.));
#4273 = VECTOR('',#4274,1.);
#4274 = DIRECTION('',(1.,0.));
#4275 = ( GEOMETRIC_REPRESENTATION_CONTEXT(2) 
PARAMETRIC_REPRESENTATION_CONTEXT() REPRESENTATION_CONTEXT('2D SPACE',''
  ) );
#4276 = ADVANCED_FACE('',(#4277,#7194),#72,.T.);
#4277 = FACE_BOUND('',#4278,.T.);
#4278 = EDGE_LOOP('',(#4279,#4280,#4281,#4305,#4352,#4375,#4399,#4422,
    #4469,#4493,#4540,#4563,#4587,#4610,#4657,#4681,#4728,#4751,#4775,
    #4798,#4845,#4869,#4916,#4939,#4963,#4986,#5033,#5057,#5104,#5127,
    #5151,#5174,#5221,#5245,#5292,#5315,#5339,#5362,#5409,#5433,#5480,
    #5503,#5527,#5550,#5597,#5621,#5668,#5691,#5715,#5738,#5785,#5809,
    #5856,#5879,#5903,#5926,#5973,#5997,#6044,#6067,#6091,#6114,#6161,
    #6185,#6232,#6255,#6279,#6302,#6349,#6373,#6420,#6443,#6467,#6490,
    #6537,#6561,#6608,#6631,#6655,#6678,#6725,#6749,#6796,#6819,#6843,
    #6866,#6913,#6937,#6984,#7007,#7031,#7054,#7101,#7125,#7172,#7193));
#4279 = ORIENTED_EDGE('',*,*,#56,.T.);
#4280 = ORIENTED_EDGE('',*,*,#234,.T.);
#4281 = ORIENTED_EDGE('',*,*,#4282,.T.);
#4282 = EDGE_CURVE('',#235,#4283,#4285,.T.);
#4283 = VERTEX_POINT('',#4284);
#4284 = CARTESIAN_POINT('',(8.995306800448,0.29061239789,6.));
#4285 = SURFACE_CURVE('',#4286,(#4291,#4298),.PCURVE_S1.);
#4286 = CIRCLE('',#4287,9.000000000001);
#4287 = AXIS2_PLACEMENT_3D('',#4288,#4289,#4290);
#4288 = CARTESIAN_POINT('',(-8.242295734817E-13,0.,6.));
#4289 = DIRECTION('',(0.,-0.,1.));
#4290 = DIRECTION('',(0.999478533383,-3.229026643226E-02,-0.));
#4291 = PCURVE('',#72,#4292);
#4292 = DEFINITIONAL_REPRESENTATION('',(#4293),#4297);
#4293 = CIRCLE('',#4294,9.000000000001);
#4294 = AXIS2_PLACEMENT_2D('',#4295,#4296);
#4295 = CARTESIAN_POINT('',(-8.250651010394E-13,1.023256850685E-15));
#4296 = DIRECTION('',(0.999478533383,-3.229026643226E-02));
#4297 = ( GEOMETRIC_REPRESENTATION_CONTEXT(2) 
PARAMETRIC_REPRESENTATION_CONTEXT() REPRESENTATION_CONTEXT('2D SPACE',''
  ) );
#4298 = PCURVE('',#297,#4299);
#4299 = DEFINITIONAL_REPRESENTATION('',(#4300),#4304);
#4300 = LINE('',#4301,#4302);
#4301 = CARTESIAN_POINT('',(-0.,-6.));
#4302 = VECTOR('',#4303,1.);
#4303 = DIRECTION('',(-1.,0.));
#4304 = ( GEOMETRIC_REPRESENTATION_CONTEXT(2) 
PARAMETRIC_REPRESENTATION_CONTEXT() REPRESENTATION_CONTEXT('2D SPACE',''
  ) );
#4305 = ORIENTED_EDGE('',*,*,#4306,.T.);
#4306 = EDGE_CURVE('',#4283,#4307,#4309,.T.);
#4307 = VERTEX_POINT('',#4308);
#4308 = CARTESIAN_POINT('',(7.47342332818,0.813244082441,6.));
#4309 = SURFACE_CURVE('',#4310,(#4326,#4345),.PCURVE_S1.);
#4310 = B_SPLINE_CURVE_WITH_KNOTS('',3,(#4311,#4312,#4313,#4314,#4315,
    #4316,#4317,#4318,#4319,#4320,#4321,#4322,#4323,#4324,#4325),
  .UNSPECIFIED.,.F.,.F.,(4,1,1,1,1,1,1,1,1,1,1,1,4),(0.,0.146879273693,
    0.291728071966,0.434546320869,0.575333920312,0.71409073008,
    0.850816545047,0.985511047715,1.118173707569,1.248803534744,
    1.377398329377,1.503951286886,1.628390007606),.UNSPECIFIED.);
#4311 = CARTESIAN_POINT('',(8.995306800448,0.29061239789,6.));
#4312 = CARTESIAN_POINT('',(8.953562455266,0.316194813545,6.));
#4313 = CARTESIAN_POINT('',(8.869895311863,0.365786994339,6.));
#4314 = CARTESIAN_POINT('',(8.743046049147,0.435765888892,6.));
#4315 = CARTESIAN_POINT('',(8.615825573105,0.500722362357,6.));
#4316 = CARTESIAN_POINT('',(8.488341231955,0.560526916071,6.));
#4317 = CARTESIAN_POINT('',(8.360702743068,0.615026476188,6.));
#4318 = CARTESIAN_POINT('',(8.233023949617,0.664027303853,6.));
#4319 = CARTESIAN_POINT('',(8.105424020793,0.70728559695,6.));
#4320 = CARTESIAN_POINT('',(7.978032350515,0.744455728645,6.));
#4321 = CARTESIAN_POINT('',(7.850987779864,0.775123110305,6.));
#4322 = CARTESIAN_POINT('',(7.72447471879,0.798390277918,6.));
#4323 = CARTESIAN_POINT('',(7.598684987875,0.813733056476,6.));
#4324 = CARTESIAN_POINT('',(7.514987515933,0.815269086887,6.));
#4325 = CARTESIAN_POINT('',(7.47342332818,0.813244082441,6.));
#4326 = PCURVE('',#72,#4327);
#4327 = DEFINITIONAL_REPRESENTATION('',(#4328),#4344);
#4328 = B_SPLINE_CURVE_WITH_KNOTS('',3,(#4329,#4330,#4331,#4332,#4333,
    #4334,#4335,#4336,#4337,#4338,#4339,#4340,#4341,#4342,#4343),
  .UNSPECIFIED.,.F.,.F.,(4,1,1,1,1,1,1,1,1,1,1,1,4),(0.,0.146879273693,
    0.291728071966,0.434546320869,0.575333920312,0.71409073008,
    0.850816545047,0.985511047715,1.118173707569,1.248803534744,
    1.377398329377,1.503951286886,1.628390007606),.UNSPECIFIED.);
#4329 = CARTESIAN_POINT('',(8.995306800448,0.29061239789));
#4330 = CARTESIAN_POINT('',(8.953562455266,0.316194813545));
#4331 = CARTESIAN_POINT('',(8.869895311863,0.365786994339));
#4332 = CARTESIAN_POINT('',(8.743046049147,0.435765888892));
#4333 = CARTESIAN_POINT('',(8.615825573105,0.500722362357));
#4334 = CARTESIAN_POINT('',(8.488341231955,0.560526916071));
#4335 = CARTESIAN_POINT('',(8.360702743068,0.615026476188));
#4336 = CARTESIAN_POINT('',(8.233023949617,0.664027303853));
#4337 = CARTESIAN_POINT('',(8.105424020793,0.70728559695));
#4338 = CARTESIAN_POINT('',(7.978032350515,0.744455728645));
#4339 = CARTESIAN_POINT('',(7.850987779864,0.775123110305));
#4340 = CARTESIAN_POINT('',(7.72447471879,0.798390277918));
#4341 = CARTESIAN_POINT('',(7.598684987875,0.813733056476));
#4342 = CARTESIAN_POINT('',(7.514987515933,0.815269086887));
#4343 = CARTESIAN_POINT('',(7.47342332818,0.813244082441));
#4344 = ( GEOMETRIC_REPRESENTATION_CONTEXT(2) 
PARAMETRIC_REPRESENTATION_CONTEXT() REPRESENTATION_CONTEXT('2D SPACE',''
  ) );
#4345 = PCURVE('',#423,#4346);
#4346 = DEFINITIONAL_REPRESENTATION('',(#4347),#4351);
#4347 = LINE('',#4348,#4349);
#4348 = CARTESIAN_POINT('',(0.,-6.));
#4349 = VECTOR('',#4350,1.);
#4350 = DIRECTION('',(1.,0.));
#4351 = ( GEOMETRIC_REPRESENTATION_CONTEXT(2) 
PARAMETRIC_REPRESENTATION_CONTEXT() REPRESENTATION_CONTEXT('2D SPACE',''
  ) );
#4352 = ORIENTED_EDGE('',*,*,#4353,.T.);
#4353 = EDGE_CURVE('',#4307,#4354,#4356,.T.);
#4354 = VERTEX_POINT('',#4355);
#4355 = CARTESIAN_POINT('',(6.710386772941,0.730211857986,6.));
#4356 = SURFACE_CURVE('',#4357,(#4361,#4368),.PCURVE_S1.);
#4357 = LINE('',#4358,#4359);
#4358 = CARTESIAN_POINT('',(7.47342332818,0.813244082441,6.));
#4359 = VECTOR('',#4360,1.);
#4360 = DIRECTION('',(-0.994131373769,-0.108179534516,0.));
#4361 = PCURVE('',#72,#4362);
#4362 = DEFINITIONAL_REPRESENTATION('',(#4363),#4367);
#4363 = LINE('',#4364,#4365);
#4364 = CARTESIAN_POINT('',(7.47342332818,0.813244082441));
#4365 = VECTOR('',#4366,1.);
#4366 = DIRECTION('',(-0.994131373769,-0.108179534516));
#4367 = ( GEOMETRIC_REPRESENTATION_CONTEXT(2) 
PARAMETRIC_REPRESENTATION_CONTEXT() REPRESENTATION_CONTEXT('2D SPACE',''
  ) );
#4368 = PCURVE('',#465,#4369);
#4369 = DEFINITIONAL_REPRESENTATION('',(#4370),#4374);
#4370 = LINE('',#4371,#4372);
#4371 = CARTESIAN_POINT('',(0.,-6.));
#4372 = VECTOR('',#4373,1.);
#4373 = DIRECTION('',(1.,0.));
#4374 = ( GEOMETRIC_REPRESENTATION_CONTEXT(2) 
PARAMETRIC_REPRESENTATION_CONTEXT() REPRESENTATION_CONTEXT('2D SPACE',''
  ) );
#4375 = ORIENTED_EDGE('',*,*,#4376,.T.);
#4376 = EDGE_CURVE('',#4354,#4377,#4379,.T.);
#4377 = VERTEX_POINT('',#4378);
#4378 = CARTESIAN_POINT('',(6.479028974922,1.893326052776,6.));
#4379 = SURFACE_CURVE('',#4380,(#4385,#4392),.PCURVE_S1.);
#4380 = CIRCLE('',#4381,6.75);
#4381 = AXIS2_PLACEMENT_3D('',#4382,#4383,#4384);
#4382 = CARTESIAN_POINT('',(-4.143352327901E-13,-8.193445921734E-14,6.)
  );
#4383 = DIRECTION('',(0.,0.,1.));
#4384 = DIRECTION('',(0.994131373769,0.108179534516,-0.));
#4385 = PCURVE('',#72,#4386);
#4386 = DEFINITIONAL_REPRESENTATION('',(#4387),#4391);
#4387 = CIRCLE('',#4388,6.75);
#4388 = AXIS2_PLACEMENT_2D('',#4389,#4390);
#4389 = CARTESIAN_POINT('',(-4.151707603478E-13,-8.091120236665E-14));
#4390 = DIRECTION('',(0.994131373769,0.108179534516));
#4391 = ( GEOMETRIC_REPRESENTATION_CONTEXT(2) 
PARAMETRIC_REPRESENTATION_CONTEXT() REPRESENTATION_CONTEXT('2D SPACE',''
  ) );
#4392 = PCURVE('',#494,#4393);
#4393 = DEFINITIONAL_REPRESENTATION('',(#4394),#4398);
#4394 = LINE('',#4395,#4396);
#4395 = CARTESIAN_POINT('',(-0.,-6.));
#4396 = VECTOR('',#4397,1.);
#4397 = DIRECTION('',(-1.,0.));
#4398 = ( GEOMETRIC_REPRESENTATION_CONTEXT(2) 
PARAMETRIC_REPRESENTATION_CONTEXT() REPRESENTATION_CONTEXT('2D SPACE',''
  ) );
#4399 = ORIENTED_EDGE('',*,*,#4400,.T.);
#4400 = EDGE_CURVE('',#4377,#4401,#4403,.T.);
#4401 = VERTEX_POINT('',#4402);
#4402 = CARTESIAN_POINT('',(7.215757887517,2.108615728042,6.));
#4403 = SURFACE_CURVE('',#4404,(#4408,#4415),.PCURVE_S1.);
#4404 = LINE('',#4405,#4406);
#4405 = CARTESIAN_POINT('',(6.479028974922,1.893326052776,6.));
#4406 = VECTOR('',#4407,1.);
#4407 = DIRECTION('',(0.959856144433,0.280492748559,0.));
#4408 = PCURVE('',#72,#4409);
#4409 = DEFINITIONAL_REPRESENTATION('',(#4410),#4414);
#4410 = LINE('',#4411,#4412);
#4411 = CARTESIAN_POINT('',(6.479028974922,1.893326052776));
#4412 = VECTOR('',#4413,1.);
#4413 = DIRECTION('',(0.959856144433,0.280492748559));
#4414 = ( GEOMETRIC_REPRESENTATION_CONTEXT(2) 
PARAMETRIC_REPRESENTATION_CONTEXT() REPRESENTATION_CONTEXT('2D SPACE',''
  ) );
#4415 = PCURVE('',#522,#4416);
#4416 = DEFINITIONAL_REPRESENTATION('',(#4417),#4421);
#4417 = LINE('',#4418,#4419);
#4418 = CARTESIAN_POINT('',(0.,-6.));
#4419 = VECTOR('',#4420,1.);
#4420 = DIRECTION('',(1.,0.));
#4421 = ( GEOMETRIC_REPRESENTATION_CONTEXT(2) 
PARAMETRIC_REPRESENTATION_CONTEXT() REPRESENTATION_CONTEXT('2D SPACE',''
  ) );
#4422 = ORIENTED_EDGE('',*,*,#4423,.T.);
#4423 = EDGE_CURVE('',#4401,#4424,#4426,.T.);
#4424 = VERTEX_POINT('',#4425);
#4425 = CARTESIAN_POINT('',(8.421792391506,3.173864035268,6.));
#4426 = SURFACE_CURVE('',#4427,(#4443,#4462),.PCURVE_S1.);
#4427 = B_SPLINE_CURVE_WITH_KNOTS('',3,(#4428,#4429,#4430,#4431,#4432,
    #4433,#4434,#4435,#4436,#4437,#4438,#4439,#4440,#4441,#4442),
  .UNSPECIFIED.,.F.,.F.,(4,1,1,1,1,1,1,1,1,1,1,1,4),(0.,0.12443872072,
    0.250991678229,0.379586472863,0.510216300037,0.642878959891,
    0.777573462559,0.914299277526,1.053056087294,1.193843686737,
    1.33666193564,1.481510733913,1.628390007606),.UNSPECIFIED.);
#4428 = CARTESIAN_POINT('',(7.215757887517,2.108615728042,6.));
#4429 = CARTESIAN_POINT('',(7.254933125519,2.122650793914,6.));
#4430 = CARTESIAN_POINT('',(7.33167169338,2.156099536815,6.));
#4431 = CARTESIAN_POINT('',(7.442014824012,2.21841206188,6.));
#4432 = CARTESIAN_POINT('',(7.549993692169,2.288322574268,6.));
#4433 = CARTESIAN_POINT('',(7.655631671836,2.365273392859,6.));
#4434 = CARTESIAN_POINT('',(7.759101835039,2.448364798389,6.));
#4435 = CARTESIAN_POINT('',(7.860434565549,2.537160628724,6.));
#4436 = CARTESIAN_POINT('',(7.959642584635,2.631292049399,6.));
#4437 = CARTESIAN_POINT('',(8.05670909335,2.730488212551,6.));
#4438 = CARTESIAN_POINT('',(8.151603054968,2.834526560922,6.));
#4439 = CARTESIAN_POINT('',(8.24428168268,2.9432236857,6.));
#4440 = CARTESIAN_POINT('',(8.334695356656,3.056418865334,6.));
#4441 = CARTESIAN_POINT('',(8.393015612025,3.134254095756,6.));
#4442 = CARTESIAN_POINT('',(8.421792391506,3.173864035268,6.));
#4443 = PCURVE('',#72,#4444);
#4444 = DEFINITIONAL_REPRESENTATION('',(#4445),#4461);
#4445 = B_SPLINE_CURVE_WITH_KNOTS('',3,(#4446,#4447,#4448,#4449,#4450,
    #4451,#4452,#4453,#4454,#4455,#4456,#4457,#4458,#4459,#4460),
  .UNSPECIFIED.,.F.,.F.,(4,1,1,1,1,1,1,1,1,1,1,1,4),(0.,0.12443872072,
    0.250991678229,0.379586472863,0.510216300037,0.642878959891,
    0.777573462559,0.914299277526,1.053056087294,1.193843686737,
    1.33666193564,1.481510733913,1.628390007606),.UNSPECIFIED.);
#4446 = CARTESIAN_POINT('',(7.215757887517,2.108615728042));
#4447 = CARTESIAN_POINT('',(7.254933125519,2.122650793914));
#4448 = CARTESIAN_POINT('',(7.33167169338,2.156099536815));
#4449 = CARTESIAN_POINT('',(7.442014824012,2.21841206188));
#4450 = CARTESIAN_POINT('',(7.549993692169,2.288322574268));
#4451 = CARTESIAN_POINT('',(7.655631671836,2.365273392859));
#4452 = CARTESIAN_POINT('',(7.759101835039,2.448364798389));
#4453 = CARTESIAN_POINT('',(7.860434565549,2.537160628724));
#4454 = CARTESIAN_POINT('',(7.959642584635,2.631292049399));
#4455 = CARTESIAN_POINT('',(8.05670909335,2.730488212551));
#4456 = CARTESIAN_POINT('',(8.151603054968,2.834526560922));
#4457 = CARTESIAN_POINT('',(8.24428168268,2.9432236857));
#4458 = CARTESIAN_POINT('',(8.334695356656,3.056418865334));
#4459 = CARTESIAN_POINT('',(8.393015612025,3.134254095756));
#4460 = CARTESIAN_POINT('',(8.421792391506,3.173864035268));
#4461 = ( GEOMETRIC_REPRESENTATION_CONTEXT(2) 
PARAMETRIC_REPRESENTATION_CONTEXT() REPRESENTATION_CONTEXT('2D SPACE',''
  ) );
#4462 = PCURVE('',#574,#4463);
#4463 = DEFINITIONAL_REPRESENTATION('',(#4464),#4468);
#4464 = LINE('',#4465,#4466);
#4465 = CARTESIAN_POINT('',(0.,-6.));
#4466 = VECTOR('',#4467,1.);
#4467 = DIRECTION('',(1.,0.));
#4468 = ( GEOMETRIC_REPRESENTATION_CONTEXT(2) 
PARAMETRIC_REPRESENTATION_CONTEXT() REPRESENTATION_CONTEXT('2D SPACE',''
  ) );
#4469 = ORIENTED_EDGE('',*,*,#4470,.T.);
#4470 = EDGE_CURVE('',#4424,#4471,#4473,.T.);
#4471 = VERTEX_POINT('',#4472);
#4472 = CARTESIAN_POINT('',(8.199367291681,3.710845727878,6.));
#4473 = SURFACE_CURVE('',#4474,(#4479,#4486),.PCURVE_S1.);
#4474 = CIRCLE('',#4475,9.000000000004);
#4475 = AXIS2_PLACEMENT_3D('',#4476,#4477,#4478);
#4476 = CARTESIAN_POINT('',(-3.598010778205E-12,-1.498579038639E-12,6.)
  );
#4477 = DIRECTION('',(0.,0.,1.));
#4478 = DIRECTION('',(0.935754710167,0.352651559474,-0.));
#4479 = PCURVE('',#72,#4480);
#4480 = DEFINITIONAL_REPRESENTATION('',(#4481),#4485);
#4481 = CIRCLE('',#4482,9.000000000004);
#4482 = AXIS2_PLACEMENT_2D('',#4483,#4484);
#4483 = CARTESIAN_POINT('',(-3.598846305763E-12,-1.497555781788E-12));
#4484 = DIRECTION('',(0.935754710167,0.352651559474));
#4485 = ( GEOMETRIC_REPRESENTATION_CONTEXT(2) 
PARAMETRIC_REPRESENTATION_CONTEXT() REPRESENTATION_CONTEXT('2D SPACE',''
  ) );
#4486 = PCURVE('',#617,#4487);
#4487 = DEFINITIONAL_REPRESENTATION('',(#4488),#4492);
#4488 = LINE('',#4489,#4490);
#4489 = CARTESIAN_POINT('',(-0.,-6.));
#4490 = VECTOR('',#4491,1.);
#4491 = DIRECTION('',(-1.,0.));
#4492 = ( GEOMETRIC_REPRESENTATION_CONTEXT(2) 
PARAMETRIC_REPRESENTATION_CONTEXT() REPRESENTATION_CONTEXT('2D SPACE',''
  ) );
#4493 = ORIENTED_EDGE('',*,*,#4494,.T.);
#4494 = EDGE_CURVE('',#4471,#4495,#4497,.T.);
#4495 = VERTEX_POINT('',#4496);
#4496 = CARTESIAN_POINT('',(6.593327813879,3.611294853448,6.));
#4497 = SURFACE_CURVE('',#4498,(#4514,#4533),.PCURVE_S1.);
#4498 = B_SPLINE_CURVE_WITH_KNOTS('',3,(#4499,#4500,#4501,#4502,#4503,
    #4504,#4505,#4506,#4507,#4508,#4509,#4510,#4511,#4512,#4513),
  .UNSPECIFIED.,.F.,.F.,(4,1,1,1,1,1,1,1,1,1,1,1,4),(0.,0.146879273693,
    0.291728071966,0.434546320869,0.575333920312,0.71409073008,
    0.850816545047,0.985511047715,1.118173707569,1.248803534744,
    1.377398329377,1.503951286886,1.628390007606),.UNSPECIFIED.);
#4499 = CARTESIAN_POINT('',(8.199367291681,3.710845727878,6.));
#4500 = CARTESIAN_POINT('',(8.151010578938,3.718505928797,6.));
#4501 = CARTESIAN_POINT('',(8.05473411164,3.732305099991,6.));
#4502 = CARTESIAN_POINT('',(7.910760910542,3.748414057127,6.));
#4503 = CARTESIAN_POINT('',(7.76836675039,3.759740845027,6.));
#4504 = CARTESIAN_POINT('',(7.627700364999,3.76620690291,6.));
#4505 = CARTESIAN_POINT('',(7.488921698829,3.767712796004,6.));
#4506 = CARTESIAN_POINT('',(7.352210069903,3.764123098842,6.));
#4507 = CARTESIAN_POINT('',(7.217768875232,3.755258171713,6.));
#4508 = CARTESIAN_POINT('',(7.085849924872,3.740848213971,6.));
#4509 = CARTESIAN_POINT('',(6.956740147456,3.720563327842,6.));
#4510 = CARTESIAN_POINT('',(6.830953360171,3.693644935328,6.));
#4511 = CARTESIAN_POINT('',(6.708867375217,3.659682168427,6.));
#4512 = CARTESIAN_POINT('',(6.630953180577,3.629071639642,6.));
#4513 = CARTESIAN_POINT('',(6.593327813879,3.611294853448,6.));
#4514 = PCURVE('',#72,#4515);
#4515 = DEFINITIONAL_REPRESENTATION('',(#4516),#4532);
#4516 = B_SPLINE_CURVE_WITH_KNOTS('',3,(#4517,#4518,#4519,#4520,#4521,
    #4522,#4523,#4524,#4525,#4526,#4527,#4528,#4529,#4530,#4531),
  .UNSPECIFIED.,.F.,.F.,(4,1,1,1,1,1,1,1,1,1,1,1,4),(0.,0.146879273693,
    0.291728071966,0.434546320869,0.575333920312,0.71409073008,
    0.850816545047,0.985511047715,1.118173707569,1.248803534744,
    1.377398329377,1.503951286886,1.628390007606),.UNSPECIFIED.);
#4517 = CARTESIAN_POINT('',(8.199367291681,3.710845727878));
#4518 = CARTESIAN_POINT('',(8.151010578938,3.718505928797));
#4519 = CARTESIAN_POINT('',(8.05473411164,3.732305099991));
#4520 = CARTESIAN_POINT('',(7.910760910542,3.748414057127));
#4521 = CARTESIAN_POINT('',(7.76836675039,3.759740845027));
#4522 = CARTESIAN_POINT('',(7.627700364999,3.76620690291));
#4523 = CARTESIAN_POINT('',(7.488921698829,3.767712796004));
#4524 = CARTESIAN_POINT('',(7.352210069903,3.764123098842));
#4525 = CARTESIAN_POINT('',(7.217768875232,3.755258171713));
#4526 = CARTESIAN_POINT('',(7.085849924872,3.740848213971));
#4527 = CARTESIAN_POINT('',(6.956740147456,3.720563327842));
#4528 = CARTESIAN_POINT('',(6.830953360171,3.693644935328));
#4529 = CARTESIAN_POINT('',(6.708867375217,3.659682168427));
#4530 = CARTESIAN_POINT('',(6.630953180577,3.629071639642));
#4531 = CARTESIAN_POINT('',(6.593327813879,3.611294853448));
#4532 = ( GEOMETRIC_REPRESENTATION_CONTEXT(2) 
PARAMETRIC_REPRESENTATION_CONTEXT() REPRESENTATION_CONTEXT('2D SPACE',''
  ) );
#4533 = PCURVE('',#669,#4534);
#4534 = DEFINITIONAL_REPRESENTATION('',(#4535),#4539);
#4535 = LINE('',#4536,#4537);
#4536 = CARTESIAN_POINT('',(0.,-6.));
#4537 = VECTOR('',#4538,1.);
#4538 = DIRECTION('',(1.,0.));
#4539 = ( GEOMETRIC_REPRESENTATION_CONTEXT(2) 
PARAMETRIC_REPRESENTATION_CONTEXT() REPRESENTATION_CONTEXT('2D SPACE',''
  ) );
#4540 = ORIENTED_EDGE('',*,*,#4541,.T.);
#4541 = EDGE_CURVE('',#4495,#4542,#4544,.T.);
#4542 = VERTEX_POINT('',#4543);
#4543 = CARTESIAN_POINT('',(5.920149014587,3.242581632756,6.));
#4544 = SURFACE_CURVE('',#4545,(#4549,#4556),.PCURVE_S1.);
#4545 = LINE('',#4546,#4547);
#4546 = CARTESIAN_POINT('',(6.593327813879,3.611294853448,6.));
#4547 = VECTOR('',#4548,1.);
#4548 = DIRECTION('',(-0.877059113272,-0.480382464112,0.));
#4549 = PCURVE('',#72,#4550);
#4550 = DEFINITIONAL_REPRESENTATION('',(#4551),#4555);
#4551 = LINE('',#4552,#4553);
#4552 = CARTESIAN_POINT('',(6.593327813879,3.611294853448));
#4553 = VECTOR('',#4554,1.);
#4554 = DIRECTION('',(-0.877059113272,-0.480382464112));
#4555 = ( GEOMETRIC_REPRESENTATION_CONTEXT(2) 
PARAMETRIC_REPRESENTATION_CONTEXT() REPRESENTATION_CONTEXT('2D SPACE',''
  ) );
#4556 = PCURVE('',#711,#4557);
#4557 = DEFINITIONAL_REPRESENTATION('',(#4558),#4562);
#4558 = LINE('',#4559,#4560);
#4559 = CARTESIAN_POINT('',(0.,-6.));
#4560 = VECTOR('',#4561,1.);
#4561 = DIRECTION('',(1.,0.));
#4562 = ( GEOMETRIC_REPRESENTATION_CONTEXT(2) 
PARAMETRIC_REPRESENTATION_CONTEXT() REPRESENTATION_CONTEXT('2D SPACE',''
  ) );
#4563 = ORIENTED_EDGE('',*,*,#4564,.T.);
#4564 = EDGE_CURVE('',#4542,#4565,#4567,.T.);
#4565 = VERTEX_POINT('',#4566);
#4566 = CARTESIAN_POINT('',(5.261297748015,4.228622235046,6.));
#4567 = SURFACE_CURVE('',#4568,(#4573,#4580),.PCURVE_S1.);
#4568 = CIRCLE('',#4569,6.75);
#4569 = AXIS2_PLACEMENT_3D('',#4570,#4571,#4572);
#4570 = CARTESIAN_POINT('',(-1.50990331349E-13,-1.059152765492E-13,6.));
#4571 = DIRECTION('',(0.,0.,1.));
#4572 = DIRECTION('',(0.877059113272,0.480382464112,-0.));
#4573 = PCURVE('',#72,#4574);
#4574 = DEFINITIONAL_REPRESENTATION('',(#4575),#4579);
#4575 = CIRCLE('',#4576,6.75);
#4576 = AXIS2_PLACEMENT_2D('',#4577,#4578);
#4577 = CARTESIAN_POINT('',(-1.518258589067E-13,-1.048920196986E-13));
#4578 = DIRECTION('',(0.877059113272,0.480382464112));
#4579 = ( GEOMETRIC_REPRESENTATION_CONTEXT(2) 
PARAMETRIC_REPRESENTATION_CONTEXT() REPRESENTATION_CONTEXT('2D SPACE',''
  ) );
#4580 = PCURVE('',#740,#4581);
#4581 = DEFINITIONAL_REPRESENTATION('',(#4582),#4586);
#4582 = LINE('',#4583,#4584);
#4583 = CARTESIAN_POINT('',(-0.,-6.));
#4584 = VECTOR('',#4585,1.);
#4585 = DIRECTION('',(-1.,0.));
#4586 = ( GEOMETRIC_REPRESENTATION_CONTEXT(2) 
PARAMETRIC_REPRESENTATION_CONTEXT() REPRESENTATION_CONTEXT('2D SPACE',''
  ) );
#4587 = ORIENTED_EDGE('',*,*,#4588,.T.);
#4588 = EDGE_CURVE('',#4565,#4589,#4591,.T.);
#4589 = VERTEX_POINT('',#4590);
#4590 = CARTESIAN_POINT('',(5.859558719488,4.70945790858,6.));
#4591 = SURFACE_CURVE('',#4592,(#4596,#4603),.PCURVE_S1.);
#4592 = LINE('',#4593,#4594);
#4593 = CARTESIAN_POINT('',(5.261297748015,4.228622235046,6.));
#4594 = VECTOR('',#4595,1.);
#4595 = DIRECTION('',(0.779451518225,0.62646255334,0.));
#4596 = PCURVE('',#72,#4597);
#4597 = DEFINITIONAL_REPRESENTATION('',(#4598),#4602);
#4598 = LINE('',#4599,#4600);
#4599 = CARTESIAN_POINT('',(5.261297748015,4.228622235046));
#4600 = VECTOR('',#4601,1.);
#4601 = DIRECTION('',(0.779451518225,0.62646255334));
#4602 = ( GEOMETRIC_REPRESENTATION_CONTEXT(2) 
PARAMETRIC_REPRESENTATION_CONTEXT() REPRESENTATION_CONTEXT('2D SPACE',''
  ) );
#4603 = PCURVE('',#768,#4604);
#4604 = DEFINITIONAL_REPRESENTATION('',(#4605),#4609);
#4605 = LINE('',#4606,#4607);
#4606 = CARTESIAN_POINT('',(0.,-6.));
#4607 = VECTOR('',#4608,1.);
#4608 = DIRECTION('',(1.,0.));
#4609 = ( GEOMETRIC_REPRESENTATION_CONTEXT(2) 
PARAMETRIC_REPRESENTATION_CONTEXT() REPRESENTATION_CONTEXT('2D SPACE',''
  ) );
#4610 = ORIENTED_EDGE('',*,*,#4611,.T.);
#4611 = EDGE_CURVE('',#4589,#4612,#4614,.T.);
#4612 = VERTEX_POINT('',#4613);
#4613 = CARTESIAN_POINT('',(6.566136434696,6.155148440205,6.));
#4614 = SURFACE_CURVE('',#4615,(#4631,#4650),.PCURVE_S1.);
#4615 = B_SPLINE_CURVE_WITH_KNOTS('',3,(#4616,#4617,#4618,#4619,#4620,
    #4621,#4622,#4623,#4624,#4625,#4626,#4627,#4628,#4629,#4630),
  .UNSPECIFIED.,.F.,.F.,(4,1,1,1,1,1,1,1,1,1,1,1,4),(0.,0.12443872072,
    0.250991678229,0.379586472863,0.510216300037,0.642878959891,
    0.777573462559,0.914299277526,1.053056087294,1.193843686737,
    1.33666193564,1.481510733913,1.628390007606),.UNSPECIFIED.);
#4616 = CARTESIAN_POINT('',(5.859558719488,4.70945790858,6.));
#4617 = CARTESIAN_POINT('',(5.890380932878,4.737416333219,6.));
#4618 = CARTESIAN_POINT('',(5.948477845337,4.797685520717,6.));
#4619 = CARTESIAN_POINT('',(6.02657563431,4.897481275212,6.));
#4620 = CARTESIAN_POINT('',(6.099581505705,5.003391890604,6.));
#4621 = CARTESIAN_POINT('',(6.167730469593,5.114911081557,6.));
#4622 = CARTESIAN_POINT('',(6.231526731334,5.231273847656,6.));
#4623 = CARTESIAN_POINT('',(6.291165273893,5.352088854997,6.));
#4624 = CARTESIAN_POINT('',(6.34679899703,5.477020213187,6.));
#4625 = CARTESIAN_POINT('',(6.398516029532,5.605811262749,6.));
#4626 = CARTESIAN_POINT('',(6.446372866177,5.738244510348,6.));
#4627 = CARTESIAN_POINT('',(6.490400164624,5.874134134533,6.));
#4628 = CARTESIAN_POINT('',(6.5306135876,6.013312659266,6.));
#4629 = CARTESIAN_POINT('',(6.55470822473,6.107541231062,6.));
#4630 = CARTESIAN_POINT('',(6.566136434696,6.155148440205,6.));
#4631 = PCURVE('',#72,#4632);
#4632 = DEFINITIONAL_REPRESENTATION('',(#4633),#4649);
#4633 = B_SPLINE_CURVE_WITH_KNOTS('',3,(#4634,#4635,#4636,#4637,#4638,
    #4639,#4640,#4641,#4642,#4643,#4644,#4645,#4646,#4647,#4648),
  .UNSPECIFIED.,.F.,.F.,(4,1,1,1,1,1,1,1,1,1,1,1,4),(0.,0.12443872072,
    0.250991678229,0.379586472863,0.510216300037,0.642878959891,
    0.777573462559,0.914299277526,1.053056087294,1.193843686737,
    1.33666193564,1.481510733913,1.628390007606),.UNSPECIFIED.);
#4634 = CARTESIAN_POINT('',(5.859558719488,4.70945790858));
#4635 = CARTESIAN_POINT('',(5.890380932878,4.737416333219));
#4636 = CARTESIAN_POINT('',(5.948477845337,4.797685520717));
#4637 = CARTESIAN_POINT('',(6.02657563431,4.897481275212));
#4638 = CARTESIAN_POINT('',(6.099581505705,5.003391890604));
#4639 = CARTESIAN_POINT('',(6.167730469593,5.114911081557));
#4640 = CARTESIAN_POINT('',(6.231526731334,5.231273847656));
#4641 = CARTESIAN_POINT('',(6.291165273893,5.352088854997));
#4642 = CARTESIAN_POINT('',(6.34679899703,5.477020213187));
#4643 = CARTESIAN_POINT('',(6.398516029532,5.605811262749));
#4644 = CARTESIAN_POINT('',(6.446372866177,5.738244510348));
#4645 = CARTESIAN_POINT('',(6.490400164624,5.874134134533));
#4646 = CARTESIAN_POINT('',(6.5306135876,6.013312659266));
#4647 = CARTESIAN_POINT('',(6.55470822473,6.107541231062));
#4648 = CARTESIAN_POINT('',(6.566136434696,6.155148440205));
#4649 = ( GEOMETRIC_REPRESENTATION_CONTEXT(2) 
PARAMETRIC_REPRESENTATION_CONTEXT() REPRESENTATION_CONTEXT('2D SPACE',''
  ) );
#4650 = PCURVE('',#820,#4651);
#4651 = DEFINITIONAL_REPRESENTATION('',(#4652),#4656);
#4652 = LINE('',#4653,#4654);
#4653 = CARTESIAN_POINT('',(0.,-6.));
#4654 = VECTOR('',#4655,1.);
#4655 = DIRECTION('',(1.,0.));
#4656 = ( GEOMETRIC_REPRESENTATION_CONTEXT(2) 
PARAMETRIC_REPRESENTATION_CONTEXT() REPRESENTATION_CONTEXT('2D SPACE',''
  ) );
#4657 = ORIENTED_EDGE('',*,*,#4658,.T.);
#4658 = EDGE_CURVE('',#4612,#4659,#4661,.T.);
#4659 = VERTEX_POINT('',#4660);
#4660 = CARTESIAN_POINT('',(6.155148440205,6.566136434696,6.));
#4661 = SURFACE_CURVE('',#4662,(#4667,#4674),.PCURVE_S1.);
#4662 = CIRCLE('',#4663,8.999999999997);
#4663 = AXIS2_PLACEMENT_3D('',#4664,#4665,#4666);
#4664 = CARTESIAN_POINT('',(2.123190512293E-12,2.136513188589E-12,6.));
#4665 = DIRECTION('',(0.,0.,1.));
#4666 = DIRECTION('',(0.729570714966,0.683905382245,-0.));
#4667 = PCURVE('',#72,#4668);
#4668 = DEFINITIONAL_REPRESENTATION('',(#4669),#4673);
#4669 = CIRCLE('',#4670,8.999999999997);
#4670 = AXIS2_PLACEMENT_2D('',#4671,#4672);
#4671 = CARTESIAN_POINT('',(2.122354984735E-12,2.137536445439E-12));
#4672 = DIRECTION('',(0.729570714966,0.683905382245));
#4673 = ( GEOMETRIC_REPRESENTATION_CONTEXT(2) 
PARAMETRIC_REPRESENTATION_CONTEXT() REPRESENTATION_CONTEXT('2D SPACE',''
  ) );
#4674 = PCURVE('',#863,#4675);
#4675 = DEFINITIONAL_REPRESENTATION('',(#4676),#4680);
#4676 = LINE('',#4677,#4678);
#4677 = CARTESIAN_POINT('',(-0.,-6.));
#4678 = VECTOR('',#4679,1.);
#4679 = DIRECTION('',(-1.,0.));
#4680 = ( GEOMETRIC_REPRESENTATION_CONTEXT(2) 
PARAMETRIC_REPRESENTATION_CONTEXT() REPRESENTATION_CONTEXT('2D SPACE',''
  ) );
#4681 = ORIENTED_EDGE('',*,*,#4682,.T.);
#4682 = EDGE_CURVE('',#4659,#4683,#4685,.T.);
#4683 = VERTEX_POINT('',#4684);
#4684 = CARTESIAN_POINT('',(4.70945790858,5.859558719488,6.));
#4685 = SURFACE_CURVE('',#4686,(#4702,#4721),.PCURVE_S1.);
#4686 = B_SPLINE_CURVE_WITH_KNOTS('',3,(#4687,#4688,#4689,#4690,#4691,
    #4692,#4693,#4694,#4695,#4696,#4697,#4698,#4699,#4700,#4701),
  .UNSPECIFIED.,.F.,.F.,(4,1,1,1,1,1,1,1,1,1,1,1,4),(0.,0.146879273693,
    0.291728071966,0.434546320869,0.575333920312,0.71409073008,
    0.850816545047,0.985511047715,1.118173707569,1.248803534744,
    1.377398329377,1.503951286886,1.628390007606),.UNSPECIFIED.);
#4687 = CARTESIAN_POINT('',(6.155148440205,6.566136434696,6.));
#4688 = CARTESIAN_POINT('',(6.107541231062,6.55470822473,6.));
#4689 = CARTESIAN_POINT('',(6.013312659266,6.5306135876,6.));
#4690 = CARTESIAN_POINT('',(5.874134134533,6.490400164624,6.));
#4691 = CARTESIAN_POINT('',(5.738244510348,6.446372866177,6.));
#4692 = CARTESIAN_POINT('',(5.605811262749,6.398516029532,6.));
#4693 = CARTESIAN_POINT('',(5.477020213187,6.34679899703,6.));
#4694 = CARTESIAN_POINT('',(5.352088854997,6.291165273893,6.));
#4695 = CARTESIAN_POINT('',(5.231273847656,6.231526731334,6.));
#4696 = CARTESIAN_POINT('',(5.114911081557,6.167730469593,6.));
#4697 = CARTESIAN_POINT('',(5.003391890604,6.099581505705,6.));
#4698 = CARTESIAN_POINT('',(4.897481275212,6.02657563431,6.));
#4699 = CARTESIAN_POINT('',(4.797685520717,5.948477845337,6.));
#4700 = CARTESIAN_POINT('',(4.737416333219,5.890380932878,6.));
#4701 = CARTESIAN_POINT('',(4.70945790858,5.859558719488,6.));
#4702 = PCURVE('',#72,#4703);
#4703 = DEFINITIONAL_REPRESENTATION('',(#4704),#4720);
#4704 = B_SPLINE_CURVE_WITH_KNOTS('',3,(#4705,#4706,#4707,#4708,#4709,
    #4710,#4711,#4712,#4713,#4714,#4715,#4716,#4717,#4718,#4719),
  .UNSPECIFIED.,.F.,.F.,(4,1,1,1,1,1,1,1,1,1,1,1,4),(0.,0.146879273693,
    0.291728071966,0.434546320869,0.575333920312,0.71409073008,
    0.850816545047,0.985511047715,1.118173707569,1.248803534744,
    1.377398329377,1.503951286886,1.628390007606),.UNSPECIFIED.);
#4705 = CARTESIAN_POINT('',(6.155148440205,6.566136434696));
#4706 = CARTESIAN_POINT('',(6.107541231062,6.55470822473));
#4707 = CARTESIAN_POINT('',(6.013312659266,6.5306135876));
#4708 = CARTESIAN_POINT('',(5.874134134533,6.490400164624));
#4709 = CARTESIAN_POINT('',(5.738244510348,6.446372866177));
#4710 = CARTESIAN_POINT('',(5.605811262749,6.398516029532));
#4711 = CARTESIAN_POINT('',(5.477020213187,6.34679899703));
#4712 = CARTESIAN_POINT('',(5.352088854997,6.291165273893));
#4713 = CARTESIAN_POINT('',(5.231273847656,6.231526731334));
#4714 = CARTESIAN_POINT('',(5.114911081557,6.167730469593));
#4715 = CARTESIAN_POINT('',(5.003391890604,6.099581505705));
#4716 = CARTESIAN_POINT('',(4.897481275212,6.02657563431));
#4717 = CARTESIAN_POINT('',(4.797685520717,5.948477845337));
#4718 = CARTESIAN_POINT('',(4.737416333219,5.890380932878));
#4719 = CARTESIAN_POINT('',(4.70945790858,5.859558719488));
#4720 = ( GEOMETRIC_REPRESENTATION_CONTEXT(2) 
PARAMETRIC_REPRESENTATION_CONTEXT() REPRESENTATION_CONTEXT('2D SPACE',''
  ) );
#4721 = PCURVE('',#915,#4722);
#4722 = DEFINITIONAL_REPRESENTATION('',(#4723),#4727);
#4723 = LINE('',#4724,#4725);
#4724 = CARTESIAN_POINT('',(0.,-6.));
#4725 = VECTOR('',#4726,1.);
#4726 = DIRECTION('',(1.,0.));
#4727 = ( GEOMETRIC_REPRESENTATION_CONTEXT(2) 
PARAMETRIC_REPRESENTATION_CONTEXT() REPRESENTATION_CONTEXT('2D SPACE',''
  ) );
#4728 = ORIENTED_EDGE('',*,*,#4729,.T.);
#4729 = EDGE_CURVE('',#4683,#4730,#4732,.T.);
#4730 = VERTEX_POINT('',#4731);
#4731 = CARTESIAN_POINT('',(4.228622235046,5.261297748015,6.));
#4732 = SURFACE_CURVE('',#4733,(#4737,#4744),.PCURVE_S1.);
#4733 = LINE('',#4734,#4735);
#4734 = CARTESIAN_POINT('',(4.70945790858,5.859558719488,6.));
#4735 = VECTOR('',#4736,1.);
#4736 = DIRECTION('',(-0.62646255334,-0.779451518225,0.));
#4737 = PCURVE('',#72,#4738);
#4738 = DEFINITIONAL_REPRESENTATION('',(#4739),#4743);
#4739 = LINE('',#4740,#4741);
#4740 = CARTESIAN_POINT('',(4.70945790858,5.859558719488));
#4741 = VECTOR('',#4742,1.);
#4742 = DIRECTION('',(-0.62646255334,-0.779451518225));
#4743 = ( GEOMETRIC_REPRESENTATION_CONTEXT(2) 
PARAMETRIC_REPRESENTATION_CONTEXT() REPRESENTATION_CONTEXT('2D SPACE',''
  ) );
#4744 = PCURVE('',#957,#4745);
#4745 = DEFINITIONAL_REPRESENTATION('',(#4746),#4750);
#4746 = LINE('',#4747,#4748);
#4747 = CARTESIAN_POINT('',(0.,-6.));
#4748 = VECTOR('',#4749,1.);
#4749 = DIRECTION('',(1.,0.));
#4750 = ( GEOMETRIC_REPRESENTATION_CONTEXT(2) 
PARAMETRIC_REPRESENTATION_CONTEXT() REPRESENTATION_CONTEXT('2D SPACE',''
  ) );
#4751 = ORIENTED_EDGE('',*,*,#4752,.T.);
#4752 = EDGE_CURVE('',#4730,#4753,#4755,.T.);
#4753 = VERTEX_POINT('',#4754);
#4754 = CARTESIAN_POINT('',(3.242581632756,5.920149014587,6.));
#4755 = SURFACE_CURVE('',#4756,(#4761,#4768),.PCURVE_S1.);
#4756 = CIRCLE('',#4757,6.75);
#4757 = AXIS2_PLACEMENT_3D('',#4758,#4759,#4760);
#4758 = CARTESIAN_POINT('',(5.329070518201E-15,9.325873406851E-15,6.));
#4759 = DIRECTION('',(0.,0.,1.));
#4760 = DIRECTION('',(0.62646255334,0.779451518225,-0.));
#4761 = PCURVE('',#72,#4762);
#4762 = DEFINITIONAL_REPRESENTATION('',(#4763),#4767);
#4763 = CIRCLE('',#4764,6.75);
#4764 = AXIS2_PLACEMENT_2D('',#4765,#4766);
#4765 = CARTESIAN_POINT('',(4.493542960536E-15,1.034913025754E-14));
#4766 = DIRECTION('',(0.62646255334,0.779451518225));
#4767 = ( GEOMETRIC_REPRESENTATION_CONTEXT(2) 
PARAMETRIC_REPRESENTATION_CONTEXT() REPRESENTATION_CONTEXT('2D SPACE',''
  ) );
#4768 = PCURVE('',#986,#4769);
#4769 = DEFINITIONAL_REPRESENTATION('',(#4770),#4774);
#4770 = LINE('',#4771,#4772);
#4771 = CARTESIAN_POINT('',(-0.,-6.));
#4772 = VECTOR('',#4773,1.);
#4773 = DIRECTION('',(-1.,0.));
#4774 = ( GEOMETRIC_REPRESENTATION_CONTEXT(2) 
PARAMETRIC_REPRESENTATION_CONTEXT() REPRESENTATION_CONTEXT('2D SPACE',''
  ) );
#4775 = ORIENTED_EDGE('',*,*,#4776,.T.);
#4776 = EDGE_CURVE('',#4753,#4777,#4779,.T.);
#4777 = VERTEX_POINT('',#4778);
#4778 = CARTESIAN_POINT('',(3.611294853448,6.593327813879,6.));
#4779 = SURFACE_CURVE('',#4780,(#4784,#4791),.PCURVE_S1.);
#4780 = LINE('',#4781,#4782);
#4781 = CARTESIAN_POINT('',(3.242581632756,5.920149014587,6.));
#4782 = VECTOR('',#4783,1.);
#4783 = DIRECTION('',(0.480382464112,0.877059113272,0.));
#4784 = PCURVE('',#72,#4785);
#4785 = DEFINITIONAL_REPRESENTATION('',(#4786),#4790);
#4786 = LINE('',#4787,#4788);
#4787 = CARTESIAN_POINT('',(3.242581632756,5.920149014587));
#4788 = VECTOR('',#4789,1.);
#4789 = DIRECTION('',(0.480382464112,0.877059113272));
#4790 = ( GEOMETRIC_REPRESENTATION_CONTEXT(2) 
PARAMETRIC_REPRESENTATION_CONTEXT() REPRESENTATION_CONTEXT('2D SPACE',''
  ) );
#4791 = PCURVE('',#1014,#4792);
#4792 = DEFINITIONAL_REPRESENTATION('',(#4793),#4797);
#4793 = LINE('',#4794,#4795);
#4794 = CARTESIAN_POINT('',(0.,-6.));
#4795 = VECTOR('',#4796,1.);
#4796 = DIRECTION('',(1.,0.));
#4797 = ( GEOMETRIC_REPRESENTATION_CONTEXT(2) 
PARAMETRIC_REPRESENTATION_CONTEXT() REPRESENTATION_CONTEXT('2D SPACE',''
  ) );
#4798 = ORIENTED_EDGE('',*,*,#4799,.T.);
#4799 = EDGE_CURVE('',#4777,#4800,#4802,.T.);
#4800 = VERTEX_POINT('',#4801);
#4801 = CARTESIAN_POINT('',(3.710845727878,8.199367291681,6.));
#4802 = SURFACE_CURVE('',#4803,(#4819,#4838),.PCURVE_S1.);
#4803 = B_SPLINE_CURVE_WITH_KNOTS('',3,(#4804,#4805,#4806,#4807,#4808,
    #4809,#4810,#4811,#4812,#4813,#4814,#4815,#4816,#4817,#4818),
  .UNSPECIFIED.,.F.,.F.,(4,1,1,1,1,1,1,1,1,1,1,1,4),(0.,0.12443872072,
    0.250991678229,0.379586472863,0.510216300037,0.642878959891,
    0.777573462559,0.914299277526,1.053056087294,1.193843686737,
    1.33666193564,1.481510733913,1.628390007606),.UNSPECIFIED.);
#4804 = CARTESIAN_POINT('',(3.611294853448,6.593327813879,6.));
#4805 = CARTESIAN_POINT('',(3.629071639642,6.630953180577,6.));
#4806 = CARTESIAN_POINT('',(3.659682168427,6.708867375217,6.));
#4807 = CARTESIAN_POINT('',(3.693644935328,6.830953360171,6.));
#4808 = CARTESIAN_POINT('',(3.720563327842,6.956740147456,6.));
#4809 = CARTESIAN_POINT('',(3.740848213971,7.085849924872,6.));
#4810 = CARTESIAN_POINT('',(3.755258171713,7.217768875232,6.));
#4811 = CARTESIAN_POINT('',(3.764123098842,7.352210069903,6.));
#4812 = CARTESIAN_POINT('',(3.767712796004,7.488921698829,6.));
#4813 = CARTESIAN_POINT('',(3.76620690291,7.627700364999,6.));
#4814 = CARTESIAN_POINT('',(3.759740845027,7.76836675039,6.));
#4815 = CARTESIAN_POINT('',(3.748414057127,7.910760910542,6.));
#4816 = CARTESIAN_POINT('',(3.732305099991,8.05473411164,6.));
#4817 = CARTESIAN_POINT('',(3.718505928797,8.151010578938,6.));
#4818 = CARTESIAN_POINT('',(3.710845727878,8.199367291681,6.));
#4819 = PCURVE('',#72,#4820);
#4820 = DEFINITIONAL_REPRESENTATION('',(#4821),#4837);
#4821 = B_SPLINE_CURVE_WITH_KNOTS('',3,(#4822,#4823,#4824,#4825,#4826,
    #4827,#4828,#4829,#4830,#4831,#4832,#4833,#4834,#4835,#4836),
  .UNSPECIFIED.,.F.,.F.,(4,1,1,1,1,1,1,1,1,1,1,1,4),(0.,0.12443872072,
    0.250991678229,0.379586472863,0.510216300037,0.642878959891,
    0.777573462559,0.914299277526,1.053056087294,1.193843686737,
    1.33666193564,1.481510733913,1.628390007606),.UNSPECIFIED.);
#4822 = CARTESIAN_POINT('',(3.611294853448,6.593327813879));
#4823 = CARTESIAN_POINT('',(3.629071639642,6.630953180577));
#4824 = CARTESIAN_POINT('',(3.659682168427,6.708867375217));
#4825 = CARTESIAN_POINT('',(3.693644935328,6.830953360171));
#4826 = CARTESIAN_POINT('',(3.720563327842,6.956740147456));
#4827 = CARTESIAN_POINT('',(3.740848213971,7.085849924872));
#4828 = CARTESIAN_POINT('',(3.755258171713,7.217768875232));
#4829 = CARTESIAN_POINT('',(3.764123098842,7.352210069903));
#4830 = CARTESIAN_POINT('',(3.767712796004,7.488921698829));
#4831 = CARTESIAN_POINT('',(3.76620690291,7.627700364999));
#4832 = CARTESIAN_POINT('',(3.759740845027,7.76836675039));
#4833 = CARTESIAN_POINT('',(3.748414057127,7.910760910542));
#4834 = CARTESIAN_POINT('',(3.732305099991,8.05473411164));
#4835 = CARTESIAN_POINT('',(3.718505928797,8.151010578938));
#4836 = CARTESIAN_POINT('',(3.710845727878,8.199367291681));
#4837 = ( GEOMETRIC_REPRESENTATION_CONTEXT(2) 
PARAMETRIC_REPRESENTATION_CONTEXT() REPRESENTATION_CONTEXT('2D SPACE',''
  ) );
#4838 = PCURVE('',#1066,#4839);
#4839 = DEFINITIONAL_REPRESENTATION('',(#4840),#4844);
#4840 = LINE('',#4841,#4842);
#4841 = CARTESIAN_POINT('',(0.,-6.));
#4842 = VECTOR('',#4843,1.);
#4843 = DIRECTION('',(1.,0.));
#4844 = ( GEOMETRIC_REPRESENTATION_CONTEXT(2) 
PARAMETRIC_REPRESENTATION_CONTEXT() REPRESENTATION_CONTEXT('2D SPACE',''
  ) );
#4845 = ORIENTED_EDGE('',*,*,#4846,.T.);
#4846 = EDGE_CURVE('',#4800,#4847,#4849,.T.);
#4847 = VERTEX_POINT('',#4848);
#4848 = CARTESIAN_POINT('',(3.173864035268,8.421792391506,6.));
#4849 = SURFACE_CURVE('',#4850,(#4855,#4862),.PCURVE_S1.);
#4850 = CIRCLE('',#4851,9.);
#4851 = AXIS2_PLACEMENT_3D('',#4852,#4853,#4854);
#4852 = CARTESIAN_POINT('',(1.403321903126E-13,2.886579864025E-13,6.));
#4853 = DIRECTION('',(0.,0.,1.));
#4854 = DIRECTION('',(0.412316191986,0.911040810187,-0.));
#4855 = PCURVE('',#72,#4856);
#4856 = DEFINITIONAL_REPRESENTATION('',(#4857),#4861);
#4857 = CIRCLE('',#4858,9.);
#4858 = AXIS2_PLACEMENT_2D('',#4859,#4860);
#4859 = CARTESIAN_POINT('',(1.39496662755E-13,2.896812432532E-13));
#4860 = DIRECTION('',(0.412316191986,0.911040810187));
#4861 = ( GEOMETRIC_REPRESENTATION_CONTEXT(2) 
PARAMETRIC_REPRESENTATION_CONTEXT() REPRESENTATION_CONTEXT('2D SPACE',''
  ) );
#4862 = PCURVE('',#1109,#4863);
#4863 = DEFINITIONAL_REPRESENTATION('',(#4864),#4868);
#4864 = LINE('',#4865,#4866);
#4865 = CARTESIAN_POINT('',(-0.,-6.));
#4866 = VECTOR('',#4867,1.);
#4867 = DIRECTION('',(-1.,0.));
#4868 = ( GEOMETRIC_REPRESENTATION_CONTEXT(2) 
PARAMETRIC_REPRESENTATION_CONTEXT() REPRESENTATION_CONTEXT('2D SPACE',''
  ) );
#4869 = ORIENTED_EDGE('',*,*,#4870,.T.);
#4870 = EDGE_CURVE('',#4847,#4871,#4873,.T.);
#4871 = VERTEX_POINT('',#4872);
#4872 = CARTESIAN_POINT('',(2.108615728042,7.215757887517,6.));
#4873 = SURFACE_CURVE('',#4874,(#4890,#4909),.PCURVE_S1.);
#4874 = B_SPLINE_CURVE_WITH_KNOTS('',3,(#4875,#4876,#4877,#4878,#4879,
    #4880,#4881,#4882,#4883,#4884,#4885,#4886,#4887,#4888,#4889),
  .UNSPECIFIED.,.F.,.F.,(4,1,1,1,1,1,1,1,1,1,1,1,4),(0.,0.146879273693,
    0.291728071966,0.434546320869,0.575333920312,0.71409073008,
    0.850816545047,0.985511047715,1.118173707569,1.248803534744,
    1.377398329377,1.503951286886,1.628390007606),.UNSPECIFIED.);
#4875 = CARTESIAN_POINT('',(3.173864035268,8.421792391506,6.));
#4876 = CARTESIAN_POINT('',(3.134254095756,8.393015612025,6.));
#4877 = CARTESIAN_POINT('',(3.056418865334,8.334695356656,6.));
#4878 = CARTESIAN_POINT('',(2.9432236857,8.24428168268,6.));
#4879 = CARTESIAN_POINT('',(2.834526560922,8.151603054968,6.));
#4880 = CARTESIAN_POINT('',(2.730488212551,8.05670909335,6.));
#4881 = CARTESIAN_POINT('',(2.631292049399,7.959642584635,6.));
#4882 = CARTESIAN_POINT('',(2.537160628724,7.860434565549,6.));
#4883 = CARTESIAN_POINT('',(2.448364798389,7.759101835039,6.));
#4884 = CARTESIAN_POINT('',(2.365273392859,7.655631671836,6.));
#4885 = CARTESIAN_POINT('',(2.288322574268,7.549993692169,6.));
#4886 = CARTESIAN_POINT('',(2.21841206188,7.442014824012,6.));
#4887 = CARTESIAN_POINT('',(2.156099536815,7.33167169338,6.));
#4888 = CARTESIAN_POINT('',(2.122650793914,7.254933125519,6.));
#4889 = CARTESIAN_POINT('',(2.108615728042,7.215757887517,6.));
#4890 = PCURVE('',#72,#4891);
#4891 = DEFINITIONAL_REPRESENTATION('',(#4892),#4908);
#4892 = B_SPLINE_CURVE_WITH_KNOTS('',3,(#4893,#4894,#4895,#4896,#4897,
    #4898,#4899,#4900,#4901,#4902,#4903,#4904,#4905,#4906,#4907),
  .UNSPECIFIED.,.F.,.F.,(4,1,1,1,1,1,1,1,1,1,1,1,4),(0.,0.146879273693,
    0.291728071966,0.434546320869,0.575333920312,0.71409073008,
    0.850816545047,0.985511047715,1.118173707569,1.248803534744,
    1.377398329377,1.503951286886,1.628390007606),.UNSPECIFIED.);
#4893 = CARTESIAN_POINT('',(3.173864035268,8.421792391506));
#4894 = CARTESIAN_POINT('',(3.134254095756,8.393015612025));
#4895 = CARTESIAN_POINT('',(3.056418865334,8.334695356656));
#4896 = CARTESIAN_POINT('',(2.9432236857,8.24428168268));
#4897 = CARTESIAN_POINT('',(2.834526560922,8.151603054968));
#4898 = CARTESIAN_POINT('',(2.730488212551,8.05670909335));
#4899 = CARTESIAN_POINT('',(2.631292049399,7.959642584635));
#4900 = CARTESIAN_POINT('',(2.537160628724,7.860434565549));
#4901 = CARTESIAN_POINT('',(2.448364798389,7.759101835039));
#4902 = CARTESIAN_POINT('',(2.365273392859,7.655631671836));
#4903 = CARTESIAN_POINT('',(2.288322574268,7.549993692169));
#4904 = CARTESIAN_POINT('',(2.21841206188,7.442014824012));
#4905 = CARTESIAN_POINT('',(2.156099536815,7.33167169338));
#4906 = CARTESIAN_POINT('',(2.122650793914,7.254933125519));
#4907 = CARTESIAN_POINT('',(2.108615728042,7.215757887517));
#4908 = ( GEOMETRIC_REPRESENTATION_CONTEXT(2) 
PARAMETRIC_REPRESENTATION_CONTEXT() REPRESENTATION_CONTEXT('2D SPACE',''
  ) );
#4909 = PCURVE('',#1161,#4910);
#4910 = DEFINITIONAL_REPRESENTATION('',(#4911),#4915);
#4911 = LINE('',#4912,#4913);
#4912 = CARTESIAN_POINT('',(0.,-6.));
#4913 = VECTOR('',#4914,1.);
#4914 = DIRECTION('',(1.,0.));
#4915 = ( GEOMETRIC_REPRESENTATION_CONTEXT(2) 
PARAMETRIC_REPRESENTATION_CONTEXT() REPRESENTATION_CONTEXT('2D SPACE',''
  ) );
#4916 = ORIENTED_EDGE('',*,*,#4917,.T.);
#4917 = EDGE_CURVE('',#4871,#4918,#4920,.T.);
#4918 = VERTEX_POINT('',#4919);
#4919 = CARTESIAN_POINT('',(1.893326052776,6.479028974922,6.));
#4920 = SURFACE_CURVE('',#4921,(#4925,#4932),.PCURVE_S1.);
#4921 = LINE('',#4922,#4923);
#4922 = CARTESIAN_POINT('',(2.108615728042,7.215757887517,6.));
#4923 = VECTOR('',#4924,1.);
#4924 = DIRECTION('',(-0.280492748559,-0.959856144433,0.));
#4925 = PCURVE('',#72,#4926);
#4926 = DEFINITIONAL_REPRESENTATION('',(#4927),#4931);
#4927 = LINE('',#4928,#4929);
#4928 = CARTESIAN_POINT('',(2.108615728042,7.215757887517));
#4929 = VECTOR('',#4930,1.);
#4930 = DIRECTION('',(-0.280492748559,-0.959856144433));
#4931 = ( GEOMETRIC_REPRESENTATION_CONTEXT(2) 
PARAMETRIC_REPRESENTATION_CONTEXT() REPRESENTATION_CONTEXT('2D SPACE',''
  ) );
#4932 = PCURVE('',#1203,#4933);
#4933 = DEFINITIONAL_REPRESENTATION('',(#4934),#4938);
#4934 = LINE('',#4935,#4936);
#4935 = CARTESIAN_POINT('',(0.,-6.));
#4936 = VECTOR('',#4937,1.);
#4937 = DIRECTION('',(1.,0.));
#4938 = ( GEOMETRIC_REPRESENTATION_CONTEXT(2) 
PARAMETRIC_REPRESENTATION_CONTEXT() REPRESENTATION_CONTEXT('2D SPACE',''
  ) );
#4939 = ORIENTED_EDGE('',*,*,#4940,.T.);
#4940 = EDGE_CURVE('',#4918,#4941,#4943,.T.);
#4941 = VERTEX_POINT('',#4942);
#4942 = CARTESIAN_POINT('',(0.730211857986,6.710386772941,6.));
#4943 = SURFACE_CURVE('',#4944,(#4949,#4956),.PCURVE_S1.);
#4944 = CIRCLE('',#4945,6.75);
#4945 = AXIS2_PLACEMENT_3D('',#4946,#4947,#4948);
#4946 = CARTESIAN_POINT('',(-8.393286066166E-14,-4.214406601477E-13,6.)
  );
#4947 = DIRECTION('',(0.,0.,1.));
#4948 = DIRECTION('',(0.280492748559,0.959856144433,-0.));
#4949 = PCURVE('',#72,#4950);
#4950 = DEFINITIONAL_REPRESENTATION('',(#4951),#4955);
#4951 = CIRCLE('',#4952,6.75);
#4952 = AXIS2_PLACEMENT_2D('',#4953,#4954);
#4953 = CARTESIAN_POINT('',(-8.476838821933E-14,-4.20417403297E-13));
#4954 = DIRECTION('',(0.280492748559,0.959856144433));
#4955 = ( GEOMETRIC_REPRESENTATION_CONTEXT(2) 
PARAMETRIC_REPRESENTATION_CONTEXT() REPRESENTATION_CONTEXT('2D SPACE',''
  ) );
#4956 = PCURVE('',#1232,#4957);
#4957 = DEFINITIONAL_REPRESENTATION('',(#4958),#4962);
#4958 = LINE('',#4959,#4960);
#4959 = CARTESIAN_POINT('',(-0.,-6.));
#4960 = VECTOR('',#4961,1.);
#4961 = DIRECTION('',(-1.,0.));
#4962 = ( GEOMETRIC_REPRESENTATION_CONTEXT(2) 
PARAMETRIC_REPRESENTATION_CONTEXT() REPRESENTATION_CONTEXT('2D SPACE',''
  ) );
#4963 = ORIENTED_EDGE('',*,*,#4964,.T.);
#4964 = EDGE_CURVE('',#4941,#4965,#4967,.T.);
#4965 = VERTEX_POINT('',#4966);
#4966 = CARTESIAN_POINT('',(0.813244082441,7.47342332818,6.));
#4967 = SURFACE_CURVE('',#4968,(#4972,#4979),.PCURVE_S1.);
#4968 = LINE('',#4969,#4970);
#4969 = CARTESIAN_POINT('',(0.730211857986,6.710386772941,6.));
#4970 = VECTOR('',#4971,1.);
#4971 = DIRECTION('',(0.108179534516,0.994131373769,0.));
#4972 = PCURVE('',#72,#4973);
#4973 = DEFINITIONAL_REPRESENTATION('',(#4974),#4978);
#4974 = LINE('',#4975,#4976);
#4975 = CARTESIAN_POINT('',(0.730211857986,6.710386772941));
#4976 = VECTOR('',#4977,1.);
#4977 = DIRECTION('',(0.108179534516,0.994131373769));
#4978 = ( GEOMETRIC_REPRESENTATION_CONTEXT(2) 
PARAMETRIC_REPRESENTATION_CONTEXT() REPRESENTATION_CONTEXT('2D SPACE',''
  ) );
#4979 = PCURVE('',#1260,#4980);
#4980 = DEFINITIONAL_REPRESENTATION('',(#4981),#4985);
#4981 = LINE('',#4982,#4983);
#4982 = CARTESIAN_POINT('',(0.,-6.));
#4983 = VECTOR('',#4984,1.);
#4984 = DIRECTION('',(1.,0.));
#4985 = ( GEOMETRIC_REPRESENTATION_CONTEXT(2) 
PARAMETRIC_REPRESENTATION_CONTEXT() REPRESENTATION_CONTEXT('2D SPACE',''
  ) );
#4986 = ORIENTED_EDGE('',*,*,#4987,.T.);
#4987 = EDGE_CURVE('',#4965,#4988,#4990,.T.);
#4988 = VERTEX_POINT('',#4989);
#4989 = CARTESIAN_POINT('',(0.29061239789,8.995306800448,6.));
#4990 = SURFACE_CURVE('',#4991,(#5007,#5026),.PCURVE_S1.);
#4991 = B_SPLINE_CURVE_WITH_KNOTS('',3,(#4992,#4993,#4994,#4995,#4996,
    #4997,#4998,#4999,#5000,#5001,#5002,#5003,#5004,#5005,#5006),
  .UNSPECIFIED.,.F.,.F.,(4,1,1,1,1,1,1,1,1,1,1,1,4),(0.,0.12443872072,
    0.250991678229,0.379586472863,0.510216300037,0.642878959891,
    0.777573462559,0.914299277526,1.053056087294,1.193843686737,
    1.33666193564,1.481510733913,1.628390007606),.UNSPECIFIED.);
#4992 = CARTESIAN_POINT('',(0.813244082441,7.47342332818,6.));
#4993 = CARTESIAN_POINT('',(0.815269086887,7.514987515933,6.));
#4994 = CARTESIAN_POINT('',(0.813733056476,7.598684987875,6.));
#4995 = CARTESIAN_POINT('',(0.798390277918,7.72447471879,6.));
#4996 = CARTESIAN_POINT('',(0.775123110305,7.850987779864,6.));
#4997 = CARTESIAN_POINT('',(0.744455728645,7.978032350515,6.));
#4998 = CARTESIAN_POINT('',(0.70728559695,8.105424020793,6.));
#4999 = CARTESIAN_POINT('',(0.664027303853,8.233023949617,6.));
#5000 = CARTESIAN_POINT('',(0.615026476188,8.360702743068,6.));
#5001 = CARTESIAN_POINT('',(0.560526916071,8.488341231955,6.));
#5002 = CARTESIAN_POINT('',(0.500722362357,8.615825573105,6.));
#5003 = CARTESIAN_POINT('',(0.435765888892,8.743046049147,6.));
#5004 = CARTESIAN_POINT('',(0.365786994339,8.869895311863,6.));
#5005 = CARTESIAN_POINT('',(0.316194813545,8.953562455266,6.));
#5006 = CARTESIAN_POINT('',(0.29061239789,8.995306800448,6.));
#5007 = PCURVE('',#72,#5008);
#5008 = DEFINITIONAL_REPRESENTATION('',(#5009),#5025);
#5009 = B_SPLINE_CURVE_WITH_KNOTS('',3,(#5010,#5011,#5012,#5013,#5014,
    #5015,#5016,#5017,#5018,#5019,#5020,#5021,#5022,#5023,#5024),
  .UNSPECIFIED.,.F.,.F.,(4,1,1,1,1,1,1,1,1,1,1,1,4),(0.,0.12443872072,
    0.250991678229,0.379586472863,0.510216300037,0.642878959891,
    0.777573462559,0.914299277526,1.053056087294,1.193843686737,
    1.33666193564,1.481510733913,1.628390007606),.UNSPECIFIED.);
#5010 = CARTESIAN_POINT('',(0.813244082441,7.47342332818));
#5011 = CARTESIAN_POINT('',(0.815269086887,7.514987515933));
#5012 = CARTESIAN_POINT('',(0.813733056476,7.598684987875));
#5013 = CARTESIAN_POINT('',(0.798390277918,7.72447471879));
#5014 = CARTESIAN_POINT('',(0.775123110305,7.850987779864));
#5015 = CARTESIAN_POINT('',(0.744455728645,7.978032350515));
#5016 = CARTESIAN_POINT('',(0.70728559695,8.105424020793));
#5017 = CARTESIAN_POINT('',(0.664027303853,8.233023949617));
#5018 = CARTESIAN_POINT('',(0.615026476188,8.360702743068));
#5019 = CARTESIAN_POINT('',(0.560526916071,8.488341231955));
#5020 = CARTESIAN_POINT('',(0.500722362357,8.615825573105));
#5021 = CARTESIAN_POINT('',(0.435765888892,8.743046049147));
#5022 = CARTESIAN_POINT('',(0.365786994339,8.869895311863));
#5023 = CARTESIAN_POINT('',(0.316194813545,8.953562455266));
#5024 = CARTESIAN_POINT('',(0.29061239789,8.995306800448));
#5025 = ( GEOMETRIC_REPRESENTATION_CONTEXT(2) 
PARAMETRIC_REPRESENTATION_CONTEXT() REPRESENTATION_CONTEXT('2D SPACE',''
  ) );
#5026 = PCURVE('',#1312,#5027);
#5027 = DEFINITIONAL_REPRESENTATION('',(#5028),#5032);
#5028 = LINE('',#5029,#5030);
#5029 = CARTESIAN_POINT('',(0.,-6.));
#5030 = VECTOR('',#5031,1.);
#5031 = DIRECTION('',(1.,0.));
#5032 = ( GEOMETRIC_REPRESENTATION_CONTEXT(2) 
PARAMETRIC_REPRESENTATION_CONTEXT() REPRESENTATION_CONTEXT('2D SPACE',''
  ) );
#5033 = ORIENTED_EDGE('',*,*,#5034,.T.);
#5034 = EDGE_CURVE('',#4988,#5035,#5037,.T.);
#5035 = VERTEX_POINT('',#5036);
#5036 = CARTESIAN_POINT('',(-0.29061239789,8.995306800448,6.));
#5037 = SURFACE_CURVE('',#5038,(#5043,#5050),.PCURVE_S1.);
#5038 = CIRCLE('',#5039,8.999999999997);
#5039 = AXIS2_PLACEMENT_3D('',#5040,#5041,#5042);
#5040 = CARTESIAN_POINT('',(5.412337245048E-16,3.011813021203E-12,6.));
#5041 = DIRECTION('',(0.,0.,1.));
#5042 = DIRECTION('',(3.229026643227E-02,0.999478533383,-0.));
#5043 = PCURVE('',#72,#5044);
#5044 = DEFINITIONAL_REPRESENTATION('',(#5045),#5049);
#5045 = CIRCLE('',#5046,8.999999999997);
#5046 = AXIS2_PLACEMENT_2D('',#5047,#5048);
#5047 = CARTESIAN_POINT('',(-2.942938331603E-16,3.012836278054E-12));
#5048 = DIRECTION('',(3.229026643227E-02,0.999478533383));
#5049 = ( GEOMETRIC_REPRESENTATION_CONTEXT(2) 
PARAMETRIC_REPRESENTATION_CONTEXT() REPRESENTATION_CONTEXT('2D SPACE',''
  ) );
#5050 = PCURVE('',#1355,#5051);
#5051 = DEFINITIONAL_REPRESENTATION('',(#5052),#5056);
#5052 = LINE('',#5053,#5054);
#5053 = CARTESIAN_POINT('',(-0.,-6.));
#5054 = VECTOR('',#5055,1.);
#5055 = DIRECTION('',(-1.,0.));
#5056 = ( GEOMETRIC_REPRESENTATION_CONTEXT(2) 
PARAMETRIC_REPRESENTATION_CONTEXT() REPRESENTATION_CONTEXT('2D SPACE',''
  ) );
#5057 = ORIENTED_EDGE('',*,*,#5058,.T.);
#5058 = EDGE_CURVE('',#5035,#5059,#5061,.T.);
#5059 = VERTEX_POINT('',#5060);
#5060 = CARTESIAN_POINT('',(-0.813244082441,7.47342332818,6.));
#5061 = SURFACE_CURVE('',#5062,(#5078,#5097),.PCURVE_S1.);
#5062 = B_SPLINE_CURVE_WITH_KNOTS('',3,(#5063,#5064,#5065,#5066,#5067,
    #5068,#5069,#5070,#5071,#5072,#5073,#5074,#5075,#5076,#5077),
  .UNSPECIFIED.,.F.,.F.,(4,1,1,1,1,1,1,1,1,1,1,1,4),(0.,0.146879273693,
    0.291728071966,0.434546320869,0.575333920312,0.71409073008,
    0.850816545047,0.985511047715,1.118173707569,1.248803534744,
    1.377398329377,1.503951286886,1.628390007606),.UNSPECIFIED.);
#5063 = CARTESIAN_POINT('',(-0.29061239789,8.995306800448,6.));
#5064 = CARTESIAN_POINT('',(-0.316194813545,8.953562455266,6.));
#5065 = CARTESIAN_POINT('',(-0.365786994339,8.869895311863,6.));
#5066 = CARTESIAN_POINT('',(-0.435765888892,8.743046049147,6.));
#5067 = CARTESIAN_POINT('',(-0.500722362357,8.615825573105,6.));
#5068 = CARTESIAN_POINT('',(-0.560526916071,8.488341231955,6.));
#5069 = CARTESIAN_POINT('',(-0.615026476188,8.360702743068,6.));
#5070 = CARTESIAN_POINT('',(-0.664027303853,8.233023949617,6.));
#5071 = CARTESIAN_POINT('',(-0.70728559695,8.105424020793,6.));
#5072 = CARTESIAN_POINT('',(-0.744455728645,7.978032350515,6.));
#5073 = CARTESIAN_POINT('',(-0.775123110305,7.850987779864,6.));
#5074 = CARTESIAN_POINT('',(-0.798390277918,7.72447471879,6.));
#5075 = CARTESIAN_POINT('',(-0.813733056476,7.598684987875,6.));
#5076 = CARTESIAN_POINT('',(-0.815269086887,7.514987515933,6.));
#5077 = CARTESIAN_POINT('',(-0.813244082441,7.47342332818,6.));
#5078 = PCURVE('',#72,#5079);
#5079 = DEFINITIONAL_REPRESENTATION('',(#5080),#5096);
#5080 = B_SPLINE_CURVE_WITH_KNOTS('',3,(#5081,#5082,#5083,#5084,#5085,
    #5086,#5087,#5088,#5089,#5090,#5091,#5092,#5093,#5094,#5095),
  .UNSPECIFIED.,.F.,.F.,(4,1,1,1,1,1,1,1,1,1,1,1,4),(0.,0.146879273693,
    0.291728071966,0.434546320869,0.575333920312,0.71409073008,
    0.850816545047,0.985511047715,1.118173707569,1.248803534744,
    1.377398329377,1.503951286886,1.628390007606),.UNSPECIFIED.);
#5081 = CARTESIAN_POINT('',(-0.29061239789,8.995306800448));
#5082 = CARTESIAN_POINT('',(-0.316194813545,8.953562455266));
#5083 = CARTESIAN_POINT('',(-0.365786994339,8.869895311863));
#5084 = CARTESIAN_POINT('',(-0.435765888892,8.743046049147));
#5085 = CARTESIAN_POINT('',(-0.500722362357,8.615825573105));
#5086 = CARTESIAN_POINT('',(-0.560526916071,8.488341231955));
#5087 = CARTESIAN_POINT('',(-0.615026476188,8.360702743068));
#5088 = CARTESIAN_POINT('',(-0.664027303853,8.233023949617));
#5089 = CARTESIAN_POINT('',(-0.70728559695,8.105424020793));
#5090 = CARTESIAN_POINT('',(-0.744455728645,7.978032350515));
#5091 = CARTESIAN_POINT('',(-0.775123110305,7.850987779864));
#5092 = CARTESIAN_POINT('',(-0.798390277918,7.72447471879));
#5093 = CARTESIAN_POINT('',(-0.813733056476,7.598684987875));
#5094 = CARTESIAN_POINT('',(-0.815269086887,7.514987515933));
#5095 = CARTESIAN_POINT('',(-0.813244082441,7.47342332818));
#5096 = ( GEOMETRIC_REPRESENTATION_CONTEXT(2) 
PARAMETRIC_REPRESENTATION_CONTEXT() REPRESENTATION_CONTEXT('2D SPACE',''
  ) );
#5097 = PCURVE('',#1407,#5098);
#5098 = DEFINITIONAL_REPRESENTATION('',(#5099),#5103);
#5099 = LINE('',#5100,#5101);
#5100 = CARTESIAN_POINT('',(0.,-6.));
#5101 = VECTOR('',#5102,1.);
#5102 = DIRECTION('',(1.,0.));
#5103 = ( GEOMETRIC_REPRESENTATION_CONTEXT(2) 
PARAMETRIC_REPRESENTATION_CONTEXT() REPRESENTATION_CONTEXT('2D SPACE',''
  ) );
#5104 = ORIENTED_EDGE('',*,*,#5105,.T.);
#5105 = EDGE_CURVE('',#5059,#5106,#5108,.T.);
#5106 = VERTEX_POINT('',#5107);
#5107 = CARTESIAN_POINT('',(-0.730211857986,6.710386772941,6.));
#5108 = SURFACE_CURVE('',#5109,(#5113,#5120),.PCURVE_S1.);
#5109 = LINE('',#5110,#5111);
#5110 = CARTESIAN_POINT('',(-0.813244082441,7.47342332818,6.));
#5111 = VECTOR('',#5112,1.);
#5112 = DIRECTION('',(0.108179534516,-0.994131373769,0.));
#5113 = PCURVE('',#72,#5114);
#5114 = DEFINITIONAL_REPRESENTATION('',(#5115),#5119);
#5115 = LINE('',#5116,#5117);
#5116 = CARTESIAN_POINT('',(-0.813244082441,7.47342332818));
#5117 = VECTOR('',#5118,1.);
#5118 = DIRECTION('',(0.108179534516,-0.994131373769));
#5119 = ( GEOMETRIC_REPRESENTATION_CONTEXT(2) 
PARAMETRIC_REPRESENTATION_CONTEXT() REPRESENTATION_CONTEXT('2D SPACE',''
  ) );
#5120 = PCURVE('',#1449,#5121);
#5121 = DEFINITIONAL_REPRESENTATION('',(#5122),#5126);
#5122 = LINE('',#5123,#5124);
#5123 = CARTESIAN_POINT('',(0.,-6.));
#5124 = VECTOR('',#5125,1.);
#5125 = DIRECTION('',(1.,0.));
#5126 = ( GEOMETRIC_REPRESENTATION_CONTEXT(2) 
PARAMETRIC_REPRESENTATION_CONTEXT() REPRESENTATION_CONTEXT('2D SPACE',''
  ) );
#5127 = ORIENTED_EDGE('',*,*,#5128,.T.);
#5128 = EDGE_CURVE('',#5106,#5129,#5131,.T.);
#5129 = VERTEX_POINT('',#5130);
#5130 = CARTESIAN_POINT('',(-1.893326052776,6.479028974922,6.));
#5131 = SURFACE_CURVE('',#5132,(#5137,#5144),.PCURVE_S1.);
#5132 = CIRCLE('',#5133,6.75);
#5133 = AXIS2_PLACEMENT_3D('',#5134,#5135,#5136);
#5134 = CARTESIAN_POINT('',(8.459899447644E-14,-4.196643033083E-13,6.));
#5135 = DIRECTION('',(0.,0.,1.));
#5136 = DIRECTION('',(-0.108179534516,0.994131373769,0.));
#5137 = PCURVE('',#72,#5138);
#5138 = DEFINITIONAL_REPRESENTATION('',(#5139),#5143);
#5139 = CIRCLE('',#5140,6.75);
#5140 = AXIS2_PLACEMENT_2D('',#5141,#5142);
#5141 = CARTESIAN_POINT('',(8.376346691877E-14,-4.186410464576E-13));
#5142 = DIRECTION('',(-0.108179534516,0.994131373769));
#5143 = ( GEOMETRIC_REPRESENTATION_CONTEXT(2) 
PARAMETRIC_REPRESENTATION_CONTEXT() REPRESENTATION_CONTEXT('2D SPACE',''
  ) );
#5144 = PCURVE('',#1478,#5145);
#5145 = DEFINITIONAL_REPRESENTATION('',(#5146),#5150);
#5146 = LINE('',#5147,#5148);
#5147 = CARTESIAN_POINT('',(-0.,-6.));
#5148 = VECTOR('',#5149,1.);
#5149 = DIRECTION('',(-1.,0.));
#5150 = ( GEOMETRIC_REPRESENTATION_CONTEXT(2) 
PARAMETRIC_REPRESENTATION_CONTEXT() REPRESENTATION_CONTEXT('2D SPACE',''
  ) );
#5151 = ORIENTED_EDGE('',*,*,#5152,.T.);
#5152 = EDGE_CURVE('',#5129,#5153,#5155,.T.);
#5153 = VERTEX_POINT('',#5154);
#5154 = CARTESIAN_POINT('',(-2.108615728042,7.215757887517,6.));
#5155 = SURFACE_CURVE('',#5156,(#5160,#5167),.PCURVE_S1.);
#5156 = LINE('',#5157,#5158);
#5157 = CARTESIAN_POINT('',(-1.893326052776,6.479028974922,6.));
#5158 = VECTOR('',#5159,1.);
#5159 = DIRECTION('',(-0.280492748559,0.959856144433,0.));
#5160 = PCURVE('',#72,#5161);
#5161 = DEFINITIONAL_REPRESENTATION('',(#5162),#5166);
#5162 = LINE('',#5163,#5164);
#5163 = CARTESIAN_POINT('',(-1.893326052776,6.479028974922));
#5164 = VECTOR('',#5165,1.);
#5165 = DIRECTION('',(-0.280492748559,0.959856144433));
#5166 = ( GEOMETRIC_REPRESENTATION_CONTEXT(2) 
PARAMETRIC_REPRESENTATION_CONTEXT() REPRESENTATION_CONTEXT('2D SPACE',''
  ) );
#5167 = PCURVE('',#1506,#5168);
#5168 = DEFINITIONAL_REPRESENTATION('',(#5169),#5173);
#5169 = LINE('',#5170,#5171);
#5170 = CARTESIAN_POINT('',(0.,-6.));
#5171 = VECTOR('',#5172,1.);
#5172 = DIRECTION('',(1.,0.));
#5173 = ( GEOMETRIC_REPRESENTATION_CONTEXT(2) 
PARAMETRIC_REPRESENTATION_CONTEXT() REPRESENTATION_CONTEXT('2D SPACE',''
  ) );
#5174 = ORIENTED_EDGE('',*,*,#5175,.T.);
#5175 = EDGE_CURVE('',#5153,#5176,#5178,.T.);
#5176 = VERTEX_POINT('',#5177);
#5177 = CARTESIAN_POINT('',(-3.173864035268,8.421792391506,6.));
#5178 = SURFACE_CURVE('',#5179,(#5195,#5214),.PCURVE_S1.);
#5179 = B_SPLINE_CURVE_WITH_KNOTS('',3,(#5180,#5181,#5182,#5183,#5184,
    #5185,#5186,#5187,#5188,#5189,#5190,#5191,#5192,#5193,#5194),
  .UNSPECIFIED.,.F.,.F.,(4,1,1,1,1,1,1,1,1,1,1,1,4),(0.,0.12443872072,
    0.250991678229,0.379586472863,0.510216300037,0.642878959891,
    0.777573462559,0.914299277526,1.053056087294,1.193843686737,
    1.33666193564,1.481510733913,1.628390007606),.UNSPECIFIED.);
#5180 = CARTESIAN_POINT('',(-2.108615728042,7.215757887517,6.));
#5181 = CARTESIAN_POINT('',(-2.122650793914,7.254933125519,6.));
#5182 = CARTESIAN_POINT('',(-2.156099536815,7.33167169338,6.));
#5183 = CARTESIAN_POINT('',(-2.21841206188,7.442014824012,6.));
#5184 = CARTESIAN_POINT('',(-2.288322574268,7.549993692169,6.));
#5185 = CARTESIAN_POINT('',(-2.365273392859,7.655631671836,6.));
#5186 = CARTESIAN_POINT('',(-2.448364798389,7.759101835039,6.));
#5187 = CARTESIAN_POINT('',(-2.537160628724,7.860434565549,6.));
#5188 = CARTESIAN_POINT('',(-2.631292049399,7.959642584635,6.));
#5189 = CARTESIAN_POINT('',(-2.730488212551,8.05670909335,6.));
#5190 = CARTESIAN_POINT('',(-2.834526560922,8.151603054968,6.));
#5191 = CARTESIAN_POINT('',(-2.9432236857,8.24428168268,6.));
#5192 = CARTESIAN_POINT('',(-3.056418865334,8.334695356656,6.));
#5193 = CARTESIAN_POINT('',(-3.134254095756,8.393015612025,6.));
#5194 = CARTESIAN_POINT('',(-3.173864035268,8.421792391506,6.));
#5195 = PCURVE('',#72,#5196);
#5196 = DEFINITIONAL_REPRESENTATION('',(#5197),#5213);
#5197 = B_SPLINE_CURVE_WITH_KNOTS('',3,(#5198,#5199,#5200,#5201,#5202,
    #5203,#5204,#5205,#5206,#5207,#5208,#5209,#5210,#5211,#5212),
  .UNSPECIFIED.,.F.,.F.,(4,1,1,1,1,1,1,1,1,1,1,1,4),(0.,0.12443872072,
    0.250991678229,0.379586472863,0.510216300037,0.642878959891,
    0.777573462559,0.914299277526,1.053056087294,1.193843686737,
    1.33666193564,1.481510733913,1.628390007606),.UNSPECIFIED.);
#5198 = CARTESIAN_POINT('',(-2.108615728042,7.215757887517));
#5199 = CARTESIAN_POINT('',(-2.122650793914,7.254933125519));
#5200 = CARTESIAN_POINT('',(-2.156099536815,7.33167169338));
#5201 = CARTESIAN_POINT('',(-2.21841206188,7.442014824012));
#5202 = CARTESIAN_POINT('',(-2.288322574268,7.549993692169));
#5203 = CARTESIAN_POINT('',(-2.365273392859,7.655631671836));
#5204 = CARTESIAN_POINT('',(-2.448364798389,7.759101835039));
#5205 = CARTESIAN_POINT('',(-2.537160628724,7.860434565549));
#5206 = CARTESIAN_POINT('',(-2.631292049399,7.959642584635));
#5207 = CARTESIAN_POINT('',(-2.730488212551,8.05670909335));
#5208 = CARTESIAN_POINT('',(-2.834526560922,8.151603054968));
#5209 = CARTESIAN_POINT('',(-2.9432236857,8.24428168268));
#5210 = CARTESIAN_POINT('',(-3.056418865334,8.334695356656));
#5211 = CARTESIAN_POINT('',(-3.134254095756,8.393015612025));
#5212 = CARTESIAN_POINT('',(-3.173864035268,8.421792391506));
#5213 = ( GEOMETRIC_REPRESENTATION_CONTEXT(2) 
PARAMETRIC_REPRESENTATION_CONTEXT() REPRESENTATION_CONTEXT('2D SPACE',''
  ) );
#5214 = PCURVE('',#1558,#5215);
#5215 = DEFINITIONAL_REPRESENTATION('',(#5216),#5220);
#5216 = LINE('',#5217,#5218);
#5217 = CARTESIAN_POINT('',(0.,-6.));
#5218 = VECTOR('',#5219,1.);
#5219 = DIRECTION('',(1.,0.));
#5220 = ( GEOMETRIC_REPRESENTATION_CONTEXT(2) 
PARAMETRIC_REPRESENTATION_CONTEXT() REPRESENTATION_CONTEXT('2D SPACE',''
  ) );
#5221 = ORIENTED_EDGE('',*,*,#5222,.T.);
#5222 = EDGE_CURVE('',#5176,#5223,#5225,.T.);
#5223 = VERTEX_POINT('',#5224);
#5224 = CARTESIAN_POINT('',(-3.710845727878,8.199367291681,6.));
#5225 = SURFACE_CURVE('',#5226,(#5231,#5238),.PCURVE_S1.);
#5226 = CIRCLE('',#5227,9.000000000004);
#5227 = AXIS2_PLACEMENT_3D('',#5228,#5229,#5230);
#5228 = CARTESIAN_POINT('',(1.488587031417E-12,-3.574029960873E-12,6.));
#5229 = DIRECTION('',(0.,0.,1.));
#5230 = DIRECTION('',(-0.352651559474,0.935754710167,0.));
#5231 = PCURVE('',#72,#5232);
#5232 = DEFINITIONAL_REPRESENTATION('',(#5233),#5237);
#5233 = CIRCLE('',#5234,9.000000000004);
#5234 = AXIS2_PLACEMENT_2D('',#5235,#5236);
#5235 = CARTESIAN_POINT('',(1.48775150386E-12,-3.573006704023E-12));
#5236 = DIRECTION('',(-0.352651559474,0.935754710167));
#5237 = ( GEOMETRIC_REPRESENTATION_CONTEXT(2) 
PARAMETRIC_REPRESENTATION_CONTEXT() REPRESENTATION_CONTEXT('2D SPACE',''
  ) );
#5238 = PCURVE('',#1601,#5239);
#5239 = DEFINITIONAL_REPRESENTATION('',(#5240),#5244);
#5240 = LINE('',#5241,#5242);
#5241 = CARTESIAN_POINT('',(-0.,-6.));
#5242 = VECTOR('',#5243,1.);
#5243 = DIRECTION('',(-1.,0.));
#5244 = ( GEOMETRIC_REPRESENTATION_CONTEXT(2) 
PARAMETRIC_REPRESENTATION_CONTEXT() REPRESENTATION_CONTEXT('2D SPACE',''
  ) );
#5245 = ORIENTED_EDGE('',*,*,#5246,.T.);
#5246 = EDGE_CURVE('',#5223,#5247,#5249,.T.);
#5247 = VERTEX_POINT('',#5248);
#5248 = CARTESIAN_POINT('',(-3.611294853448,6.593327813879,6.));
#5249 = SURFACE_CURVE('',#5250,(#5266,#5285),.PCURVE_S1.);
#5250 = B_SPLINE_CURVE_WITH_KNOTS('',3,(#5251,#5252,#5253,#5254,#5255,
    #5256,#5257,#5258,#5259,#5260,#5261,#5262,#5263,#5264,#5265),
  .UNSPECIFIED.,.F.,.F.,(4,1,1,1,1,1,1,1,1,1,1,1,4),(0.,0.146879273693,
    0.291728071966,0.434546320869,0.575333920312,0.71409073008,
    0.850816545047,0.985511047715,1.118173707569,1.248803534744,
    1.377398329377,1.503951286886,1.628390007606),.UNSPECIFIED.);
#5251 = CARTESIAN_POINT('',(-3.710845727878,8.199367291681,6.));
#5252 = CARTESIAN_POINT('',(-3.718505928797,8.151010578938,6.));
#5253 = CARTESIAN_POINT('',(-3.732305099991,8.05473411164,6.));
#5254 = CARTESIAN_POINT('',(-3.748414057128,7.910760910542,6.));
#5255 = CARTESIAN_POINT('',(-3.759740845027,7.76836675039,6.));
#5256 = CARTESIAN_POINT('',(-3.76620690291,7.627700364999,6.));
#5257 = CARTESIAN_POINT('',(-3.767712796004,7.488921698829,6.));
#5258 = CARTESIAN_POINT('',(-3.764123098842,7.352210069903,6.));
#5259 = CARTESIAN_POINT('',(-3.755258171713,7.217768875232,6.));
#5260 = CARTESIAN_POINT('',(-3.740848213971,7.085849924872,6.));
#5261 = CARTESIAN_POINT('',(-3.720563327842,6.956740147456,6.));
#5262 = CARTESIAN_POINT('',(-3.693644935328,6.830953360171,6.));
#5263 = CARTESIAN_POINT('',(-3.659682168427,6.708867375217,6.));
#5264 = CARTESIAN_POINT('',(-3.629071639642,6.630953180577,6.));
#5265 = CARTESIAN_POINT('',(-3.611294853448,6.593327813879,6.));
#5266 = PCURVE('',#72,#5267);
#5267 = DEFINITIONAL_REPRESENTATION('',(#5268),#5284);
#5268 = B_SPLINE_CURVE_WITH_KNOTS('',3,(#5269,#5270,#5271,#5272,#5273,
    #5274,#5275,#5276,#5277,#5278,#5279,#5280,#5281,#5282,#5283),
  .UNSPECIFIED.,.F.,.F.,(4,1,1,1,1,1,1,1,1,1,1,1,4),(0.,0.146879273693,
    0.291728071966,0.434546320869,0.575333920312,0.71409073008,
    0.850816545047,0.985511047715,1.118173707569,1.248803534744,
    1.377398329377,1.503951286886,1.628390007606),.UNSPECIFIED.);
#5269 = CARTESIAN_POINT('',(-3.710845727878,8.199367291681));
#5270 = CARTESIAN_POINT('',(-3.718505928797,8.151010578938));
#5271 = CARTESIAN_POINT('',(-3.732305099991,8.05473411164));
#5272 = CARTESIAN_POINT('',(-3.748414057128,7.910760910542));
#5273 = CARTESIAN_POINT('',(-3.759740845027,7.76836675039));
#5274 = CARTESIAN_POINT('',(-3.76620690291,7.627700364999));
#5275 = CARTESIAN_POINT('',(-3.767712796004,7.488921698829));
#5276 = CARTESIAN_POINT('',(-3.764123098842,7.352210069903));
#5277 = CARTESIAN_POINT('',(-3.755258171713,7.217768875232));
#5278 = CARTESIAN_POINT('',(-3.740848213971,7.085849924872));
#5279 = CARTESIAN_POINT('',(-3.720563327842,6.956740147456));
#5280 = CARTESIAN_POINT('',(-3.693644935328,6.830953360171));
#5281 = CARTESIAN_POINT('',(-3.659682168427,6.708867375217));
#5282 = CARTESIAN_POINT('',(-3.629071639642,6.630953180577));
#5283 = CARTESIAN_POINT('',(-3.611294853448,6.593327813879));
#5284 = ( GEOMETRIC_REPRESENTATION_CONTEXT(2) 
PARAMETRIC_REPRESENTATION_CONTEXT() REPRESENTATION_CONTEXT('2D SPACE',''
  ) );
#5285 = PCURVE('',#1653,#5286);
#5286 = DEFINITIONAL_REPRESENTATION('',(#5287),#5291);
#5287 = LINE('',#5288,#5289);
#5288 = CARTESIAN_POINT('',(0.,-6.));
#5289 = VECTOR('',#5290,1.);
#5290 = DIRECTION('',(1.,0.));
#5291 = ( GEOMETRIC_REPRESENTATION_CONTEXT(2) 
PARAMETRIC_REPRESENTATION_CONTEXT() REPRESENTATION_CONTEXT('2D SPACE',''
  ) );
#5292 = ORIENTED_EDGE('',*,*,#5293,.T.);
#5293 = EDGE_CURVE('',#5247,#5294,#5296,.T.);
#5294 = VERTEX_POINT('',#5295);
#5295 = CARTESIAN_POINT('',(-3.242581632756,5.920149014587,6.));
#5296 = SURFACE_CURVE('',#5297,(#5301,#5308),.PCURVE_S1.);
#5297 = LINE('',#5298,#5299);
#5298 = CARTESIAN_POINT('',(-3.611294853448,6.593327813879,6.));
#5299 = VECTOR('',#5300,1.);
#5300 = DIRECTION('',(0.480382464112,-0.877059113272,0.));
#5301 = PCURVE('',#72,#5302);
#5302 = DEFINITIONAL_REPRESENTATION('',(#5303),#5307);
#5303 = LINE('',#5304,#5305);
#5304 = CARTESIAN_POINT('',(-3.611294853448,6.593327813879));
#5305 = VECTOR('',#5306,1.);
#5306 = DIRECTION('',(0.480382464112,-0.877059113272));
#5307 = ( GEOMETRIC_REPRESENTATION_CONTEXT(2) 
PARAMETRIC_REPRESENTATION_CONTEXT() REPRESENTATION_CONTEXT('2D SPACE',''
  ) );
#5308 = PCURVE('',#1695,#5309);
#5309 = DEFINITIONAL_REPRESENTATION('',(#5310),#5314);
#5310 = LINE('',#5311,#5312);
#5311 = CARTESIAN_POINT('',(0.,-6.));
#5312 = VECTOR('',#5313,1.);
#5313 = DIRECTION('',(1.,0.));
#5314 = ( GEOMETRIC_REPRESENTATION_CONTEXT(2) 
PARAMETRIC_REPRESENTATION_CONTEXT() REPRESENTATION_CONTEXT('2D SPACE',''
  ) );
#5315 = ORIENTED_EDGE('',*,*,#5316,.T.);
#5316 = EDGE_CURVE('',#5294,#5317,#5319,.T.);
#5317 = VERTEX_POINT('',#5318);
#5318 = CARTESIAN_POINT('',(-4.228622235046,5.261297748015,6.));
#5319 = SURFACE_CURVE('',#5320,(#5325,#5332),.PCURVE_S1.);
#5320 = CIRCLE('',#5321,6.75);
#5321 = AXIS2_PLACEMENT_3D('',#5322,#5323,#5324);
#5322 = CARTESIAN_POINT('',(2.000621890375E-13,-2.979838598094E-13,6.));
#5323 = DIRECTION('',(0.,0.,1.));
#5324 = DIRECTION('',(-0.480382464112,0.877059113272,0.));
#5325 = PCURVE('',#72,#5326);
#5326 = DEFINITIONAL_REPRESENTATION('',(#5327),#5331);
#5327 = CIRCLE('',#5328,6.75);
#5328 = AXIS2_PLACEMENT_2D('',#5329,#5330);
#5329 = CARTESIAN_POINT('',(1.992266614798E-13,-2.969606029587E-13));
#5330 = DIRECTION('',(-0.480382464112,0.877059113272));
#5331 = ( GEOMETRIC_REPRESENTATION_CONTEXT(2) 
PARAMETRIC_REPRESENTATION_CONTEXT() REPRESENTATION_CONTEXT('2D SPACE',''
  ) );
#5332 = PCURVE('',#1724,#5333);
#5333 = DEFINITIONAL_REPRESENTATION('',(#5334),#5338);
#5334 = LINE('',#5335,#5336);
#5335 = CARTESIAN_POINT('',(-0.,-6.));
#5336 = VECTOR('',#5337,1.);
#5337 = DIRECTION('',(-1.,0.));
#5338 = ( GEOMETRIC_REPRESENTATION_CONTEXT(2) 
PARAMETRIC_REPRESENTATION_CONTEXT() REPRESENTATION_CONTEXT('2D SPACE',''
  ) );
#5339 = ORIENTED_EDGE('',*,*,#5340,.T.);
#5340 = EDGE_CURVE('',#5317,#5341,#5343,.T.);
#5341 = VERTEX_POINT('',#5342);
#5342 = CARTESIAN_POINT('',(-4.70945790858,5.859558719488,6.));
#5343 = SURFACE_CURVE('',#5344,(#5348,#5355),.PCURVE_S1.);
#5344 = LINE('',#5345,#5346);
#5345 = CARTESIAN_POINT('',(-4.228622235046,5.261297748015,6.));
#5346 = VECTOR('',#5347,1.);
#5347 = DIRECTION('',(-0.62646255334,0.779451518225,0.));
#5348 = PCURVE('',#72,#5349);
#5349 = DEFINITIONAL_REPRESENTATION('',(#5350),#5354);
#5350 = LINE('',#5351,#5352);
#5351 = CARTESIAN_POINT('',(-4.228622235046,5.261297748015));
#5352 = VECTOR('',#5353,1.);
#5353 = DIRECTION('',(-0.62646255334,0.779451518225));
#5354 = ( GEOMETRIC_REPRESENTATION_CONTEXT(2) 
PARAMETRIC_REPRESENTATION_CONTEXT() REPRESENTATION_CONTEXT('2D SPACE',''
  ) );
#5355 = PCURVE('',#1752,#5356);
#5356 = DEFINITIONAL_REPRESENTATION('',(#5357),#5361);
#5357 = LINE('',#5358,#5359);
#5358 = CARTESIAN_POINT('',(0.,-6.));
#5359 = VECTOR('',#5360,1.);
#5360 = DIRECTION('',(1.,0.));
#5361 = ( GEOMETRIC_REPRESENTATION_CONTEXT(2) 
PARAMETRIC_REPRESENTATION_CONTEXT() REPRESENTATION_CONTEXT('2D SPACE',''
  ) );
#5362 = ORIENTED_EDGE('',*,*,#5363,.T.);
#5363 = EDGE_CURVE('',#5341,#5364,#5366,.T.);
#5364 = VERTEX_POINT('',#5365);
#5365 = CARTESIAN_POINT('',(-6.155148440205,6.566136434696,6.));
#5366 = SURFACE_CURVE('',#5367,(#5383,#5402),.PCURVE_S1.);
#5367 = B_SPLINE_CURVE_WITH_KNOTS('',3,(#5368,#5369,#5370,#5371,#5372,
    #5373,#5374,#5375,#5376,#5377,#5378,#5379,#5380,#5381,#5382),
  .UNSPECIFIED.,.F.,.F.,(4,1,1,1,1,1,1,1,1,1,1,1,4),(0.,0.12443872072,
    0.250991678229,0.379586472863,0.510216300037,0.642878959891,
    0.777573462559,0.914299277526,1.053056087294,1.193843686737,
    1.33666193564,1.481510733913,1.628390007606),.UNSPECIFIED.);
#5368 = CARTESIAN_POINT('',(-4.70945790858,5.859558719488,6.));
#5369 = CARTESIAN_POINT('',(-4.737416333219,5.890380932878,6.));
#5370 = CARTESIAN_POINT('',(-4.797685520717,5.948477845337,6.));
#5371 = CARTESIAN_POINT('',(-4.897481275212,6.02657563431,6.));
#5372 = CARTESIAN_POINT('',(-5.003391890604,6.099581505705,6.));
#5373 = CARTESIAN_POINT('',(-5.114911081557,6.167730469593,6.));
#5374 = CARTESIAN_POINT('',(-5.231273847656,6.231526731334,6.));
#5375 = CARTESIAN_POINT('',(-5.352088854997,6.291165273893,6.));
#5376 = CARTESIAN_POINT('',(-5.477020213187,6.34679899703,6.));
#5377 = CARTESIAN_POINT('',(-5.605811262749,6.398516029532,6.));
#5378 = CARTESIAN_POINT('',(-5.738244510348,6.446372866177,6.));
#5379 = CARTESIAN_POINT('',(-5.874134134533,6.490400164624,6.));
#5380 = CARTESIAN_POINT('',(-6.013312659266,6.5306135876,6.));
#5381 = CARTESIAN_POINT('',(-6.107541231062,6.55470822473,6.));
#5382 = CARTESIAN_POINT('',(-6.155148440205,6.566136434696,6.));
#5383 = PCURVE('',#72,#5384);
#5384 = DEFINITIONAL_REPRESENTATION('',(#5385),#5401);
#5385 = B_SPLINE_CURVE_WITH_KNOTS('',3,(#5386,#5387,#5388,#5389,#5390,
    #5391,#5392,#5393,#5394,#5395,#5396,#5397,#5398,#5399,#5400),
  .UNSPECIFIED.,.F.,.F.,(4,1,1,1,1,1,1,1,1,1,1,1,4),(0.,0.12443872072,
    0.250991678229,0.379586472863,0.510216300037,0.642878959891,
    0.777573462559,0.914299277526,1.053056087294,1.193843686737,
    1.33666193564,1.481510733913,1.628390007606),.UNSPECIFIED.);
#5386 = CARTESIAN_POINT('',(-4.70945790858,5.859558719488));
#5387 = CARTESIAN_POINT('',(-4.737416333219,5.890380932878));
#5388 = CARTESIAN_POINT('',(-4.797685520717,5.948477845337));
#5389 = CARTESIAN_POINT('',(-4.897481275212,6.02657563431));
#5390 = CARTESIAN_POINT('',(-5.003391890604,6.099581505705));
#5391 = CARTESIAN_POINT('',(-5.114911081557,6.167730469593));
#5392 = CARTESIAN_POINT('',(-5.231273847656,6.231526731334));
#5393 = CARTESIAN_POINT('',(-5.352088854997,6.291165273893));
#5394 = CARTESIAN_POINT('',(-5.477020213187,6.34679899703));
#5395 = CARTESIAN_POINT('',(-5.605811262749,6.398516029532));
#5396 = CARTESIAN_POINT('',(-5.738244510348,6.446372866177));
#5397 = CARTESIAN_POINT('',(-5.874134134533,6.490400164624));
#5398 = CARTESIAN_POINT('',(-6.013312659266,6.5306135876));
#5399 = CARTESIAN_POINT('',(-6.107541231062,6.55470822473));
#5400 = CARTESIAN_POINT('',(-6.155148440205,6.566136434696));
#5401 = ( GEOMETRIC_REPRESENTATION_CONTEXT(2) 
PARAMETRIC_REPRESENTATION_CONTEXT() REPRESENTATION_CONTEXT('2D SPACE',''
  ) );
#5402 = PCURVE('',#1804,#5403);
#5403 = DEFINITIONAL_REPRESENTATION('',(#5404),#5408);
#5404 = LINE('',#5405,#5406);
#5405 = CARTESIAN_POINT('',(0.,-6.));
#5406 = VECTOR('',#5407,1.);
#5407 = DIRECTION('',(1.,0.));
#5408 = ( GEOMETRIC_REPRESENTATION_CONTEXT(2) 
PARAMETRIC_REPRESENTATION_CONTEXT() REPRESENTATION_CONTEXT('2D SPACE',''
  ) );
#5409 = ORIENTED_EDGE('',*,*,#5410,.T.);
#5410 = EDGE_CURVE('',#5364,#5411,#5413,.T.);
#5411 = VERTEX_POINT('',#5412);
#5412 = CARTESIAN_POINT('',(-6.566136434696,6.155148440205,6.));
#5413 = SURFACE_CURVE('',#5414,(#5419,#5426),.PCURVE_S1.);
#5414 = CIRCLE('',#5415,8.999999999997);
#5415 = AXIS2_PLACEMENT_3D('',#5416,#5417,#5418);
#5416 = CARTESIAN_POINT('',(-2.091660178394E-12,2.092104267604E-12,6.));
#5417 = DIRECTION('',(0.,0.,1.));
#5418 = DIRECTION('',(-0.683905382245,0.729570714966,0.));
#5419 = PCURVE('',#72,#5420);
#5420 = DEFINITIONAL_REPRESENTATION('',(#5421),#5425);
#5421 = CIRCLE('',#5422,8.999999999997);
#5422 = AXIS2_PLACEMENT_2D('',#5423,#5424);
#5423 = CARTESIAN_POINT('',(-2.092495705951E-12,2.093127524454E-12));
#5424 = DIRECTION('',(-0.683905382245,0.729570714966));
#5425 = ( GEOMETRIC_REPRESENTATION_CONTEXT(2) 
PARAMETRIC_REPRESENTATION_CONTEXT() REPRESENTATION_CONTEXT('2D SPACE',''
  ) );
#5426 = PCURVE('',#1847,#5427);
#5427 = DEFINITIONAL_REPRESENTATION('',(#5428),#5432);
#5428 = LINE('',#5429,#5430);
#5429 = CARTESIAN_POINT('',(-0.,-6.));
#5430 = VECTOR('',#5431,1.);
#5431 = DIRECTION('',(-1.,0.));
#5432 = ( GEOMETRIC_REPRESENTATION_CONTEXT(2) 
PARAMETRIC_REPRESENTATION_CONTEXT() REPRESENTATION_CONTEXT('2D SPACE',''
  ) );
#5433 = ORIENTED_EDGE('',*,*,#5434,.T.);
#5434 = EDGE_CURVE('',#5411,#5435,#5437,.T.);
#5435 = VERTEX_POINT('',#5436);
#5436 = CARTESIAN_POINT('',(-5.859558719488,4.70945790858,6.));
#5437 = SURFACE_CURVE('',#5438,(#5454,#5473),.PCURVE_S1.);
#5438 = B_SPLINE_CURVE_WITH_KNOTS('',3,(#5439,#5440,#5441,#5442,#5443,
    #5444,#5445,#5446,#5447,#5448,#5449,#5450,#5451,#5452,#5453),
  .UNSPECIFIED.,.F.,.F.,(4,1,1,1,1,1,1,1,1,1,1,1,4),(0.,0.146879273693,
    0.291728071966,0.434546320869,0.575333920312,0.71409073008,
    0.850816545047,0.985511047715,1.118173707569,1.248803534744,
    1.377398329377,1.503951286886,1.628390007606),.UNSPECIFIED.);
#5439 = CARTESIAN_POINT('',(-6.566136434696,6.155148440205,6.));
#5440 = CARTESIAN_POINT('',(-6.55470822473,6.107541231062,6.));
#5441 = CARTESIAN_POINT('',(-6.5306135876,6.013312659266,6.));
#5442 = CARTESIAN_POINT('',(-6.490400164624,5.874134134533,6.));
#5443 = CARTESIAN_POINT('',(-6.446372866177,5.738244510348,6.));
#5444 = CARTESIAN_POINT('',(-6.398516029532,5.605811262749,6.));
#5445 = CARTESIAN_POINT('',(-6.34679899703,5.477020213187,6.));
#5446 = CARTESIAN_POINT('',(-6.291165273893,5.352088854997,6.));
#5447 = CARTESIAN_POINT('',(-6.231526731334,5.231273847656,6.));
#5448 = CARTESIAN_POINT('',(-6.167730469593,5.114911081557,6.));
#5449 = CARTESIAN_POINT('',(-6.099581505705,5.003391890604,6.));
#5450 = CARTESIAN_POINT('',(-6.02657563431,4.897481275212,6.));
#5451 = CARTESIAN_POINT('',(-5.948477845337,4.797685520717,6.));
#5452 = CARTESIAN_POINT('',(-5.890380932878,4.737416333219,6.));
#5453 = CARTESIAN_POINT('',(-5.859558719488,4.70945790858,6.));
#5454 = PCURVE('',#72,#5455);
#5455 = DEFINITIONAL_REPRESENTATION('',(#5456),#5472);
#5456 = B_SPLINE_CURVE_WITH_KNOTS('',3,(#5457,#5458,#5459,#5460,#5461,
    #5462,#5463,#5464,#5465,#5466,#5467,#5468,#5469,#5470,#5471),
  .UNSPECIFIED.,.F.,.F.,(4,1,1,1,1,1,1,1,1,1,1,1,4),(0.,0.146879273693,
    0.291728071966,0.434546320869,0.575333920312,0.71409073008,
    0.850816545047,0.985511047715,1.118173707569,1.248803534744,
    1.377398329377,1.503951286886,1.628390007606),.UNSPECIFIED.);
#5457 = CARTESIAN_POINT('',(-6.566136434696,6.155148440205));
#5458 = CARTESIAN_POINT('',(-6.55470822473,6.107541231062));
#5459 = CARTESIAN_POINT('',(-6.5306135876,6.013312659266));
#5460 = CARTESIAN_POINT('',(-6.490400164624,5.874134134533));
#5461 = CARTESIAN_POINT('',(-6.446372866177,5.738244510348));
#5462 = CARTESIAN_POINT('',(-6.398516029532,5.605811262749));
#5463 = CARTESIAN_POINT('',(-6.34679899703,5.477020213187));
#5464 = CARTESIAN_POINT('',(-6.291165273893,5.352088854997));
#5465 = CARTESIAN_POINT('',(-6.231526731334,5.231273847656));
#5466 = CARTESIAN_POINT('',(-6.167730469593,5.114911081557));
#5467 = CARTESIAN_POINT('',(-6.099581505705,5.003391890604));
#5468 = CARTESIAN_POINT('',(-6.02657563431,4.897481275212));
#5469 = CARTESIAN_POINT('',(-5.948477845337,4.797685520717));
#5470 = CARTESIAN_POINT('',(-5.890380932878,4.737416333219));
#5471 = CARTESIAN_POINT('',(-5.859558719488,4.70945790858));
#5472 = ( GEOMETRIC_REPRESENTATION_CONTEXT(2) 
PARAMETRIC_REPRESENTATION_CONTEXT() REPRESENTATION_CONTEXT('2D SPACE',''
  ) );
#5473 = PCURVE('',#1899,#5474);
#5474 = DEFINITIONAL_REPRESENTATION('',(#5475),#5479);
#5475 = LINE('',#5476,#5477);
#5476 = CARTESIAN_POINT('',(0.,-6.));
#5477 = VECTOR('',#5478,1.);
#5478 = DIRECTION('',(1.,0.));
#5479 = ( GEOMETRIC_REPRESENTATION_CONTEXT(2) 
PARAMETRIC_REPRESENTATION_CONTEXT() REPRESENTATION_CONTEXT('2D SPACE',''
  ) );
#5480 = ORIENTED_EDGE('',*,*,#5481,.T.);
#5481 = EDGE_CURVE('',#5435,#5482,#5484,.T.);
#5482 = VERTEX_POINT('',#5483);
#5483 = CARTESIAN_POINT('',(-5.261297748015,4.228622235046,6.));
#5484 = SURFACE_CURVE('',#5485,(#5489,#5496),.PCURVE_S1.);
#5485 = LINE('',#5486,#5487);
#5486 = CARTESIAN_POINT('',(-5.859558719488,4.70945790858,6.));
#5487 = VECTOR('',#5488,1.);
#5488 = DIRECTION('',(0.779451518225,-0.62646255334,0.));
#5489 = PCURVE('',#72,#5490);
#5490 = DEFINITIONAL_REPRESENTATION('',(#5491),#5495);
#5491 = LINE('',#5492,#5493);
#5492 = CARTESIAN_POINT('',(-5.859558719488,4.70945790858));
#5493 = VECTOR('',#5494,1.);
#5494 = DIRECTION('',(0.779451518225,-0.62646255334));
#5495 = ( GEOMETRIC_REPRESENTATION_CONTEXT(2) 
PARAMETRIC_REPRESENTATION_CONTEXT() REPRESENTATION_CONTEXT('2D SPACE',''
  ) );
#5496 = PCURVE('',#1941,#5497);
#5497 = DEFINITIONAL_REPRESENTATION('',(#5498),#5502);
#5498 = LINE('',#5499,#5500);
#5499 = CARTESIAN_POINT('',(0.,-6.));
#5500 = VECTOR('',#5501,1.);
#5501 = DIRECTION('',(1.,0.));
#5502 = ( GEOMETRIC_REPRESENTATION_CONTEXT(2) 
PARAMETRIC_REPRESENTATION_CONTEXT() REPRESENTATION_CONTEXT('2D SPACE',''
  ) );
#5503 = ORIENTED_EDGE('',*,*,#5504,.T.);
#5504 = EDGE_CURVE('',#5482,#5505,#5507,.T.);
#5505 = VERTEX_POINT('',#5506);
#5506 = CARTESIAN_POINT('',(-5.920149014587,3.242581632756,6.));
#5507 = SURFACE_CURVE('',#5508,(#5513,#5520),.PCURVE_S1.);
#5508 = CIRCLE('',#5509,6.75);
#5509 = AXIS2_PLACEMENT_3D('',#5510,#5511,#5512);
#5510 = CARTESIAN_POINT('',(1.314504061156E-13,-9.392486788329E-14,6.));
#5511 = DIRECTION('',(0.,0.,1.));
#5512 = DIRECTION('',(-0.779451518225,0.62646255334,0.));
#5513 = PCURVE('',#72,#5514);
#5514 = DEFINITIONAL_REPRESENTATION('',(#5515),#5519);
#5515 = CIRCLE('',#5516,6.75);
#5516 = AXIS2_PLACEMENT_2D('',#5517,#5518);
#5517 = CARTESIAN_POINT('',(1.30614878558E-13,-9.29016110326E-14));
#5518 = DIRECTION('',(-0.779451518225,0.62646255334));
#5519 = ( GEOMETRIC_REPRESENTATION_CONTEXT(2) 
PARAMETRIC_REPRESENTATION_CONTEXT() REPRESENTATION_CONTEXT('2D SPACE',''
  ) );
#5520 = PCURVE('',#1970,#5521);
#5521 = DEFINITIONAL_REPRESENTATION('',(#5522),#5526);
#5522 = LINE('',#5523,#5524);
#5523 = CARTESIAN_POINT('',(-0.,-6.));
#5524 = VECTOR('',#5525,1.);
#5525 = DIRECTION('',(-1.,0.));
#5526 = ( GEOMETRIC_REPRESENTATION_CONTEXT(2) 
PARAMETRIC_REPRESENTATION_CONTEXT() REPRESENTATION_CONTEXT('2D SPACE',''
  ) );
#5527 = ORIENTED_EDGE('',*,*,#5528,.T.);
#5528 = EDGE_CURVE('',#5505,#5529,#5531,.T.);
#5529 = VERTEX_POINT('',#5530);
#5530 = CARTESIAN_POINT('',(-6.593327813879,3.611294853448,6.));
#5531 = SURFACE_CURVE('',#5532,(#5536,#5543),.PCURVE_S1.);
#5532 = LINE('',#5533,#5534);
#5533 = CARTESIAN_POINT('',(-5.920149014587,3.242581632756,6.));
#5534 = VECTOR('',#5535,1.);
#5535 = DIRECTION('',(-0.877059113272,0.480382464112,0.));
#5536 = PCURVE('',#72,#5537);
#5537 = DEFINITIONAL_REPRESENTATION('',(#5538),#5542);
#5538 = LINE('',#5539,#5540);
#5539 = CARTESIAN_POINT('',(-5.920149014587,3.242581632756));
#5540 = VECTOR('',#5541,1.);
#5541 = DIRECTION('',(-0.877059113272,0.480382464112));
#5542 = ( GEOMETRIC_REPRESENTATION_CONTEXT(2) 
PARAMETRIC_REPRESENTATION_CONTEXT() REPRESENTATION_CONTEXT('2D SPACE',''
  ) );
#5543 = PCURVE('',#1998,#5544);
#5544 = DEFINITIONAL_REPRESENTATION('',(#5545),#5549);
#5545 = LINE('',#5546,#5547);
#5546 = CARTESIAN_POINT('',(0.,-6.));
#5547 = VECTOR('',#5548,1.);
#5548 = DIRECTION('',(1.,0.));
#5549 = ( GEOMETRIC_REPRESENTATION_CONTEXT(2) 
PARAMETRIC_REPRESENTATION_CONTEXT() REPRESENTATION_CONTEXT('2D SPACE',''
  ) );
#5550 = ORIENTED_EDGE('',*,*,#5551,.T.);
#5551 = EDGE_CURVE('',#5529,#5552,#5554,.T.);
#5552 = VERTEX_POINT('',#5553);
#5553 = CARTESIAN_POINT('',(-8.199367291681,3.710845727878,6.));
#5554 = SURFACE_CURVE('',#5555,(#5571,#5590),.PCURVE_S1.);
#5555 = B_SPLINE_CURVE_WITH_KNOTS('',3,(#5556,#5557,#5558,#5559,#5560,
    #5561,#5562,#5563,#5564,#5565,#5566,#5567,#5568,#5569,#5570),
  .UNSPECIFIED.,.F.,.F.,(4,1,1,1,1,1,1,1,1,1,1,1,4),(0.,0.12443872072,
    0.250991678229,0.379586472863,0.510216300037,0.642878959891,
    0.777573462559,0.914299277526,1.053056087294,1.193843686737,
    1.33666193564,1.481510733913,1.628390007606),.UNSPECIFIED.);
#5556 = CARTESIAN_POINT('',(-6.593327813879,3.611294853448,6.));
#5557 = CARTESIAN_POINT('',(-6.630953180577,3.629071639642,6.));
#5558 = CARTESIAN_POINT('',(-6.708867375217,3.659682168427,6.));
#5559 = CARTESIAN_POINT('',(-6.830953360171,3.693644935328,6.));
#5560 = CARTESIAN_POINT('',(-6.956740147456,3.720563327842,6.));
#5561 = CARTESIAN_POINT('',(-7.085849924872,3.740848213971,6.));
#5562 = CARTESIAN_POINT('',(-7.217768875232,3.755258171713,6.));
#5563 = CARTESIAN_POINT('',(-7.352210069903,3.764123098842,6.));
#5564 = CARTESIAN_POINT('',(-7.488921698829,3.767712796004,6.));
#5565 = CARTESIAN_POINT('',(-7.627700364999,3.76620690291,6.));
#5566 = CARTESIAN_POINT('',(-7.76836675039,3.759740845027,6.));
#5567 = CARTESIAN_POINT('',(-7.910760910542,3.748414057128,6.));
#5568 = CARTESIAN_POINT('',(-8.05473411164,3.732305099991,6.));
#5569 = CARTESIAN_POINT('',(-8.151010578938,3.718505928797,6.));
#5570 = CARTESIAN_POINT('',(-8.199367291681,3.710845727878,6.));
#5571 = PCURVE('',#72,#5572);
#5572 = DEFINITIONAL_REPRESENTATION('',(#5573),#5589);
#5573 = B_SPLINE_CURVE_WITH_KNOTS('',3,(#5574,#5575,#5576,#5577,#5578,
    #5579,#5580,#5581,#5582,#5583,#5584,#5585,#5586,#5587,#5588),
  .UNSPECIFIED.,.F.,.F.,(4,1,1,1,1,1,1,1,1,1,1,1,4),(0.,0.12443872072,
    0.250991678229,0.379586472863,0.510216300037,0.642878959891,
    0.777573462559,0.914299277526,1.053056087294,1.193843686737,
    1.33666193564,1.481510733913,1.628390007606),.UNSPECIFIED.);
#5574 = CARTESIAN_POINT('',(-6.593327813879,3.611294853448));
#5575 = CARTESIAN_POINT('',(-6.630953180577,3.629071639642));
#5576 = CARTESIAN_POINT('',(-6.708867375217,3.659682168427));
#5577 = CARTESIAN_POINT('',(-6.830953360171,3.693644935328));
#5578 = CARTESIAN_POINT('',(-6.956740147456,3.720563327842));
#5579 = CARTESIAN_POINT('',(-7.085849924872,3.740848213971));
#5580 = CARTESIAN_POINT('',(-7.217768875232,3.755258171713));
#5581 = CARTESIAN_POINT('',(-7.352210069903,3.764123098842));
#5582 = CARTESIAN_POINT('',(-7.488921698829,3.767712796004));
#5583 = CARTESIAN_POINT('',(-7.627700364999,3.76620690291));
#5584 = CARTESIAN_POINT('',(-7.76836675039,3.759740845027));
#5585 = CARTESIAN_POINT('',(-7.910760910542,3.748414057128));
#5586 = CARTESIAN_POINT('',(-8.05473411164,3.732305099991));
#5587 = CARTESIAN_POINT('',(-8.151010578938,3.718505928797));
#5588 = CARTESIAN_POINT('',(-8.199367291681,3.710845727878));
#5589 = ( GEOMETRIC_REPRESENTATION_CONTEXT(2) 
PARAMETRIC_REPRESENTATION_CONTEXT() REPRESENTATION_CONTEXT('2D SPACE',''
  ) );
#5590 = PCURVE('',#2050,#5591);
#5591 = DEFINITIONAL_REPRESENTATION('',(#5592),#5596);
#5592 = LINE('',#5593,#5594);
#5593 = CARTESIAN_POINT('',(0.,-6.));
#5594 = VECTOR('',#5595,1.);
#5595 = DIRECTION('',(1.,0.));
#5596 = ( GEOMETRIC_REPRESENTATION_CONTEXT(2) 
PARAMETRIC_REPRESENTATION_CONTEXT() REPRESENTATION_CONTEXT('2D SPACE',''
  ) );
#5597 = ORIENTED_EDGE('',*,*,#5598,.T.);
#5598 = EDGE_CURVE('',#5552,#5599,#5601,.T.);
#5599 = VERTEX_POINT('',#5600);
#5600 = CARTESIAN_POINT('',(-8.421792391506,3.173864035268,6.));
#5601 = SURFACE_CURVE('',#5602,(#5607,#5614),.PCURVE_S1.);
#5602 = CIRCLE('',#5603,9.000000000002);
#5603 = AXIS2_PLACEMENT_3D('',#5604,#5605,#5606);
#5604 = CARTESIAN_POINT('',(1.813660333028E-12,-7.303047055984E-13,6.));
#5605 = DIRECTION('',(0.,0.,1.));
#5606 = DIRECTION('',(-0.911040810187,0.412316191986,0.));
#5607 = PCURVE('',#72,#5608);
#5608 = DEFINITIONAL_REPRESENTATION('',(#5609),#5613);
#5609 = CIRCLE('',#5610,9.000000000002);
#5610 = AXIS2_PLACEMENT_2D('',#5611,#5612);
#5611 = CARTESIAN_POINT('',(1.81282480547E-12,-7.292814487477E-13));
#5612 = DIRECTION('',(-0.911040810187,0.412316191986));
#5613 = ( GEOMETRIC_REPRESENTATION_CONTEXT(2) 
PARAMETRIC_REPRESENTATION_CONTEXT() REPRESENTATION_CONTEXT('2D SPACE',''
  ) );
#5614 = PCURVE('',#2093,#5615);
#5615 = DEFINITIONAL_REPRESENTATION('',(#5616),#5620);
#5616 = LINE('',#5617,#5618);
#5617 = CARTESIAN_POINT('',(-0.,-6.));
#5618 = VECTOR('',#5619,1.);
#5619 = DIRECTION('',(-1.,0.));
#5620 = ( GEOMETRIC_REPRESENTATION_CONTEXT(2) 
PARAMETRIC_REPRESENTATION_CONTEXT() REPRESENTATION_CONTEXT('2D SPACE',''
  ) );
#5621 = ORIENTED_EDGE('',*,*,#5622,.T.);
#5622 = EDGE_CURVE('',#5599,#5623,#5625,.T.);
#5623 = VERTEX_POINT('',#5624);
#5624 = CARTESIAN_POINT('',(-7.215757887517,2.108615728042,6.));
#5625 = SURFACE_CURVE('',#5626,(#5642,#5661),.PCURVE_S1.);
#5626 = B_SPLINE_CURVE_WITH_KNOTS('',3,(#5627,#5628,#5629,#5630,#5631,
    #5632,#5633,#5634,#5635,#5636,#5637,#5638,#5639,#5640,#5641),
  .UNSPECIFIED.,.F.,.F.,(4,1,1,1,1,1,1,1,1,1,1,1,4),(0.,0.146879273693,
    0.291728071966,0.434546320869,0.575333920312,0.71409073008,
    0.850816545047,0.985511047715,1.118173707569,1.248803534744,
    1.377398329377,1.503951286886,1.628390007606),.UNSPECIFIED.);
#5627 = CARTESIAN_POINT('',(-8.421792391506,3.173864035268,6.));
#5628 = CARTESIAN_POINT('',(-8.393015612025,3.134254095756,6.));
#5629 = CARTESIAN_POINT('',(-8.334695356656,3.056418865334,6.));
#5630 = CARTESIAN_POINT('',(-8.24428168268,2.9432236857,6.));
#5631 = CARTESIAN_POINT('',(-8.151603054968,2.834526560922,6.));
#5632 = CARTESIAN_POINT('',(-8.05670909335,2.730488212551,6.));
#5633 = CARTESIAN_POINT('',(-7.959642584635,2.631292049399,6.));
#5634 = CARTESIAN_POINT('',(-7.860434565549,2.537160628724,6.));
#5635 = CARTESIAN_POINT('',(-7.759101835039,2.448364798389,6.));
#5636 = CARTESIAN_POINT('',(-7.655631671836,2.365273392859,6.));
#5637 = CARTESIAN_POINT('',(-7.549993692169,2.288322574268,6.));
#5638 = CARTESIAN_POINT('',(-7.442014824012,2.21841206188,6.));
#5639 = CARTESIAN_POINT('',(-7.33167169338,2.156099536815,6.));
#5640 = CARTESIAN_POINT('',(-7.254933125519,2.122650793914,6.));
#5641 = CARTESIAN_POINT('',(-7.215757887517,2.108615728042,6.));
#5642 = PCURVE('',#72,#5643);
#5643 = DEFINITIONAL_REPRESENTATION('',(#5644),#5660);
#5644 = B_SPLINE_CURVE_WITH_KNOTS('',3,(#5645,#5646,#5647,#5648,#5649,
    #5650,#5651,#5652,#5653,#5654,#5655,#5656,#5657,#5658,#5659),
  .UNSPECIFIED.,.F.,.F.,(4,1,1,1,1,1,1,1,1,1,1,1,4),(0.,0.146879273693,
    0.291728071966,0.434546320869,0.575333920312,0.71409073008,
    0.850816545047,0.985511047715,1.118173707569,1.248803534744,
    1.377398329377,1.503951286886,1.628390007606),.UNSPECIFIED.);
#5645 = CARTESIAN_POINT('',(-8.421792391506,3.173864035268));
#5646 = CARTESIAN_POINT('',(-8.393015612025,3.134254095756));
#5647 = CARTESIAN_POINT('',(-8.334695356656,3.056418865334));
#5648 = CARTESIAN_POINT('',(-8.24428168268,2.9432236857));
#5649 = CARTESIAN_POINT('',(-8.151603054968,2.834526560922));
#5650 = CARTESIAN_POINT('',(-8.05670909335,2.730488212551));
#5651 = CARTESIAN_POINT('',(-7.959642584635,2.631292049399));
#5652 = CARTESIAN_POINT('',(-7.860434565549,2.537160628724));
#5653 = CARTESIAN_POINT('',(-7.759101835039,2.448364798389));
#5654 = CARTESIAN_POINT('',(-7.655631671836,2.365273392859));
#5655 = CARTESIAN_POINT('',(-7.549993692169,2.288322574268));
#5656 = CARTESIAN_POINT('',(-7.442014824012,2.21841206188));
#5657 = CARTESIAN_POINT('',(-7.33167169338,2.156099536815));
#5658 = CARTESIAN_POINT('',(-7.254933125519,2.122650793914));
#5659 = CARTESIAN_POINT('',(-7.215757887517,2.108615728042));
#5660 = ( GEOMETRIC_REPRESENTATION_CONTEXT(2) 
PARAMETRIC_REPRESENTATION_CONTEXT() REPRESENTATION_CONTEXT('2D SPACE',''
  ) );
#5661 = PCURVE('',#2145,#5662);
#5662 = DEFINITIONAL_REPRESENTATION('',(#5663),#5667);
#5663 = LINE('',#5664,#5665);
#5664 = CARTESIAN_POINT('',(0.,-6.));
#5665 = VECTOR('',#5666,1.);
#5666 = DIRECTION('',(1.,0.));
#5667 = ( GEOMETRIC_REPRESENTATION_CONTEXT(2) 
PARAMETRIC_REPRESENTATION_CONTEXT() REPRESENTATION_CONTEXT('2D SPACE',''
  ) );
#5668 = ORIENTED_EDGE('',*,*,#5669,.T.);
#5669 = EDGE_CURVE('',#5623,#5670,#5672,.T.);
#5670 = VERTEX_POINT('',#5671);
#5671 = CARTESIAN_POINT('',(-6.479028974922,1.893326052776,6.));
#5672 = SURFACE_CURVE('',#5673,(#5677,#5684),.PCURVE_S1.);
#5673 = LINE('',#5674,#5675);
#5674 = CARTESIAN_POINT('',(-7.215757887517,2.108615728042,6.));
#5675 = VECTOR('',#5676,1.);
#5676 = DIRECTION('',(0.959856144433,-0.280492748559,0.));
#5677 = PCURVE('',#72,#5678);
#5678 = DEFINITIONAL_REPRESENTATION('',(#5679),#5683);
#5679 = LINE('',#5680,#5681);
#5680 = CARTESIAN_POINT('',(-7.215757887517,2.108615728042));
#5681 = VECTOR('',#5682,1.);
#5682 = DIRECTION('',(0.959856144433,-0.280492748559));
#5683 = ( GEOMETRIC_REPRESENTATION_CONTEXT(2) 
PARAMETRIC_REPRESENTATION_CONTEXT() REPRESENTATION_CONTEXT('2D SPACE',''
  ) );
#5684 = PCURVE('',#2187,#5685);
#5685 = DEFINITIONAL_REPRESENTATION('',(#5686),#5690);
#5686 = LINE('',#5687,#5688);
#5687 = CARTESIAN_POINT('',(0.,-6.));
#5688 = VECTOR('',#5689,1.);
#5689 = DIRECTION('',(1.,0.));
#5690 = ( GEOMETRIC_REPRESENTATION_CONTEXT(2) 
PARAMETRIC_REPRESENTATION_CONTEXT() REPRESENTATION_CONTEXT('2D SPACE',''
  ) );
#5691 = ORIENTED_EDGE('',*,*,#5692,.T.);
#5692 = EDGE_CURVE('',#5670,#5693,#5695,.T.);
#5693 = VERTEX_POINT('',#5694);
#5694 = CARTESIAN_POINT('',(-6.710386772941,0.730211857986,6.));
#5695 = SURFACE_CURVE('',#5696,(#5701,#5708),.PCURVE_S1.);
#5696 = CIRCLE('',#5697,6.75);
#5697 = AXIS2_PLACEMENT_3D('',#5698,#5699,#5700);
#5698 = CARTESIAN_POINT('',(3.046451979571E-13,-6.095124405192E-14,6.));
#5699 = DIRECTION('',(0.,0.,1.));
#5700 = DIRECTION('',(-0.959856144433,0.280492748559,0.));
#5701 = PCURVE('',#72,#5702);
#5702 = DEFINITIONAL_REPRESENTATION('',(#5703),#5707);
#5703 = CIRCLE('',#5704,6.75);
#5704 = AXIS2_PLACEMENT_2D('',#5705,#5706);
#5705 = CARTESIAN_POINT('',(3.038096703995E-13,-5.992798720124E-14));
#5706 = DIRECTION('',(-0.959856144433,0.280492748559));
#5707 = ( GEOMETRIC_REPRESENTATION_CONTEXT(2) 
PARAMETRIC_REPRESENTATION_CONTEXT() REPRESENTATION_CONTEXT('2D SPACE',''
  ) );
#5708 = PCURVE('',#2216,#5709);
#5709 = DEFINITIONAL_REPRESENTATION('',(#5710),#5714);
#5710 = LINE('',#5711,#5712);
#5711 = CARTESIAN_POINT('',(-0.,-6.));
#5712 = VECTOR('',#5713,1.);
#5713 = DIRECTION('',(-1.,0.));
#5714 = ( GEOMETRIC_REPRESENTATION_CONTEXT(2) 
PARAMETRIC_REPRESENTATION_CONTEXT() REPRESENTATION_CONTEXT('2D SPACE',''
  ) );
#5715 = ORIENTED_EDGE('',*,*,#5716,.T.);
#5716 = EDGE_CURVE('',#5693,#5717,#5719,.T.);
#5717 = VERTEX_POINT('',#5718);
#5718 = CARTESIAN_POINT('',(-7.47342332818,0.813244082441,6.));
#5719 = SURFACE_CURVE('',#5720,(#5724,#5731),.PCURVE_S1.);
#5720 = LINE('',#5721,#5722);
#5721 = CARTESIAN_POINT('',(-6.710386772941,0.730211857986,6.));
#5722 = VECTOR('',#5723,1.);
#5723 = DIRECTION('',(-0.994131373769,0.108179534516,0.));
#5724 = PCURVE('',#72,#5725);
#5725 = DEFINITIONAL_REPRESENTATION('',(#5726),#5730);
#5726 = LINE('',#5727,#5728);
#5727 = CARTESIAN_POINT('',(-6.710386772941,0.730211857986));
#5728 = VECTOR('',#5729,1.);
#5729 = DIRECTION('',(-0.994131373769,0.108179534516));
#5730 = ( GEOMETRIC_REPRESENTATION_CONTEXT(2) 
PARAMETRIC_REPRESENTATION_CONTEXT() REPRESENTATION_CONTEXT('2D SPACE',''
  ) );
#5731 = PCURVE('',#2244,#5732);
#5732 = DEFINITIONAL_REPRESENTATION('',(#5733),#5737);
#5733 = LINE('',#5734,#5735);
#5734 = CARTESIAN_POINT('',(0.,-6.));
#5735 = VECTOR('',#5736,1.);
#5736 = DIRECTION('',(1.,0.));
#5737 = ( GEOMETRIC_REPRESENTATION_CONTEXT(2) 
PARAMETRIC_REPRESENTATION_CONTEXT() REPRESENTATION_CONTEXT('2D SPACE',''
  ) );
#5738 = ORIENTED_EDGE('',*,*,#5739,.T.);
#5739 = EDGE_CURVE('',#5717,#5740,#5742,.T.);
#5740 = VERTEX_POINT('',#5741);
#5741 = CARTESIAN_POINT('',(-8.995306800448,0.29061239789,6.));
#5742 = SURFACE_CURVE('',#5743,(#5759,#5778),.PCURVE_S1.);
#5743 = B_SPLINE_CURVE_WITH_KNOTS('',3,(#5744,#5745,#5746,#5747,#5748,
    #5749,#5750,#5751,#5752,#5753,#5754,#5755,#5756,#5757,#5758),
  .UNSPECIFIED.,.F.,.F.,(4,1,1,1,1,1,1,1,1,1,1,1,4),(0.,0.12443872072,
    0.250991678229,0.379586472863,0.510216300037,0.642878959891,
    0.777573462559,0.914299277526,1.053056087294,1.193843686737,
    1.33666193564,1.481510733913,1.628390007606),.UNSPECIFIED.);
#5744 = CARTESIAN_POINT('',(-7.47342332818,0.813244082441,6.));
#5745 = CARTESIAN_POINT('',(-7.514987515933,0.815269086887,6.));
#5746 = CARTESIAN_POINT('',(-7.598684987875,0.813733056476,6.));
#5747 = CARTESIAN_POINT('',(-7.72447471879,0.798390277918,6.));
#5748 = CARTESIAN_POINT('',(-7.850987779864,0.775123110305,6.));
#5749 = CARTESIAN_POINT('',(-7.978032350515,0.744455728645,6.));
#5750 = CARTESIAN_POINT('',(-8.105424020793,0.70728559695,6.));
#5751 = CARTESIAN_POINT('',(-8.233023949617,0.664027303853,6.));
#5752 = CARTESIAN_POINT('',(-8.360702743068,0.615026476188,6.));
#5753 = CARTESIAN_POINT('',(-8.488341231955,0.560526916071,6.));
#5754 = CARTESIAN_POINT('',(-8.615825573105,0.500722362357,6.));
#5755 = CARTESIAN_POINT('',(-8.743046049147,0.435765888892,6.));
#5756 = CARTESIAN_POINT('',(-8.869895311863,0.365786994339,6.));
#5757 = CARTESIAN_POINT('',(-8.953562455266,0.316194813545,6.));
#5758 = CARTESIAN_POINT('',(-8.995306800448,0.29061239789,6.));
#5759 = PCURVE('',#72,#5760);
#5760 = DEFINITIONAL_REPRESENTATION('',(#5761),#5777);
#5761 = B_SPLINE_CURVE_WITH_KNOTS('',3,(#5762,#5763,#5764,#5765,#5766,
    #5767,#5768,#5769,#5770,#5771,#5772,#5773,#5774,#5775,#5776),
  .UNSPECIFIED.,.F.,.F.,(4,1,1,1,1,1,1,1,1,1,1,1,4),(0.,0.12443872072,
    0.250991678229,0.379586472863,0.510216300037,0.642878959891,
    0.777573462559,0.914299277526,1.053056087294,1.193843686737,
    1.33666193564,1.481510733913,1.628390007606),.UNSPECIFIED.);
#5762 = CARTESIAN_POINT('',(-7.47342332818,0.813244082441));
#5763 = CARTESIAN_POINT('',(-7.514987515933,0.815269086887));
#5764 = CARTESIAN_POINT('',(-7.598684987875,0.813733056476));
#5765 = CARTESIAN_POINT('',(-7.72447471879,0.798390277918));
#5766 = CARTESIAN_POINT('',(-7.850987779864,0.775123110305));
#5767 = CARTESIAN_POINT('',(-7.978032350515,0.744455728645));
#5768 = CARTESIAN_POINT('',(-8.105424020793,0.70728559695));
#5769 = CARTESIAN_POINT('',(-8.233023949617,0.664027303853));
#5770 = CARTESIAN_POINT('',(-8.360702743068,0.615026476188));
#5771 = CARTESIAN_POINT('',(-8.488341231955,0.560526916071));
#5772 = CARTESIAN_POINT('',(-8.615825573105,0.500722362357));
#5773 = CARTESIAN_POINT('',(-8.743046049147,0.435765888892));
#5774 = CARTESIAN_POINT('',(-8.869895311863,0.365786994339));
#5775 = CARTESIAN_POINT('',(-8.953562455266,0.316194813545));
#5776 = CARTESIAN_POINT('',(-8.995306800448,0.29061239789));
#5777 = ( GEOMETRIC_REPRESENTATION_CONTEXT(2) 
PARAMETRIC_REPRESENTATION_CONTEXT() REPRESENTATION_CONTEXT('2D SPACE',''
  ) );
#5778 = PCURVE('',#2296,#5779);
#5779 = DEFINITIONAL_REPRESENTATION('',(#5780),#5784);
#5780 = LINE('',#5781,#5782);
#5781 = CARTESIAN_POINT('',(0.,-6.));
#5782 = VECTOR('',#5783,1.);
#5783 = DIRECTION('',(1.,0.));
#5784 = ( GEOMETRIC_REPRESENTATION_CONTEXT(2) 
PARAMETRIC_REPRESENTATION_CONTEXT() REPRESENTATION_CONTEXT('2D SPACE',''
  ) );
#5785 = ORIENTED_EDGE('',*,*,#5786,.T.);
#5786 = EDGE_CURVE('',#5740,#5787,#5789,.T.);
#5787 = VERTEX_POINT('',#5788);
#5788 = CARTESIAN_POINT('',(-8.995306800448,-0.29061239789,6.));
#5789 = SURFACE_CURVE('',#5790,(#5795,#5802),.PCURVE_S1.);
#5790 = CIRCLE('',#5791,8.999999999997);
#5791 = AXIS2_PLACEMENT_3D('',#5792,#5793,#5794);
#5792 = CARTESIAN_POINT('',(-3.011813021203E-12,1.096345236817E-15,6.));
#5793 = DIRECTION('',(0.,0.,1.));
#5794 = DIRECTION('',(-0.999478533383,3.229026643227E-02,0.));
#5795 = PCURVE('',#72,#5796);
#5796 = DEFINITIONAL_REPRESENTATION('',(#5797),#5801);
#5797 = CIRCLE('',#5798,8.999999999997);
#5798 = AXIS2_PLACEMENT_2D('',#5799,#5800);
#5799 = CARTESIAN_POINT('',(-3.012648548761E-12,2.119602087502E-15));
#5800 = DIRECTION('',(-0.999478533383,3.229026643227E-02));
#5801 = ( GEOMETRIC_REPRESENTATION_CONTEXT(2) 
PARAMETRIC_REPRESENTATION_CONTEXT() REPRESENTATION_CONTEXT('2D SPACE',''
  ) );
#5802 = PCURVE('',#2339,#5803);
#5803 = DEFINITIONAL_REPRESENTATION('',(#5804),#5808);
#5804 = LINE('',#5805,#5806);
#5805 = CARTESIAN_POINT('',(-0.,-6.));
#5806 = VECTOR('',#5807,1.);
#5807 = DIRECTION('',(-1.,0.));
#5808 = ( GEOMETRIC_REPRESENTATION_CONTEXT(2) 
PARAMETRIC_REPRESENTATION_CONTEXT() REPRESENTATION_CONTEXT('2D SPACE',''
  ) );
#5809 = ORIENTED_EDGE('',*,*,#5810,.T.);
#5810 = EDGE_CURVE('',#5787,#5811,#5813,.T.);
#5811 = VERTEX_POINT('',#5812);
#5812 = CARTESIAN_POINT('',(-7.47342332818,-0.813244082441,6.));
#5813 = SURFACE_CURVE('',#5814,(#5830,#5849),.PCURVE_S1.);
#5814 = B_SPLINE_CURVE_WITH_KNOTS('',3,(#5815,#5816,#5817,#5818,#5819,
    #5820,#5821,#5822,#5823,#5824,#5825,#5826,#5827,#5828,#5829),
  .UNSPECIFIED.,.F.,.F.,(4,1,1,1,1,1,1,1,1,1,1,1,4),(0.,0.146879273693,
    0.291728071966,0.434546320869,0.575333920312,0.71409073008,
    0.850816545047,0.985511047715,1.118173707569,1.248803534744,
    1.377398329377,1.503951286886,1.628390007606),.UNSPECIFIED.);
#5815 = CARTESIAN_POINT('',(-8.995306800448,-0.29061239789,6.));
#5816 = CARTESIAN_POINT('',(-8.953562455266,-0.316194813545,6.));
#5817 = CARTESIAN_POINT('',(-8.869895311863,-0.365786994339,6.));
#5818 = CARTESIAN_POINT('',(-8.743046049147,-0.435765888892,6.));
#5819 = CARTESIAN_POINT('',(-8.615825573105,-0.500722362357,6.));
#5820 = CARTESIAN_POINT('',(-8.488341231955,-0.560526916071,6.));
#5821 = CARTESIAN_POINT('',(-8.360702743068,-0.615026476188,6.));
#5822 = CARTESIAN_POINT('',(-8.233023949617,-0.664027303853,6.));
#5823 = CARTESIAN_POINT('',(-8.105424020793,-0.70728559695,6.));
#5824 = CARTESIAN_POINT('',(-7.978032350515,-0.744455728645,6.));
#5825 = CARTESIAN_POINT('',(-7.850987779864,-0.775123110305,6.));
#5826 = CARTESIAN_POINT('',(-7.72447471879,-0.798390277918,6.));
#5827 = CARTESIAN_POINT('',(-7.598684987875,-0.813733056476,6.));
#5828 = CARTESIAN_POINT('',(-7.514987515933,-0.815269086887,6.));
#5829 = CARTESIAN_POINT('',(-7.47342332818,-0.813244082441,6.));
#5830 = PCURVE('',#72,#5831);
#5831 = DEFINITIONAL_REPRESENTATION('',(#5832),#5848);
#5832 = B_SPLINE_CURVE_WITH_KNOTS('',3,(#5833,#5834,#5835,#5836,#5837,
    #5838,#5839,#5840,#5841,#5842,#5843,#5844,#5845,#5846,#5847),
  .UNSPECIFIED.,.F.,.F.,(4,1,1,1,1,1,1,1,1,1,1,1,4),(0.,0.146879273693,
    0.291728071966,0.434546320869,0.575333920312,0.71409073008,
    0.850816545047,0.985511047715,1.118173707569,1.248803534744,
    1.377398329377,1.503951286886,1.628390007606),.UNSPECIFIED.);
#5833 = CARTESIAN_POINT('',(-8.995306800448,-0.29061239789));
#5834 = CARTESIAN_POINT('',(-8.953562455266,-0.316194813545));
#5835 = CARTESIAN_POINT('',(-8.869895311863,-0.365786994339));
#5836 = CARTESIAN_POINT('',(-8.743046049147,-0.435765888892));
#5837 = CARTESIAN_POINT('',(-8.615825573105,-0.500722362357));
#5838 = CARTESIAN_POINT('',(-8.488341231955,-0.560526916071));
#5839 = CARTESIAN_POINT('',(-8.360702743068,-0.615026476188));
#5840 = CARTESIAN_POINT('',(-8.233023949617,-0.664027303853));
#5841 = CARTESIAN_POINT('',(-8.105424020793,-0.70728559695));
#5842 = CARTESIAN_POINT('',(-7.978032350515,-0.744455728645));
#5843 = CARTESIAN_POINT('',(-7.850987779864,-0.775123110305));
#5844 = CARTESIAN_POINT('',(-7.72447471879,-0.798390277918));
#5845 = CARTESIAN_POINT('',(-7.598684987875,-0.813733056476));
#5846 = CARTESIAN_POINT('',(-7.514987515933,-0.815269086887));
#5847 = CARTESIAN_POINT('',(-7.47342332818,-0.813244082441));
#5848 = ( GEOMETRIC_REPRESENTATION_CONTEXT(2) 
PARAMETRIC_REPRESENTATION_CONTEXT() REPRESENTATION_CONTEXT('2D SPACE',''
  ) );
#5849 = PCURVE('',#2391,#5850);
#5850 = DEFINITIONAL_REPRESENTATION('',(#5851),#5855);
#5851 = LINE('',#5852,#5853);
#5852 = CARTESIAN_POINT('',(0.,-6.));
#5853 = VECTOR('',#5854,1.);
#5854 = DIRECTION('',(1.,0.));
#5855 = ( GEOMETRIC_REPRESENTATION_CONTEXT(2) 
PARAMETRIC_REPRESENTATION_CONTEXT() REPRESENTATION_CONTEXT('2D SPACE',''
  ) );
#5856 = ORIENTED_EDGE('',*,*,#5857,.T.);
#5857 = EDGE_CURVE('',#5811,#5858,#5860,.T.);
#5858 = VERTEX_POINT('',#5859);
#5859 = CARTESIAN_POINT('',(-6.710386772941,-0.730211857986,6.));
#5860 = SURFACE_CURVE('',#5861,(#5865,#5872),.PCURVE_S1.);
#5861 = LINE('',#5862,#5863);
#5862 = CARTESIAN_POINT('',(-7.47342332818,-0.813244082441,6.));
#5863 = VECTOR('',#5864,1.);
#5864 = DIRECTION('',(0.994131373769,0.108179534516,0.));
#5865 = PCURVE('',#72,#5866);
#5866 = DEFINITIONAL_REPRESENTATION('',(#5867),#5871);
#5867 = LINE('',#5868,#5869);
#5868 = CARTESIAN_POINT('',(-7.47342332818,-0.813244082441));
#5869 = VECTOR('',#5870,1.);
#5870 = DIRECTION('',(0.994131373769,0.108179534516));
#5871 = ( GEOMETRIC_REPRESENTATION_CONTEXT(2) 
PARAMETRIC_REPRESENTATION_CONTEXT() REPRESENTATION_CONTEXT('2D SPACE',''
  ) );
#5872 = PCURVE('',#2433,#5873);
#5873 = DEFINITIONAL_REPRESENTATION('',(#5874),#5878);
#5874 = LINE('',#5875,#5876);
#5875 = CARTESIAN_POINT('',(0.,-6.));
#5876 = VECTOR('',#5877,1.);
#5877 = DIRECTION('',(1.,0.));
#5878 = ( GEOMETRIC_REPRESENTATION_CONTEXT(2) 
PARAMETRIC_REPRESENTATION_CONTEXT() REPRESENTATION_CONTEXT('2D SPACE',''
  ) );
#5879 = ORIENTED_EDGE('',*,*,#5880,.T.);
#5880 = EDGE_CURVE('',#5858,#5881,#5883,.T.);
#5881 = VERTEX_POINT('',#5882);
#5882 = CARTESIAN_POINT('',(-6.479028974922,-1.893326052776,6.));
#5883 = SURFACE_CURVE('',#5884,(#5889,#5896),.PCURVE_S1.);
#5884 = CIRCLE('',#5885,6.75);
#5885 = AXIS2_PLACEMENT_3D('',#5886,#5887,#5888);
#5886 = CARTESIAN_POINT('',(3.099742684753E-13,6.394884621841E-14,6.));
#5887 = DIRECTION('',(0.,0.,1.));
#5888 = DIRECTION('',(-0.994131373769,-0.108179534516,0.));
#5889 = PCURVE('',#72,#5890);
#5890 = DEFINITIONAL_REPRESENTATION('',(#5891),#5895);
#5891 = CIRCLE('',#5892,6.75);
#5892 = AXIS2_PLACEMENT_2D('',#5893,#5894);
#5893 = CARTESIAN_POINT('',(3.091387409177E-13,6.497210306909E-14));
#5894 = DIRECTION('',(-0.994131373769,-0.108179534516));
#5895 = ( GEOMETRIC_REPRESENTATION_CONTEXT(2) 
PARAMETRIC_REPRESENTATION_CONTEXT() REPRESENTATION_CONTEXT('2D SPACE',''
  ) );
#5896 = PCURVE('',#2462,#5897);
#5897 = DEFINITIONAL_REPRESENTATION('',(#5898),#5902);
#5898 = LINE('',#5899,#5900);
#5899 = CARTESIAN_POINT('',(-0.,-6.));
#5900 = VECTOR('',#5901,1.);
#5901 = DIRECTION('',(-1.,0.));
#5902 = ( GEOMETRIC_REPRESENTATION_CONTEXT(2) 
PARAMETRIC_REPRESENTATION_CONTEXT() REPRESENTATION_CONTEXT('2D SPACE',''
  ) );
#5903 = ORIENTED_EDGE('',*,*,#5904,.T.);
#5904 = EDGE_CURVE('',#5881,#5905,#5907,.T.);
#5905 = VERTEX_POINT('',#5906);
#5906 = CARTESIAN_POINT('',(-7.215757887517,-2.108615728042,6.));
#5907 = SURFACE_CURVE('',#5908,(#5912,#5919),.PCURVE_S1.);
#5908 = LINE('',#5909,#5910);
#5909 = CARTESIAN_POINT('',(-6.479028974922,-1.893326052776,6.));
#5910 = VECTOR('',#5911,1.);
#5911 = DIRECTION('',(-0.959856144433,-0.280492748559,0.));
#5912 = PCURVE('',#72,#5913);
#5913 = DEFINITIONAL_REPRESENTATION('',(#5914),#5918);
#5914 = LINE('',#5915,#5916);
#5915 = CARTESIAN_POINT('',(-6.479028974922,-1.893326052776));
#5916 = VECTOR('',#5917,1.);
#5917 = DIRECTION('',(-0.959856144433,-0.280492748559));
#5918 = ( GEOMETRIC_REPRESENTATION_CONTEXT(2) 
PARAMETRIC_REPRESENTATION_CONTEXT() REPRESENTATION_CONTEXT('2D SPACE',''
  ) );
#5919 = PCURVE('',#2490,#5920);
#5920 = DEFINITIONAL_REPRESENTATION('',(#5921),#5925);
#5921 = LINE('',#5922,#5923);
#5922 = CARTESIAN_POINT('',(0.,-6.));
#5923 = VECTOR('',#5924,1.);
#5924 = DIRECTION('',(1.,0.));
#5925 = ( GEOMETRIC_REPRESENTATION_CONTEXT(2) 
PARAMETRIC_REPRESENTATION_CONTEXT() REPRESENTATION_CONTEXT('2D SPACE',''
  ) );
#5926 = ORIENTED_EDGE('',*,*,#5927,.T.);
#5927 = EDGE_CURVE('',#5905,#5928,#5930,.T.);
#5928 = VERTEX_POINT('',#5929);
#5929 = CARTESIAN_POINT('',(-8.421792391506,-3.173864035268,6.));
#5930 = SURFACE_CURVE('',#5931,(#5947,#5966),.PCURVE_S1.);
#5931 = B_SPLINE_CURVE_WITH_KNOTS('',3,(#5932,#5933,#5934,#5935,#5936,
    #5937,#5938,#5939,#5940,#5941,#5942,#5943,#5944,#5945,#5946),
  .UNSPECIFIED.,.F.,.F.,(4,1,1,1,1,1,1,1,1,1,1,1,4),(0.,0.12443872072,
    0.250991678229,0.379586472863,0.510216300037,0.642878959891,
    0.777573462559,0.914299277526,1.053056087294,1.193843686737,
    1.33666193564,1.481510733913,1.628390007606),.UNSPECIFIED.);
#5932 = CARTESIAN_POINT('',(-7.215757887517,-2.108615728042,6.));
#5933 = CARTESIAN_POINT('',(-7.254933125519,-2.122650793914,6.));
#5934 = CARTESIAN_POINT('',(-7.33167169338,-2.156099536815,6.));
#5935 = CARTESIAN_POINT('',(-7.442014824012,-2.21841206188,6.));
#5936 = CARTESIAN_POINT('',(-7.549993692169,-2.288322574268,6.));
#5937 = CARTESIAN_POINT('',(-7.655631671836,-2.365273392859,6.));
#5938 = CARTESIAN_POINT('',(-7.759101835039,-2.448364798389,6.));
#5939 = CARTESIAN_POINT('',(-7.860434565549,-2.537160628724,6.));
#5940 = CARTESIAN_POINT('',(-7.959642584635,-2.631292049399,6.));
#5941 = CARTESIAN_POINT('',(-8.05670909335,-2.730488212551,6.));
#5942 = CARTESIAN_POINT('',(-8.151603054968,-2.834526560922,6.));
#5943 = CARTESIAN_POINT('',(-8.24428168268,-2.9432236857,6.));
#5944 = CARTESIAN_POINT('',(-8.334695356656,-3.056418865334,6.));
#5945 = CARTESIAN_POINT('',(-8.393015612025,-3.134254095756,6.));
#5946 = CARTESIAN_POINT('',(-8.421792391506,-3.173864035268,6.));
#5947 = PCURVE('',#72,#5948);
#5948 = DEFINITIONAL_REPRESENTATION('',(#5949),#5965);
#5949 = B_SPLINE_CURVE_WITH_KNOTS('',3,(#5950,#5951,#5952,#5953,#5954,
    #5955,#5956,#5957,#5958,#5959,#5960,#5961,#5962,#5963,#5964),
  .UNSPECIFIED.,.F.,.F.,(4,1,1,1,1,1,1,1,1,1,1,1,4),(0.,0.12443872072,
    0.250991678229,0.379586472863,0.510216300037,0.642878959891,
    0.777573462559,0.914299277526,1.053056087294,1.193843686737,
    1.33666193564,1.481510733913,1.628390007606),.UNSPECIFIED.);
#5950 = CARTESIAN_POINT('',(-7.215757887517,-2.108615728042));
#5951 = CARTESIAN_POINT('',(-7.254933125519,-2.122650793914));
#5952 = CARTESIAN_POINT('',(-7.33167169338,-2.156099536815));
#5953 = CARTESIAN_POINT('',(-7.442014824012,-2.21841206188));
#5954 = CARTESIAN_POINT('',(-7.549993692169,-2.288322574268));
#5955 = CARTESIAN_POINT('',(-7.655631671836,-2.365273392859));
#5956 = CARTESIAN_POINT('',(-7.759101835039,-2.448364798389));
#5957 = CARTESIAN_POINT('',(-7.860434565549,-2.537160628724));
#5958 = CARTESIAN_POINT('',(-7.959642584635,-2.631292049399));
#5959 = CARTESIAN_POINT('',(-8.05670909335,-2.730488212551));
#5960 = CARTESIAN_POINT('',(-8.151603054968,-2.834526560922));
#5961 = CARTESIAN_POINT('',(-8.24428168268,-2.9432236857));
#5962 = CARTESIAN_POINT('',(-8.334695356656,-3.056418865334));
#5963 = CARTESIAN_POINT('',(-8.393015612025,-3.134254095756));
#5964 = CARTESIAN_POINT('',(-8.421792391506,-3.173864035268));
#5965 = ( GEOMETRIC_REPRESENTATION_CONTEXT(2) 
PARAMETRIC_REPRESENTATION_CONTEXT() REPRESENTATION_CONTEXT('2D SPACE',''
  ) );
#5966 = PCURVE('',#2542,#5967);
#5967 = DEFINITIONAL_REPRESENTATION('',(#5968),#5972);
#5968 = LINE('',#5969,#5970);
#5969 = CARTESIAN_POINT('',(0.,-6.));
#5970 = VECTOR('',#5971,1.);
#5971 = DIRECTION('',(1.,0.));
#5972 = ( GEOMETRIC_REPRESENTATION_CONTEXT(2) 
PARAMETRIC_REPRESENTATION_CONTEXT() REPRESENTATION_CONTEXT('2D SPACE',''
  ) );
#5973 = ORIENTED_EDGE('',*,*,#5974,.T.);
#5974 = EDGE_CURVE('',#5928,#5975,#5977,.T.);
#5975 = VERTEX_POINT('',#5976);
#5976 = CARTESIAN_POINT('',(-8.199367291681,-3.710845727878,6.));
#5977 = SURFACE_CURVE('',#5978,(#5983,#5990),.PCURVE_S1.);
#5978 = CIRCLE('',#5979,8.999999999997);
#5979 = AXIS2_PLACEMENT_3D('',#5980,#5981,#5982);
#5980 = CARTESIAN_POINT('',(-2.318145675417E-12,-9.516831767087E-13,6.)
  );
#5981 = DIRECTION('',(0.,0.,1.));
#5982 = DIRECTION('',(-0.935754710167,-0.352651559474,0.));
#5983 = PCURVE('',#72,#5984);
#5984 = DEFINITIONAL_REPRESENTATION('',(#5985),#5989);
#5985 = CIRCLE('',#5986,8.999999999997);
#5986 = AXIS2_PLACEMENT_2D('',#5987,#5988);
#5987 = CARTESIAN_POINT('',(-2.318981202975E-12,-9.50659919858E-13));
#5988 = DIRECTION('',(-0.935754710167,-0.352651559474));
#5989 = ( GEOMETRIC_REPRESENTATION_CONTEXT(2) 
PARAMETRIC_REPRESENTATION_CONTEXT() REPRESENTATION_CONTEXT('2D SPACE',''
  ) );
#5990 = PCURVE('',#2585,#5991);
#5991 = DEFINITIONAL_REPRESENTATION('',(#5992),#5996);
#5992 = LINE('',#5993,#5994);
#5993 = CARTESIAN_POINT('',(-0.,-6.));
#5994 = VECTOR('',#5995,1.);
#5995 = DIRECTION('',(-1.,0.));
#5996 = ( GEOMETRIC_REPRESENTATION_CONTEXT(2) 
PARAMETRIC_REPRESENTATION_CONTEXT() REPRESENTATION_CONTEXT('2D SPACE',''
  ) );
#5997 = ORIENTED_EDGE('',*,*,#5998,.T.);
#5998 = EDGE_CURVE('',#5975,#5999,#6001,.T.);
#5999 = VERTEX_POINT('',#6000);
#6000 = CARTESIAN_POINT('',(-6.593327813879,-3.611294853448,6.));
#6001 = SURFACE_CURVE('',#6002,(#6018,#6037),.PCURVE_S1.);
#6002 = B_SPLINE_CURVE_WITH_KNOTS('',3,(#6003,#6004,#6005,#6006,#6007,
    #6008,#6009,#6010,#6011,#6012,#6013,#6014,#6015,#6016,#6017),
  .UNSPECIFIED.,.F.,.F.,(4,1,1,1,1,1,1,1,1,1,1,1,4),(0.,0.146879273693,
    0.291728071966,0.434546320869,0.575333920312,0.71409073008,
    0.850816545047,0.985511047715,1.118173707569,1.248803534744,
    1.377398329377,1.503951286886,1.628390007606),.UNSPECIFIED.);
#6003 = CARTESIAN_POINT('',(-8.199367291681,-3.710845727878,6.));
#6004 = CARTESIAN_POINT('',(-8.151010578938,-3.718505928797,6.));
#6005 = CARTESIAN_POINT('',(-8.05473411164,-3.732305099991,6.));
#6006 = CARTESIAN_POINT('',(-7.910760910542,-3.748414057128,6.));
#6007 = CARTESIAN_POINT('',(-7.76836675039,-3.759740845027,6.));
#6008 = CARTESIAN_POINT('',(-7.627700364999,-3.76620690291,6.));
#6009 = CARTESIAN_POINT('',(-7.488921698829,-3.767712796004,6.));
#6010 = CARTESIAN_POINT('',(-7.352210069903,-3.764123098842,6.));
#6011 = CARTESIAN_POINT('',(-7.217768875232,-3.755258171713,6.));
#6012 = CARTESIAN_POINT('',(-7.085849924872,-3.740848213971,6.));
#6013 = CARTESIAN_POINT('',(-6.956740147456,-3.720563327842,6.));
#6014 = CARTESIAN_POINT('',(-6.830953360171,-3.693644935328,6.));
#6015 = CARTESIAN_POINT('',(-6.708867375217,-3.659682168427,6.));
#6016 = CARTESIAN_POINT('',(-6.630953180577,-3.629071639642,6.));
#6017 = CARTESIAN_POINT('',(-6.593327813879,-3.611294853448,6.));
#6018 = PCURVE('',#72,#6019);
#6019 = DEFINITIONAL_REPRESENTATION('',(#6020),#6036);
#6020 = B_SPLINE_CURVE_WITH_KNOTS('',3,(#6021,#6022,#6023,#6024,#6025,
    #6026,#6027,#6028,#6029,#6030,#6031,#6032,#6033,#6034,#6035),
  .UNSPECIFIED.,.F.,.F.,(4,1,1,1,1,1,1,1,1,1,1,1,4),(0.,0.146879273693,
    0.291728071966,0.434546320869,0.575333920312,0.71409073008,
    0.850816545047,0.985511047715,1.118173707569,1.248803534744,
    1.377398329377,1.503951286886,1.628390007606),.UNSPECIFIED.);
#6021 = CARTESIAN_POINT('',(-8.199367291681,-3.710845727878));
#6022 = CARTESIAN_POINT('',(-8.151010578938,-3.718505928797));
#6023 = CARTESIAN_POINT('',(-8.05473411164,-3.732305099991));
#6024 = CARTESIAN_POINT('',(-7.910760910542,-3.748414057128));
#6025 = CARTESIAN_POINT('',(-7.76836675039,-3.759740845027));
#6026 = CARTESIAN_POINT('',(-7.627700364999,-3.76620690291));
#6027 = CARTESIAN_POINT('',(-7.488921698829,-3.767712796004));
#6028 = CARTESIAN_POINT('',(-7.352210069903,-3.764123098842));
#6029 = CARTESIAN_POINT('',(-7.217768875232,-3.755258171713));
#6030 = CARTESIAN_POINT('',(-7.085849924872,-3.740848213971));
#6031 = CARTESIAN_POINT('',(-6.956740147456,-3.720563327842));
#6032 = CARTESIAN_POINT('',(-6.830953360171,-3.693644935328));
#6033 = CARTESIAN_POINT('',(-6.708867375217,-3.659682168427));
#6034 = CARTESIAN_POINT('',(-6.630953180577,-3.629071639642));
#6035 = CARTESIAN_POINT('',(-6.593327813879,-3.611294853448));
#6036 = ( GEOMETRIC_REPRESENTATION_CONTEXT(2) 
PARAMETRIC_REPRESENTATION_CONTEXT() REPRESENTATION_CONTEXT('2D SPACE',''
  ) );
#6037 = PCURVE('',#2637,#6038);
#6038 = DEFINITIONAL_REPRESENTATION('',(#6039),#6043);
#6039 = LINE('',#6040,#6041);
#6040 = CARTESIAN_POINT('',(0.,-6.));
#6041 = VECTOR('',#6042,1.);
#6042 = DIRECTION('',(1.,0.));
#6043 = ( GEOMETRIC_REPRESENTATION_CONTEXT(2) 
PARAMETRIC_REPRESENTATION_CONTEXT() REPRESENTATION_CONTEXT('2D SPACE',''
  ) );
#6044 = ORIENTED_EDGE('',*,*,#6045,.T.);
#6045 = EDGE_CURVE('',#5999,#6046,#6048,.T.);
#6046 = VERTEX_POINT('',#6047);
#6047 = CARTESIAN_POINT('',(-5.920149014587,-3.242581632756,6.));
#6048 = SURFACE_CURVE('',#6049,(#6053,#6060),.PCURVE_S1.);
#6049 = LINE('',#6050,#6051);
#6050 = CARTESIAN_POINT('',(-6.593327813879,-3.611294853448,6.));
#6051 = VECTOR('',#6052,1.);
#6052 = DIRECTION('',(0.877059113272,0.480382464112,0.));
#6053 = PCURVE('',#72,#6054);
#6054 = DEFINITIONAL_REPRESENTATION('',(#6055),#6059);
#6055 = LINE('',#6056,#6057);
#6056 = CARTESIAN_POINT('',(-6.593327813879,-3.611294853448));
#6057 = VECTOR('',#6058,1.);
#6058 = DIRECTION('',(0.877059113272,0.480382464112));
#6059 = ( GEOMETRIC_REPRESENTATION_CONTEXT(2) 
PARAMETRIC_REPRESENTATION_CONTEXT() REPRESENTATION_CONTEXT('2D SPACE',''
  ) );
#6060 = PCURVE('',#2679,#6061);
#6061 = DEFINITIONAL_REPRESENTATION('',(#6062),#6066);
#6062 = LINE('',#6063,#6064);
#6063 = CARTESIAN_POINT('',(0.,-6.));
#6064 = VECTOR('',#6065,1.);
#6065 = DIRECTION('',(1.,0.));
#6066 = ( GEOMETRIC_REPRESENTATION_CONTEXT(2) 
PARAMETRIC_REPRESENTATION_CONTEXT() REPRESENTATION_CONTEXT('2D SPACE',''
  ) );
#6067 = ORIENTED_EDGE('',*,*,#6068,.T.);
#6068 = EDGE_CURVE('',#6046,#6069,#6071,.T.);
#6069 = VERTEX_POINT('',#6070);
#6070 = CARTESIAN_POINT('',(-5.261297748015,-4.228622235046,6.));
#6071 = SURFACE_CURVE('',#6072,(#6077,#6084),.PCURVE_S1.);
#6072 = CIRCLE('',#6073,6.75);
#6073 = AXIS2_PLACEMENT_3D('',#6074,#6075,#6076);
#6074 = CARTESIAN_POINT('',(3.277378368693E-13,2.182698466413E-13,6.));
#6075 = DIRECTION('',(0.,0.,1.));
#6076 = DIRECTION('',(-0.877059113272,-0.480382464112,0.));
#6077 = PCURVE('',#72,#6078);
#6078 = DEFINITIONAL_REPRESENTATION('',(#6079),#6083);
#6079 = CIRCLE('',#6080,6.75);
#6080 = AXIS2_PLACEMENT_2D('',#6081,#6082);
#6081 = CARTESIAN_POINT('',(3.269023093117E-13,2.19293103492E-13));
#6082 = DIRECTION('',(-0.877059113272,-0.480382464112));
#6083 = ( GEOMETRIC_REPRESENTATION_CONTEXT(2) 
PARAMETRIC_REPRESENTATION_CONTEXT() REPRESENTATION_CONTEXT('2D SPACE',''
  ) );
#6084 = PCURVE('',#2708,#6085);
#6085 = DEFINITIONAL_REPRESENTATION('',(#6086),#6090);
#6086 = LINE('',#6087,#6088);
#6087 = CARTESIAN_POINT('',(-0.,-6.));
#6088 = VECTOR('',#6089,1.);
#6089 = DIRECTION('',(-1.,0.));
#6090 = ( GEOMETRIC_REPRESENTATION_CONTEXT(2) 
PARAMETRIC_REPRESENTATION_CONTEXT() REPRESENTATION_CONTEXT('2D SPACE',''
  ) );
#6091 = ORIENTED_EDGE('',*,*,#6092,.T.);
#6092 = EDGE_CURVE('',#6069,#6093,#6095,.T.);
#6093 = VERTEX_POINT('',#6094);
#6094 = CARTESIAN_POINT('',(-5.859558719488,-4.70945790858,6.));
#6095 = SURFACE_CURVE('',#6096,(#6100,#6107),.PCURVE_S1.);
#6096 = LINE('',#6097,#6098);
#6097 = CARTESIAN_POINT('',(-5.261297748015,-4.228622235046,6.));
#6098 = VECTOR('',#6099,1.);
#6099 = DIRECTION('',(-0.779451518225,-0.62646255334,0.));
#6100 = PCURVE('',#72,#6101);
#6101 = DEFINITIONAL_REPRESENTATION('',(#6102),#6106);
#6102 = LINE('',#6103,#6104);
#6103 = CARTESIAN_POINT('',(-5.261297748015,-4.228622235046));
#6104 = VECTOR('',#6105,1.);
#6105 = DIRECTION('',(-0.779451518225,-0.62646255334));
#6106 = ( GEOMETRIC_REPRESENTATION_CONTEXT(2) 
PARAMETRIC_REPRESENTATION_CONTEXT() REPRESENTATION_CONTEXT('2D SPACE',''
  ) );
#6107 = PCURVE('',#2736,#6108);
#6108 = DEFINITIONAL_REPRESENTATION('',(#6109),#6113);
#6109 = LINE('',#6110,#6111);
#6110 = CARTESIAN_POINT('',(0.,-6.));
#6111 = VECTOR('',#6112,1.);
#6112 = DIRECTION('',(1.,0.));
#6113 = ( GEOMETRIC_REPRESENTATION_CONTEXT(2) 
PARAMETRIC_REPRESENTATION_CONTEXT() REPRESENTATION_CONTEXT('2D SPACE',''
  ) );
#6114 = ORIENTED_EDGE('',*,*,#6115,.T.);
#6115 = EDGE_CURVE('',#6093,#6116,#6118,.T.);
#6116 = VERTEX_POINT('',#6117);
#6117 = CARTESIAN_POINT('',(-6.566136434696,-6.155148440205,6.));
#6118 = SURFACE_CURVE('',#6119,(#6135,#6154),.PCURVE_S1.);
#6119 = B_SPLINE_CURVE_WITH_KNOTS('',3,(#6120,#6121,#6122,#6123,#6124,
    #6125,#6126,#6127,#6128,#6129,#6130,#6131,#6132,#6133,#6134),
  .UNSPECIFIED.,.F.,.F.,(4,1,1,1,1,1,1,1,1,1,1,1,4),(0.,0.12443872072,
    0.250991678229,0.379586472863,0.510216300037,0.642878959891,
    0.777573462559,0.914299277526,1.053056087294,1.193843686737,
    1.33666193564,1.481510733913,1.628390007606),.UNSPECIFIED.);
#6120 = CARTESIAN_POINT('',(-5.859558719488,-4.70945790858,6.));
#6121 = CARTESIAN_POINT('',(-5.890380932878,-4.737416333219,6.));
#6122 = CARTESIAN_POINT('',(-5.948477845337,-4.797685520717,6.));
#6123 = CARTESIAN_POINT('',(-6.02657563431,-4.897481275212,6.));
#6124 = CARTESIAN_POINT('',(-6.099581505705,-5.003391890604,6.));
#6125 = CARTESIAN_POINT('',(-6.167730469593,-5.114911081557,6.));
#6126 = CARTESIAN_POINT('',(-6.231526731334,-5.231273847656,6.));
#6127 = CARTESIAN_POINT('',(-6.291165273893,-5.352088854997,6.));
#6128 = CARTESIAN_POINT('',(-6.34679899703,-5.477020213187,6.));
#6129 = CARTESIAN_POINT('',(-6.398516029532,-5.605811262749,6.));
#6130 = CARTESIAN_POINT('',(-6.446372866177,-5.738244510348,6.));
#6131 = CARTESIAN_POINT('',(-6.490400164624,-5.874134134533,6.));
#6132 = CARTESIAN_POINT('',(-6.5306135876,-6.013312659266,6.));
#6133 = CARTESIAN_POINT('',(-6.55470822473,-6.107541231062,6.));
#6134 = CARTESIAN_POINT('',(-6.566136434696,-6.155148440205,6.));
#6135 = PCURVE('',#72,#6136);
#6136 = DEFINITIONAL_REPRESENTATION('',(#6137),#6153);
#6137 = B_SPLINE_CURVE_WITH_KNOTS('',3,(#6138,#6139,#6140,#6141,#6142,
    #6143,#6144,#6145,#6146,#6147,#6148,#6149,#6150,#6151,#6152),
  .UNSPECIFIED.,.F.,.F.,(4,1,1,1,1,1,1,1,1,1,1,1,4),(0.,0.12443872072,
    0.250991678229,0.379586472863,0.510216300037,0.642878959891,
    0.777573462559,0.914299277526,1.053056087294,1.193843686737,
    1.33666193564,1.481510733913,1.628390007606),.UNSPECIFIED.);
#6138 = CARTESIAN_POINT('',(-5.859558719488,-4.70945790858));
#6139 = CARTESIAN_POINT('',(-5.890380932878,-4.737416333219));
#6140 = CARTESIAN_POINT('',(-5.948477845337,-4.797685520717));
#6141 = CARTESIAN_POINT('',(-6.02657563431,-4.897481275212));
#6142 = CARTESIAN_POINT('',(-6.099581505705,-5.003391890604));
#6143 = CARTESIAN_POINT('',(-6.167730469593,-5.114911081557));
#6144 = CARTESIAN_POINT('',(-6.231526731334,-5.231273847656));
#6145 = CARTESIAN_POINT('',(-6.291165273893,-5.352088854997));
#6146 = CARTESIAN_POINT('',(-6.34679899703,-5.477020213187));
#6147 = CARTESIAN_POINT('',(-6.398516029532,-5.605811262749));
#6148 = CARTESIAN_POINT('',(-6.446372866177,-5.738244510348));
#6149 = CARTESIAN_POINT('',(-6.490400164624,-5.874134134533));
#6150 = CARTESIAN_POINT('',(-6.5306135876,-6.013312659266));
#6151 = CARTESIAN_POINT('',(-6.55470822473,-6.107541231062));
#6152 = CARTESIAN_POINT('',(-6.566136434696,-6.155148440205));
#6153 = ( GEOMETRIC_REPRESENTATION_CONTEXT(2) 
PARAMETRIC_REPRESENTATION_CONTEXT() REPRESENTATION_CONTEXT('2D SPACE',''
  ) );
#6154 = PCURVE('',#2788,#6155);
#6155 = DEFINITIONAL_REPRESENTATION('',(#6156),#6160);
#6156 = LINE('',#6157,#6158);
#6157 = CARTESIAN_POINT('',(0.,-6.));
#6158 = VECTOR('',#6159,1.);
#6159 = DIRECTION('',(1.,0.));
#6160 = ( GEOMETRIC_REPRESENTATION_CONTEXT(2) 
PARAMETRIC_REPRESENTATION_CONTEXT() REPRESENTATION_CONTEXT('2D SPACE',''
  ) );
#6161 = ORIENTED_EDGE('',*,*,#6162,.T.);
#6162 = EDGE_CURVE('',#6116,#6163,#6165,.T.);
#6163 = VERTEX_POINT('',#6164);
#6164 = CARTESIAN_POINT('',(-6.155148440205,-6.566136434696,6.));
#6165 = SURFACE_CURVE('',#6166,(#6171,#6178),.PCURVE_S1.);
#6166 = CIRCLE('',#6167,8.999999999998);
#6167 = AXIS2_PLACEMENT_3D('',#6168,#6169,#6170);
#6168 = CARTESIAN_POINT('',(-1.209699007632E-12,-1.207922650792E-12,6.)
  );
#6169 = DIRECTION('',(0.,0.,1.));
#6170 = DIRECTION('',(-0.729570714966,-0.683905382245,0.));
#6171 = PCURVE('',#72,#6172);
#6172 = DEFINITIONAL_REPRESENTATION('',(#6173),#6177);
#6173 = CIRCLE('',#6174,8.999999999998);
#6174 = AXIS2_PLACEMENT_2D('',#6175,#6176);
#6175 = CARTESIAN_POINT('',(-1.210534535189E-12,-1.206899393941E-12));
#6176 = DIRECTION('',(-0.729570714966,-0.683905382245));
#6177 = ( GEOMETRIC_REPRESENTATION_CONTEXT(2) 
PARAMETRIC_REPRESENTATION_CONTEXT() REPRESENTATION_CONTEXT('2D SPACE',''
  ) );
#6178 = PCURVE('',#2831,#6179);
#6179 = DEFINITIONAL_REPRESENTATION('',(#6180),#6184);
#6180 = LINE('',#6181,#6182);
#6181 = CARTESIAN_POINT('',(-0.,-6.));
#6182 = VECTOR('',#6183,1.);
#6183 = DIRECTION('',(-1.,0.));
#6184 = ( GEOMETRIC_REPRESENTATION_CONTEXT(2) 
PARAMETRIC_REPRESENTATION_CONTEXT() REPRESENTATION_CONTEXT('2D SPACE',''
  ) );
#6185 = ORIENTED_EDGE('',*,*,#6186,.T.);
#6186 = EDGE_CURVE('',#6163,#6187,#6189,.T.);
#6187 = VERTEX_POINT('',#6188);
#6188 = CARTESIAN_POINT('',(-4.70945790858,-5.859558719488,6.));
#6189 = SURFACE_CURVE('',#6190,(#6206,#6225),.PCURVE_S1.);
#6190 = B_SPLINE_CURVE_WITH_KNOTS('',3,(#6191,#6192,#6193,#6194,#6195,
    #6196,#6197,#6198,#6199,#6200,#6201,#6202,#6203,#6204,#6205),
  .UNSPECIFIED.,.F.,.F.,(4,1,1,1,1,1,1,1,1,1,1,1,4),(0.,0.146879273693,
    0.291728071966,0.434546320869,0.575333920312,0.71409073008,
    0.850816545047,0.985511047715,1.118173707569,1.248803534744,
    1.377398329377,1.503951286886,1.628390007606),.UNSPECIFIED.);
#6191 = CARTESIAN_POINT('',(-6.155148440205,-6.566136434696,6.));
#6192 = CARTESIAN_POINT('',(-6.107541231062,-6.55470822473,6.));
#6193 = CARTESIAN_POINT('',(-6.013312659266,-6.5306135876,6.));
#6194 = CARTESIAN_POINT('',(-5.874134134533,-6.490400164624,6.));
#6195 = CARTESIAN_POINT('',(-5.738244510348,-6.446372866177,6.));
#6196 = CARTESIAN_POINT('',(-5.605811262749,-6.398516029532,6.));
#6197 = CARTESIAN_POINT('',(-5.477020213187,-6.34679899703,6.));
#6198 = CARTESIAN_POINT('',(-5.352088854997,-6.291165273893,6.));
#6199 = CARTESIAN_POINT('',(-5.231273847656,-6.231526731334,6.));
#6200 = CARTESIAN_POINT('',(-5.114911081557,-6.167730469593,6.));
#6201 = CARTESIAN_POINT('',(-5.003391890604,-6.099581505705,6.));
#6202 = CARTESIAN_POINT('',(-4.897481275212,-6.02657563431,6.));
#6203 = CARTESIAN_POINT('',(-4.797685520717,-5.948477845337,6.));
#6204 = CARTESIAN_POINT('',(-4.737416333219,-5.890380932878,6.));
#6205 = CARTESIAN_POINT('',(-4.70945790858,-5.859558719488,6.));
#6206 = PCURVE('',#72,#6207);
#6207 = DEFINITIONAL_REPRESENTATION('',(#6208),#6224);
#6208 = B_SPLINE_CURVE_WITH_KNOTS('',3,(#6209,#6210,#6211,#6212,#6213,
    #6214,#6215,#6216,#6217,#6218,#6219,#6220,#6221,#6222,#6223),
  .UNSPECIFIED.,.F.,.F.,(4,1,1,1,1,1,1,1,1,1,1,1,4),(0.,0.146879273693,
    0.291728071966,0.434546320869,0.575333920312,0.71409073008,
    0.850816545047,0.985511047715,1.118173707569,1.248803534744,
    1.377398329377,1.503951286886,1.628390007606),.UNSPECIFIED.);
#6209 = CARTESIAN_POINT('',(-6.155148440205,-6.566136434696));
#6210 = CARTESIAN_POINT('',(-6.107541231062,-6.55470822473));
#6211 = CARTESIAN_POINT('',(-6.013312659266,-6.5306135876));
#6212 = CARTESIAN_POINT('',(-5.874134134533,-6.490400164624));
#6213 = CARTESIAN_POINT('',(-5.738244510348,-6.446372866177));
#6214 = CARTESIAN_POINT('',(-5.605811262749,-6.398516029532));
#6215 = CARTESIAN_POINT('',(-5.477020213187,-6.34679899703));
#6216 = CARTESIAN_POINT('',(-5.352088854997,-6.291165273893));
#6217 = CARTESIAN_POINT('',(-5.231273847656,-6.231526731334));
#6218 = CARTESIAN_POINT('',(-5.114911081557,-6.167730469593));
#6219 = CARTESIAN_POINT('',(-5.003391890604,-6.099581505705));
#6220 = CARTESIAN_POINT('',(-4.897481275212,-6.02657563431));
#6221 = CARTESIAN_POINT('',(-4.797685520717,-5.948477845337));
#6222 = CARTESIAN_POINT('',(-4.737416333219,-5.890380932878));
#6223 = CARTESIAN_POINT('',(-4.70945790858,-5.859558719488));
#6224 = ( GEOMETRIC_REPRESENTATION_CONTEXT(2) 
PARAMETRIC_REPRESENTATION_CONTEXT() REPRESENTATION_CONTEXT('2D SPACE',''
  ) );
#6225 = PCURVE('',#2883,#6226);
#6226 = DEFINITIONAL_REPRESENTATION('',(#6227),#6231);
#6227 = LINE('',#6228,#6229);
#6228 = CARTESIAN_POINT('',(0.,-6.));
#6229 = VECTOR('',#6230,1.);
#6230 = DIRECTION('',(1.,0.));
#6231 = ( GEOMETRIC_REPRESENTATION_CONTEXT(2) 
PARAMETRIC_REPRESENTATION_CONTEXT() REPRESENTATION_CONTEXT('2D SPACE',''
  ) );
#6232 = ORIENTED_EDGE('',*,*,#6233,.T.);
#6233 = EDGE_CURVE('',#6187,#6234,#6236,.T.);
#6234 = VERTEX_POINT('',#6235);
#6235 = CARTESIAN_POINT('',(-4.228622235046,-5.261297748015,6.));
#6236 = SURFACE_CURVE('',#6237,(#6241,#6248),.PCURVE_S1.);
#6237 = LINE('',#6238,#6239);
#6238 = CARTESIAN_POINT('',(-4.70945790858,-5.859558719488,6.));
#6239 = VECTOR('',#6240,1.);
#6240 = DIRECTION('',(0.62646255334,0.779451518225,0.));
#6241 = PCURVE('',#72,#6242);
#6242 = DEFINITIONAL_REPRESENTATION('',(#6243),#6247);
#6243 = LINE('',#6244,#6245);
#6244 = CARTESIAN_POINT('',(-4.70945790858,-5.859558719488));
#6245 = VECTOR('',#6246,1.);
#6246 = DIRECTION('',(0.62646255334,0.779451518225));
#6247 = ( GEOMETRIC_REPRESENTATION_CONTEXT(2) 
PARAMETRIC_REPRESENTATION_CONTEXT() REPRESENTATION_CONTEXT('2D SPACE',''
  ) );
#6248 = PCURVE('',#2925,#6249);
#6249 = DEFINITIONAL_REPRESENTATION('',(#6250),#6254);
#6250 = LINE('',#6251,#6252);
#6251 = CARTESIAN_POINT('',(0.,-6.));
#6252 = VECTOR('',#6253,1.);
#6253 = DIRECTION('',(1.,0.));
#6254 = ( GEOMETRIC_REPRESENTATION_CONTEXT(2) 
PARAMETRIC_REPRESENTATION_CONTEXT() REPRESENTATION_CONTEXT('2D SPACE',''
  ) );
#6255 = ORIENTED_EDGE('',*,*,#6256,.T.);
#6256 = EDGE_CURVE('',#6234,#6257,#6259,.T.);
#6257 = VERTEX_POINT('',#6258);
#6258 = CARTESIAN_POINT('',(-3.242581632756,-5.920149014587,6.));
#6259 = SURFACE_CURVE('',#6260,(#6265,#6272),.PCURVE_S1.);
#6260 = CIRCLE('',#6261,6.75);
#6261 = AXIS2_PLACEMENT_3D('',#6262,#6263,#6264);
#6262 = CARTESIAN_POINT('',(-7.460698725481E-14,-1.088018564133E-13,6.)
  );
#6263 = DIRECTION('',(0.,0.,1.));
#6264 = DIRECTION('',(-0.62646255334,-0.779451518225,0.));
#6265 = PCURVE('',#72,#6266);
#6266 = DEFINITIONAL_REPRESENTATION('',(#6267),#6271);
#6267 = CIRCLE('',#6268,6.75);
#6268 = AXIS2_PLACEMENT_2D('',#6269,#6270);
#6269 = CARTESIAN_POINT('',(-7.544251481248E-14,-1.077785995626E-13));
#6270 = DIRECTION('',(-0.62646255334,-0.779451518225));
#6271 = ( GEOMETRIC_REPRESENTATION_CONTEXT(2) 
PARAMETRIC_REPRESENTATION_CONTEXT() REPRESENTATION_CONTEXT('2D SPACE',''
  ) );
#6272 = PCURVE('',#2954,#6273);
#6273 = DEFINITIONAL_REPRESENTATION('',(#6274),#6278);
#6274 = LINE('',#6275,#6276);
#6275 = CARTESIAN_POINT('',(-0.,-6.));
#6276 = VECTOR('',#6277,1.);
#6277 = DIRECTION('',(-1.,0.));
#6278 = ( GEOMETRIC_REPRESENTATION_CONTEXT(2) 
PARAMETRIC_REPRESENTATION_CONTEXT() REPRESENTATION_CONTEXT('2D SPACE',''
  ) );
#6279 = ORIENTED_EDGE('',*,*,#6280,.T.);
#6280 = EDGE_CURVE('',#6257,#6281,#6283,.T.);
#6281 = VERTEX_POINT('',#6282);
#6282 = CARTESIAN_POINT('',(-3.611294853448,-6.593327813879,6.));
#6283 = SURFACE_CURVE('',#6284,(#6288,#6295),.PCURVE_S1.);
#6284 = LINE('',#6285,#6286);
#6285 = CARTESIAN_POINT('',(-3.242581632756,-5.920149014587,6.));
#6286 = VECTOR('',#6287,1.);
#6287 = DIRECTION('',(-0.480382464112,-0.877059113272,0.));
#6288 = PCURVE('',#72,#6289);
#6289 = DEFINITIONAL_REPRESENTATION('',(#6290),#6294);
#6290 = LINE('',#6291,#6292);
#6291 = CARTESIAN_POINT('',(-3.242581632756,-5.920149014587));
#6292 = VECTOR('',#6293,1.);
#6293 = DIRECTION('',(-0.480382464112,-0.877059113272));
#6294 = ( GEOMETRIC_REPRESENTATION_CONTEXT(2) 
PARAMETRIC_REPRESENTATION_CONTEXT() REPRESENTATION_CONTEXT('2D SPACE',''
  ) );
#6295 = PCURVE('',#2982,#6296);
#6296 = DEFINITIONAL_REPRESENTATION('',(#6297),#6301);
#6297 = LINE('',#6298,#6299);
#6298 = CARTESIAN_POINT('',(0.,-6.));
#6299 = VECTOR('',#6300,1.);
#6300 = DIRECTION('',(1.,0.));
#6301 = ( GEOMETRIC_REPRESENTATION_CONTEXT(2) 
PARAMETRIC_REPRESENTATION_CONTEXT() REPRESENTATION_CONTEXT('2D SPACE',''
  ) );
#6302 = ORIENTED_EDGE('',*,*,#6303,.T.);
#6303 = EDGE_CURVE('',#6281,#6304,#6306,.T.);
#6304 = VERTEX_POINT('',#6305);
#6305 = CARTESIAN_POINT('',(-3.710845727878,-8.199367291681,6.));
#6306 = SURFACE_CURVE('',#6307,(#6323,#6342),.PCURVE_S1.);
#6307 = B_SPLINE_CURVE_WITH_KNOTS('',3,(#6308,#6309,#6310,#6311,#6312,
    #6313,#6314,#6315,#6316,#6317,#6318,#6319,#6320,#6321,#6322),
  .UNSPECIFIED.,.F.,.F.,(4,1,1,1,1,1,1,1,1,1,1,1,4),(0.,0.12443872072,
    0.250991678229,0.379586472863,0.510216300037,0.642878959891,
    0.777573462559,0.914299277526,1.053056087294,1.193843686737,
    1.33666193564,1.481510733913,1.628390007606),.UNSPECIFIED.);
#6308 = CARTESIAN_POINT('',(-3.611294853448,-6.593327813879,6.));
#6309 = CARTESIAN_POINT('',(-3.629071639642,-6.630953180577,6.));
#6310 = CARTESIAN_POINT('',(-3.659682168427,-6.708867375217,6.));
#6311 = CARTESIAN_POINT('',(-3.693644935328,-6.830953360171,6.));
#6312 = CARTESIAN_POINT('',(-3.720563327842,-6.956740147456,6.));
#6313 = CARTESIAN_POINT('',(-3.740848213971,-7.085849924872,6.));
#6314 = CARTESIAN_POINT('',(-3.755258171713,-7.217768875232,6.));
#6315 = CARTESIAN_POINT('',(-3.764123098842,-7.352210069903,6.));
#6316 = CARTESIAN_POINT('',(-3.767712796004,-7.488921698829,6.));
#6317 = CARTESIAN_POINT('',(-3.76620690291,-7.627700364999,6.));
#6318 = CARTESIAN_POINT('',(-3.759740845027,-7.76836675039,6.));
#6319 = CARTESIAN_POINT('',(-3.748414057127,-7.910760910542,6.));
#6320 = CARTESIAN_POINT('',(-3.732305099991,-8.05473411164,6.));
#6321 = CARTESIAN_POINT('',(-3.718505928797,-8.151010578938,6.));
#6322 = CARTESIAN_POINT('',(-3.710845727878,-8.199367291681,6.));
#6323 = PCURVE('',#72,#6324);
#6324 = DEFINITIONAL_REPRESENTATION('',(#6325),#6341);
#6325 = B_SPLINE_CURVE_WITH_KNOTS('',3,(#6326,#6327,#6328,#6329,#6330,
    #6331,#6332,#6333,#6334,#6335,#6336,#6337,#6338,#6339,#6340),
  .UNSPECIFIED.,.F.,.F.,(4,1,1,1,1,1,1,1,1,1,1,1,4),(0.,0.12443872072,
    0.250991678229,0.379586472863,0.510216300037,0.642878959891,
    0.777573462559,0.914299277526,1.053056087294,1.193843686737,
    1.33666193564,1.481510733913,1.628390007606),.UNSPECIFIED.);
#6326 = CARTESIAN_POINT('',(-3.611294853448,-6.593327813879));
#6327 = CARTESIAN_POINT('',(-3.629071639642,-6.630953180577));
#6328 = CARTESIAN_POINT('',(-3.659682168427,-6.708867375217));
#6329 = CARTESIAN_POINT('',(-3.693644935328,-6.830953360171));
#6330 = CARTESIAN_POINT('',(-3.720563327842,-6.956740147456));
#6331 = CARTESIAN_POINT('',(-3.740848213971,-7.085849924872));
#6332 = CARTESIAN_POINT('',(-3.755258171713,-7.217768875232));
#6333 = CARTESIAN_POINT('',(-3.764123098842,-7.352210069903));
#6334 = CARTESIAN_POINT('',(-3.767712796004,-7.488921698829));
#6335 = CARTESIAN_POINT('',(-3.76620690291,-7.627700364999));
#6336 = CARTESIAN_POINT('',(-3.759740845027,-7.76836675039));
#6337 = CARTESIAN_POINT('',(-3.748414057127,-7.910760910542));
#6338 = CARTESIAN_POINT('',(-3.732305099991,-8.05473411164));
#6339 = CARTESIAN_POINT('',(-3.718505928797,-8.151010578938));
#6340 = CARTESIAN_POINT('',(-3.710845727878,-8.199367291681));
#6341 = ( GEOMETRIC_REPRESENTATION_CONTEXT(2) 
PARAMETRIC_REPRESENTATION_CONTEXT() REPRESENTATION_CONTEXT('2D SPACE',''
  ) );
#6342 = PCURVE('',#3034,#6343);
#6343 = DEFINITIONAL_REPRESENTATION('',(#6344),#6348);
#6344 = LINE('',#6345,#6346);
#6345 = CARTESIAN_POINT('',(0.,-6.));
#6346 = VECTOR('',#6347,1.);
#6347 = DIRECTION('',(1.,0.));
#6348 = ( GEOMETRIC_REPRESENTATION_CONTEXT(2) 
PARAMETRIC_REPRESENTATION_CONTEXT() REPRESENTATION_CONTEXT('2D SPACE',''
  ) );
#6349 = ORIENTED_EDGE('',*,*,#6350,.T.);
#6350 = EDGE_CURVE('',#6304,#6351,#6353,.T.);
#6351 = VERTEX_POINT('',#6352);
#6352 = CARTESIAN_POINT('',(-3.173864035268,-8.421792391506,6.));
#6353 = SURFACE_CURVE('',#6354,(#6359,#6366),.PCURVE_S1.);
#6354 = CIRCLE('',#6355,9.000000000002);
#6355 = AXIS2_PLACEMENT_3D('',#6356,#6357,#6358);
#6356 = CARTESIAN_POINT('',(8.872902412804E-13,2.137845456218E-12,6.));
#6357 = DIRECTION('',(0.,0.,1.));
#6358 = DIRECTION('',(-0.412316191986,-0.911040810187,0.));
#6359 = PCURVE('',#72,#6360);
#6360 = DEFINITIONAL_REPRESENTATION('',(#6361),#6365);
#6361 = CIRCLE('',#6362,9.000000000002);
#6362 = AXIS2_PLACEMENT_2D('',#6363,#6364);
#6363 = CARTESIAN_POINT('',(8.864547137228E-13,2.138868713069E-12));
#6364 = DIRECTION('',(-0.412316191986,-0.911040810187));
#6365 = ( GEOMETRIC_REPRESENTATION_CONTEXT(2) 
PARAMETRIC_REPRESENTATION_CONTEXT() REPRESENTATION_CONTEXT('2D SPACE',''
  ) );
#6366 = PCURVE('',#3077,#6367);
#6367 = DEFINITIONAL_REPRESENTATION('',(#6368),#6372);
#6368 = LINE('',#6369,#6370);
#6369 = CARTESIAN_POINT('',(-0.,-6.));
#6370 = VECTOR('',#6371,1.);
#6371 = DIRECTION('',(-1.,0.));
#6372 = ( GEOMETRIC_REPRESENTATION_CONTEXT(2) 
PARAMETRIC_REPRESENTATION_CONTEXT() REPRESENTATION_CONTEXT('2D SPACE',''
  ) );
#6373 = ORIENTED_EDGE('',*,*,#6374,.T.);
#6374 = EDGE_CURVE('',#6351,#6375,#6377,.T.);
#6375 = VERTEX_POINT('',#6376);
#6376 = CARTESIAN_POINT('',(-2.108615728042,-7.215757887517,6.));
#6377 = SURFACE_CURVE('',#6378,(#6394,#6413),.PCURVE_S1.);
#6378 = B_SPLINE_CURVE_WITH_KNOTS('',3,(#6379,#6380,#6381,#6382,#6383,
    #6384,#6385,#6386,#6387,#6388,#6389,#6390,#6391,#6392,#6393),
  .UNSPECIFIED.,.F.,.F.,(4,1,1,1,1,1,1,1,1,1,1,1,4),(0.,0.146879273693,
    0.291728071966,0.434546320869,0.575333920312,0.71409073008,
    0.850816545047,0.985511047715,1.118173707569,1.248803534744,
    1.377398329377,1.503951286886,1.628390007606),.UNSPECIFIED.);
#6379 = CARTESIAN_POINT('',(-3.173864035268,-8.421792391506,6.));
#6380 = CARTESIAN_POINT('',(-3.134254095756,-8.393015612025,6.));
#6381 = CARTESIAN_POINT('',(-3.056418865334,-8.334695356656,6.));
#6382 = CARTESIAN_POINT('',(-2.9432236857,-8.24428168268,6.));
#6383 = CARTESIAN_POINT('',(-2.834526560922,-8.151603054968,6.));
#6384 = CARTESIAN_POINT('',(-2.730488212551,-8.05670909335,6.));
#6385 = CARTESIAN_POINT('',(-2.631292049399,-7.959642584635,6.));
#6386 = CARTESIAN_POINT('',(-2.537160628724,-7.860434565549,6.));
#6387 = CARTESIAN_POINT('',(-2.448364798389,-7.759101835039,6.));
#6388 = CARTESIAN_POINT('',(-2.365273392859,-7.655631671836,6.));
#6389 = CARTESIAN_POINT('',(-2.288322574268,-7.549993692169,6.));
#6390 = CARTESIAN_POINT('',(-2.21841206188,-7.442014824012,6.));
#6391 = CARTESIAN_POINT('',(-2.156099536815,-7.33167169338,6.));
#6392 = CARTESIAN_POINT('',(-2.122650793914,-7.254933125519,6.));
#6393 = CARTESIAN_POINT('',(-2.108615728042,-7.215757887517,6.));
#6394 = PCURVE('',#72,#6395);
#6395 = DEFINITIONAL_REPRESENTATION('',(#6396),#6412);
#6396 = B_SPLINE_CURVE_WITH_KNOTS('',3,(#6397,#6398,#6399,#6400,#6401,
    #6402,#6403,#6404,#6405,#6406,#6407,#6408,#6409,#6410,#6411),
  .UNSPECIFIED.,.F.,.F.,(4,1,1,1,1,1,1,1,1,1,1,1,4),(0.,0.146879273693,
    0.291728071966,0.434546320869,0.575333920312,0.71409073008,
    0.850816545047,0.985511047715,1.118173707569,1.248803534744,
    1.377398329377,1.503951286886,1.628390007606),.UNSPECIFIED.);
#6397 = CARTESIAN_POINT('',(-3.173864035268,-8.421792391506));
#6398 = CARTESIAN_POINT('',(-3.134254095756,-8.393015612025));
#6399 = CARTESIAN_POINT('',(-3.056418865334,-8.334695356656));
#6400 = CARTESIAN_POINT('',(-2.9432236857,-8.24428168268));
#6401 = CARTESIAN_POINT('',(-2.834526560922,-8.151603054968));
#6402 = CARTESIAN_POINT('',(-2.730488212551,-8.05670909335));
#6403 = CARTESIAN_POINT('',(-2.631292049399,-7.959642584635));
#6404 = CARTESIAN_POINT('',(-2.537160628724,-7.860434565549));
#6405 = CARTESIAN_POINT('',(-2.448364798389,-7.759101835039));
#6406 = CARTESIAN_POINT('',(-2.365273392859,-7.655631671836));
#6407 = CARTESIAN_POINT('',(-2.288322574268,-7.549993692169));
#6408 = CARTESIAN_POINT('',(-2.21841206188,-7.442014824012));
#6409 = CARTESIAN_POINT('',(-2.156099536815,-7.33167169338));
#6410 = CARTESIAN_POINT('',(-2.122650793914,-7.254933125519));
#6411 = CARTESIAN_POINT('',(-2.108615728042,-7.215757887517));
#6412 = ( GEOMETRIC_REPRESENTATION_CONTEXT(2) 
PARAMETRIC_REPRESENTATION_CONTEXT() REPRESENTATION_CONTEXT('2D SPACE',''
  ) );
#6413 = PCURVE('',#3129,#6414);
#6414 = DEFINITIONAL_REPRESENTATION('',(#6415),#6419);
#6415 = LINE('',#6416,#6417);
#6416 = CARTESIAN_POINT('',(0.,-6.));
#6417 = VECTOR('',#6418,1.);
#6418 = DIRECTION('',(1.,0.));
#6419 = ( GEOMETRIC_REPRESENTATION_CONTEXT(2) 
PARAMETRIC_REPRESENTATION_CONTEXT() REPRESENTATION_CONTEXT('2D SPACE',''
  ) );
#6420 = ORIENTED_EDGE('',*,*,#6421,.T.);
#6421 = EDGE_CURVE('',#6375,#6422,#6424,.T.);
#6422 = VERTEX_POINT('',#6423);
#6423 = CARTESIAN_POINT('',(-1.893326052776,-6.479028974922,6.));
#6424 = SURFACE_CURVE('',#6425,(#6429,#6436),.PCURVE_S1.);
#6425 = LINE('',#6426,#6427);
#6426 = CARTESIAN_POINT('',(-2.108615728042,-7.215757887517,6.));
#6427 = VECTOR('',#6428,1.);
#6428 = DIRECTION('',(0.280492748559,0.959856144433,0.));
#6429 = PCURVE('',#72,#6430);
#6430 = DEFINITIONAL_REPRESENTATION('',(#6431),#6435);
#6431 = LINE('',#6432,#6433);
#6432 = CARTESIAN_POINT('',(-2.108615728042,-7.215757887517));
#6433 = VECTOR('',#6434,1.);
#6434 = DIRECTION('',(0.280492748559,0.959856144433));
#6435 = ( GEOMETRIC_REPRESENTATION_CONTEXT(2) 
PARAMETRIC_REPRESENTATION_CONTEXT() REPRESENTATION_CONTEXT('2D SPACE',''
  ) );
#6436 = PCURVE('',#3171,#6437);
#6437 = DEFINITIONAL_REPRESENTATION('',(#6438),#6442);
#6438 = LINE('',#6439,#6440);
#6439 = CARTESIAN_POINT('',(0.,-6.));
#6440 = VECTOR('',#6441,1.);
#6441 = DIRECTION('',(1.,0.));
#6442 = ( GEOMETRIC_REPRESENTATION_CONTEXT(2) 
PARAMETRIC_REPRESENTATION_CONTEXT() REPRESENTATION_CONTEXT('2D SPACE',''
  ) );
#6443 = ORIENTED_EDGE('',*,*,#6444,.T.);
#6444 = EDGE_CURVE('',#6422,#6445,#6447,.T.);
#6445 = VERTEX_POINT('',#6446);
#6446 = CARTESIAN_POINT('',(-0.730211857986,-6.710386772941,6.));
#6447 = SURFACE_CURVE('',#6448,(#6453,#6460),.PCURVE_S1.);
#6448 = CIRCLE('',#6449,6.75);
#6449 = AXIS2_PLACEMENT_3D('',#6450,#6451,#6452);
#6450 = CARTESIAN_POINT('',(3.330669073875E-15,-1.7763568394E-15,6.));
#6451 = DIRECTION('',(0.,0.,1.));
#6452 = DIRECTION('',(-0.280492748559,-0.959856144433,0.));
#6453 = PCURVE('',#72,#6454);
#6454 = DEFINITIONAL_REPRESENTATION('',(#6455),#6459);
#6455 = CIRCLE('',#6456,6.75);
#6456 = AXIS2_PLACEMENT_2D('',#6457,#6458);
#6457 = CARTESIAN_POINT('',(2.49514151621E-15,-7.530999887156E-16));
#6458 = DIRECTION('',(-0.280492748559,-0.959856144433));
#6459 = ( GEOMETRIC_REPRESENTATION_CONTEXT(2) 
PARAMETRIC_REPRESENTATION_CONTEXT() REPRESENTATION_CONTEXT('2D SPACE',''
  ) );
#6460 = PCURVE('',#3200,#6461);
#6461 = DEFINITIONAL_REPRESENTATION('',(#6462),#6466);
#6462 = LINE('',#6463,#6464);
#6463 = CARTESIAN_POINT('',(-0.,-6.));
#6464 = VECTOR('',#6465,1.);
#6465 = DIRECTION('',(-1.,0.));
#6466 = ( GEOMETRIC_REPRESENTATION_CONTEXT(2) 
PARAMETRIC_REPRESENTATION_CONTEXT() REPRESENTATION_CONTEXT('2D SPACE',''
  ) );
#6467 = ORIENTED_EDGE('',*,*,#6468,.T.);
#6468 = EDGE_CURVE('',#6445,#6469,#6471,.T.);
#6469 = VERTEX_POINT('',#6470);
#6470 = CARTESIAN_POINT('',(-0.813244082441,-7.47342332818,6.));
#6471 = SURFACE_CURVE('',#6472,(#6476,#6483),.PCURVE_S1.);
#6472 = LINE('',#6473,#6474);
#6473 = CARTESIAN_POINT('',(-0.730211857986,-6.710386772941,6.));
#6474 = VECTOR('',#6475,1.);
#6475 = DIRECTION('',(-0.108179534516,-0.994131373769,0.));
#6476 = PCURVE('',#72,#6477);
#6477 = DEFINITIONAL_REPRESENTATION('',(#6478),#6482);
#6478 = LINE('',#6479,#6480);
#6479 = CARTESIAN_POINT('',(-0.730211857986,-6.710386772941));
#6480 = VECTOR('',#6481,1.);
#6481 = DIRECTION('',(-0.108179534516,-0.994131373769));
#6482 = ( GEOMETRIC_REPRESENTATION_CONTEXT(2) 
PARAMETRIC_REPRESENTATION_CONTEXT() REPRESENTATION_CONTEXT('2D SPACE',''
  ) );
#6483 = PCURVE('',#3228,#6484);
#6484 = DEFINITIONAL_REPRESENTATION('',(#6485),#6489);
#6485 = LINE('',#6486,#6487);
#6486 = CARTESIAN_POINT('',(0.,-6.));
#6487 = VECTOR('',#6488,1.);
#6488 = DIRECTION('',(1.,0.));
#6489 = ( GEOMETRIC_REPRESENTATION_CONTEXT(2) 
PARAMETRIC_REPRESENTATION_CONTEXT() REPRESENTATION_CONTEXT('2D SPACE',''
  ) );
#6490 = ORIENTED_EDGE('',*,*,#6491,.T.);
#6491 = EDGE_CURVE('',#6469,#6492,#6494,.T.);
#6492 = VERTEX_POINT('',#6493);
#6493 = CARTESIAN_POINT('',(-0.29061239789,-8.995306800448,6.));
#6494 = SURFACE_CURVE('',#6495,(#6511,#6530),.PCURVE_S1.);
#6495 = B_SPLINE_CURVE_WITH_KNOTS('',3,(#6496,#6497,#6498,#6499,#6500,
    #6501,#6502,#6503,#6504,#6505,#6506,#6507,#6508,#6509,#6510),
  .UNSPECIFIED.,.F.,.F.,(4,1,1,1,1,1,1,1,1,1,1,1,4),(0.,0.12443872072,
    0.250991678229,0.379586472863,0.510216300037,0.642878959891,
    0.777573462559,0.914299277526,1.053056087294,1.193843686737,
    1.33666193564,1.481510733913,1.628390007606),.UNSPECIFIED.);
#6496 = CARTESIAN_POINT('',(-0.813244082441,-7.47342332818,6.));
#6497 = CARTESIAN_POINT('',(-0.815269086887,-7.514987515933,6.));
#6498 = CARTESIAN_POINT('',(-0.813733056476,-7.598684987875,6.));
#6499 = CARTESIAN_POINT('',(-0.798390277918,-7.72447471879,6.));
#6500 = CARTESIAN_POINT('',(-0.775123110305,-7.850987779864,6.));
#6501 = CARTESIAN_POINT('',(-0.744455728645,-7.978032350515,6.));
#6502 = CARTESIAN_POINT('',(-0.70728559695,-8.105424020793,6.));
#6503 = CARTESIAN_POINT('',(-0.664027303853,-8.233023949617,6.));
#6504 = CARTESIAN_POINT('',(-0.615026476188,-8.360702743068,6.));
#6505 = CARTESIAN_POINT('',(-0.560526916071,-8.488341231955,6.));
#6506 = CARTESIAN_POINT('',(-0.500722362357,-8.615825573105,6.));
#6507 = CARTESIAN_POINT('',(-0.435765888892,-8.743046049147,6.));
#6508 = CARTESIAN_POINT('',(-0.365786994339,-8.869895311863,6.));
#6509 = CARTESIAN_POINT('',(-0.316194813545,-8.953562455266,6.));
#6510 = CARTESIAN_POINT('',(-0.29061239789,-8.995306800448,6.));
#6511 = PCURVE('',#72,#6512);
#6512 = DEFINITIONAL_REPRESENTATION('',(#6513),#6529);
#6513 = B_SPLINE_CURVE_WITH_KNOTS('',3,(#6514,#6515,#6516,#6517,#6518,
    #6519,#6520,#6521,#6522,#6523,#6524,#6525,#6526,#6527,#6528),
  .UNSPECIFIED.,.F.,.F.,(4,1,1,1,1,1,1,1,1,1,1,1,4),(0.,0.12443872072,
    0.250991678229,0.379586472863,0.510216300037,0.642878959891,
    0.777573462559,0.914299277526,1.053056087294,1.193843686737,
    1.33666193564,1.481510733913,1.628390007606),.UNSPECIFIED.);
#6514 = CARTESIAN_POINT('',(-0.813244082441,-7.47342332818));
#6515 = CARTESIAN_POINT('',(-0.815269086887,-7.514987515933));
#6516 = CARTESIAN_POINT('',(-0.813733056476,-7.598684987875));
#6517 = CARTESIAN_POINT('',(-0.798390277918,-7.72447471879));
#6518 = CARTESIAN_POINT('',(-0.775123110305,-7.850987779864));
#6519 = CARTESIAN_POINT('',(-0.744455728645,-7.978032350515));
#6520 = CARTESIAN_POINT('',(-0.70728559695,-8.105424020793));
#6521 = CARTESIAN_POINT('',(-0.664027303853,-8.233023949617));
#6522 = CARTESIAN_POINT('',(-0.615026476188,-8.360702743068));
#6523 = CARTESIAN_POINT('',(-0.560526916071,-8.488341231955));
#6524 = CARTESIAN_POINT('',(-0.500722362357,-8.615825573105));
#6525 = CARTESIAN_POINT('',(-0.435765888892,-8.743046049147));
#6526 = CARTESIAN_POINT('',(-0.365786994339,-8.869895311863));
#6527 = CARTESIAN_POINT('',(-0.316194813545,-8.953562455266));
#6528 = CARTESIAN_POINT('',(-0.29061239789,-8.995306800448));
#6529 = ( GEOMETRIC_REPRESENTATION_CONTEXT(2) 
PARAMETRIC_REPRESENTATION_CONTEXT() REPRESENTATION_CONTEXT('2D SPACE',''
  ) );
#6530 = PCURVE('',#3280,#6531);
#6531 = DEFINITIONAL_REPRESENTATION('',(#6532),#6536);
#6532 = LINE('',#6533,#6534);
#6533 = CARTESIAN_POINT('',(0.,-6.));
#6534 = VECTOR('',#6535,1.);
#6535 = DIRECTION('',(1.,0.));
#6536 = ( GEOMETRIC_REPRESENTATION_CONTEXT(2) 
PARAMETRIC_REPRESENTATION_CONTEXT() REPRESENTATION_CONTEXT('2D SPACE',''
  ) );
#6537 = ORIENTED_EDGE('',*,*,#6538,.T.);
#6538 = EDGE_CURVE('',#6492,#6539,#6541,.T.);
#6539 = VERTEX_POINT('',#6540);
#6540 = CARTESIAN_POINT('',(0.29061239789,-8.995306800448,6.));
#6541 = SURFACE_CURVE('',#6542,(#6547,#6554),.PCURVE_S1.);
#6542 = CIRCLE('',#6543,9.000000000001);
#6543 = AXIS2_PLACEMENT_3D('',#6544,#6545,#6546);
#6544 = CARTESIAN_POINT('',(-1.665334536938E-15,8.206768598029E-13,6.));
#6545 = DIRECTION('',(0.,0.,1.));
#6546 = DIRECTION('',(-3.229026643226E-02,-0.999478533383,0.));
#6547 = PCURVE('',#72,#6548);
#6548 = DEFINITIONAL_REPRESENTATION('',(#6549),#6553);
#6549 = CIRCLE('',#6550,9.000000000001);
#6550 = AXIS2_PLACEMENT_2D('',#6551,#6552);
#6551 = CARTESIAN_POINT('',(-2.500862094603E-15,8.217001166536E-13));
#6552 = DIRECTION('',(-3.229026643226E-02,-0.999478533383));
#6553 = ( GEOMETRIC_REPRESENTATION_CONTEXT(2) 
PARAMETRIC_REPRESENTATION_CONTEXT() REPRESENTATION_CONTEXT('2D SPACE',''
  ) );
#6554 = PCURVE('',#3323,#6555);
#6555 = DEFINITIONAL_REPRESENTATION('',(#6556),#6560);
#6556 = LINE('',#6557,#6558);
#6557 = CARTESIAN_POINT('',(-0.,-6.));
#6558 = VECTOR('',#6559,1.);
#6559 = DIRECTION('',(-1.,0.));
#6560 = ( GEOMETRIC_REPRESENTATION_CONTEXT(2) 
PARAMETRIC_REPRESENTATION_CONTEXT() REPRESENTATION_CONTEXT('2D SPACE',''
  ) );
#6561 = ORIENTED_EDGE('',*,*,#6562,.T.);
#6562 = EDGE_CURVE('',#6539,#6563,#6565,.T.);
#6563 = VERTEX_POINT('',#6564);
#6564 = CARTESIAN_POINT('',(0.813244082441,-7.47342332818,6.));
#6565 = SURFACE_CURVE('',#6566,(#6582,#6601),.PCURVE_S1.);
#6566 = B_SPLINE_CURVE_WITH_KNOTS('',3,(#6567,#6568,#6569,#6570,#6571,
    #6572,#6573,#6574,#6575,#6576,#6577,#6578,#6579,#6580,#6581),
  .UNSPECIFIED.,.F.,.F.,(4,1,1,1,1,1,1,1,1,1,1,1,4),(0.,0.146879273693,
    0.291728071966,0.434546320869,0.575333920312,0.71409073008,
    0.850816545047,0.985511047715,1.118173707569,1.248803534744,
    1.377398329377,1.503951286886,1.628390007606),.UNSPECIFIED.);
#6567 = CARTESIAN_POINT('',(0.29061239789,-8.995306800448,6.));
#6568 = CARTESIAN_POINT('',(0.316194813545,-8.953562455266,6.));
#6569 = CARTESIAN_POINT('',(0.365786994339,-8.869895311863,6.));
#6570 = CARTESIAN_POINT('',(0.435765888892,-8.743046049147,6.));
#6571 = CARTESIAN_POINT('',(0.500722362357,-8.615825573105,6.));
#6572 = CARTESIAN_POINT('',(0.560526916071,-8.488341231955,6.));
#6573 = CARTESIAN_POINT('',(0.615026476188,-8.360702743068,6.));
#6574 = CARTESIAN_POINT('',(0.664027303853,-8.233023949617,6.));
#6575 = CARTESIAN_POINT('',(0.70728559695,-8.105424020793,6.));
#6576 = CARTESIAN_POINT('',(0.744455728645,-7.978032350515,6.));
#6577 = CARTESIAN_POINT('',(0.775123110305,-7.850987779864,6.));
#6578 = CARTESIAN_POINT('',(0.798390277918,-7.72447471879,6.));
#6579 = CARTESIAN_POINT('',(0.813733056476,-7.598684987875,6.));
#6580 = CARTESIAN_POINT('',(0.815269086887,-7.514987515933,6.));
#6581 = CARTESIAN_POINT('',(0.813244082441,-7.47342332818,6.));
#6582 = PCURVE('',#72,#6583);
#6583 = DEFINITIONAL_REPRESENTATION('',(#6584),#6600);
#6584 = B_SPLINE_CURVE_WITH_KNOTS('',3,(#6585,#6586,#6587,#6588,#6589,
    #6590,#6591,#6592,#6593,#6594,#6595,#6596,#6597,#6598,#6599),
  .UNSPECIFIED.,.F.,.F.,(4,1,1,1,1,1,1,1,1,1,1,1,4),(0.,0.146879273693,
    0.291728071966,0.434546320869,0.575333920312,0.71409073008,
    0.850816545047,0.985511047715,1.118173707569,1.248803534744,
    1.377398329377,1.503951286886,1.628390007606),.UNSPECIFIED.);
#6585 = CARTESIAN_POINT('',(0.29061239789,-8.995306800448));
#6586 = CARTESIAN_POINT('',(0.316194813545,-8.953562455266));
#6587 = CARTESIAN_POINT('',(0.365786994339,-8.869895311863));
#6588 = CARTESIAN_POINT('',(0.435765888892,-8.743046049147));
#6589 = CARTESIAN_POINT('',(0.500722362357,-8.615825573105));
#6590 = CARTESIAN_POINT('',(0.560526916071,-8.488341231955));
#6591 = CARTESIAN_POINT('',(0.615026476188,-8.360702743068));
#6592 = CARTESIAN_POINT('',(0.664027303853,-8.233023949617));
#6593 = CARTESIAN_POINT('',(0.70728559695,-8.105424020793));
#6594 = CARTESIAN_POINT('',(0.744455728645,-7.978032350515));
#6595 = CARTESIAN_POINT('',(0.775123110305,-7.850987779864));
#6596 = CARTESIAN_POINT('',(0.798390277918,-7.72447471879));
#6597 = CARTESIAN_POINT('',(0.813733056476,-7.598684987875));
#6598 = CARTESIAN_POINT('',(0.815269086887,-7.514987515933));
#6599 = CARTESIAN_POINT('',(0.813244082441,-7.47342332818));
#6600 = ( GEOMETRIC_REPRESENTATION_CONTEXT(2) 
PARAMETRIC_REPRESENTATION_CONTEXT() REPRESENTATION_CONTEXT('2D SPACE',''
  ) );
#6601 = PCURVE('',#3375,#6602);
#6602 = DEFINITIONAL_REPRESENTATION('',(#6603),#6607);
#6603 = LINE('',#6604,#6605);
#6604 = CARTESIAN_POINT('',(0.,-6.));
#6605 = VECTOR('',#6606,1.);
#6606 = DIRECTION('',(1.,0.));
#6607 = ( GEOMETRIC_REPRESENTATION_CONTEXT(2) 
PARAMETRIC_REPRESENTATION_CONTEXT() REPRESENTATION_CONTEXT('2D SPACE',''
  ) );
#6608 = ORIENTED_EDGE('',*,*,#6609,.T.);
#6609 = EDGE_CURVE('',#6563,#6610,#6612,.T.);
#6610 = VERTEX_POINT('',#6611);
#6611 = CARTESIAN_POINT('',(0.730211857986,-6.710386772941,6.));
#6612 = SURFACE_CURVE('',#6613,(#6617,#6624),.PCURVE_S1.);
#6613 = LINE('',#6614,#6615);
#6614 = CARTESIAN_POINT('',(0.813244082441,-7.47342332818,6.));
#6615 = VECTOR('',#6616,1.);
#6616 = DIRECTION('',(-0.108179534516,0.994131373769,0.));
#6617 = PCURVE('',#72,#6618);
#6618 = DEFINITIONAL_REPRESENTATION('',(#6619),#6623);
#6619 = LINE('',#6620,#6621);
#6620 = CARTESIAN_POINT('',(0.813244082441,-7.47342332818));
#6621 = VECTOR('',#6622,1.);
#6622 = DIRECTION('',(-0.108179534516,0.994131373769));
#6623 = ( GEOMETRIC_REPRESENTATION_CONTEXT(2) 
PARAMETRIC_REPRESENTATION_CONTEXT() REPRESENTATION_CONTEXT('2D SPACE',''
  ) );
#6624 = PCURVE('',#3417,#6625);
#6625 = DEFINITIONAL_REPRESENTATION('',(#6626),#6630);
#6626 = LINE('',#6627,#6628);
#6627 = CARTESIAN_POINT('',(0.,-6.));
#6628 = VECTOR('',#6629,1.);
#6629 = DIRECTION('',(1.,0.));
#6630 = ( GEOMETRIC_REPRESENTATION_CONTEXT(2) 
PARAMETRIC_REPRESENTATION_CONTEXT() REPRESENTATION_CONTEXT('2D SPACE',''
  ) );
#6631 = ORIENTED_EDGE('',*,*,#6632,.T.);
#6632 = EDGE_CURVE('',#6610,#6633,#6635,.T.);
#6633 = VERTEX_POINT('',#6634);
#6634 = CARTESIAN_POINT('',(1.893326052776,-6.479028974922,6.));
#6635 = SURFACE_CURVE('',#6636,(#6641,#6648),.PCURVE_S1.);
#6636 = CIRCLE('',#6637,6.75);
#6637 = AXIS2_PLACEMENT_3D('',#6638,#6639,#6640);
#6638 = CARTESIAN_POINT('',(-9.237055564881E-14,4.609645998244E-13,6.));
#6639 = DIRECTION('',(0.,0.,1.));
#6640 = DIRECTION('',(0.108179534516,-0.994131373769,0.));
#6641 = PCURVE('',#72,#6642);
#6642 = DEFINITIONAL_REPRESENTATION('',(#6643),#6647);
#6643 = CIRCLE('',#6644,6.75);
#6644 = AXIS2_PLACEMENT_2D('',#6645,#6646);
#6645 = CARTESIAN_POINT('',(-9.320608320648E-14,4.61987856675E-13));
#6646 = DIRECTION('',(0.108179534516,-0.994131373769));
#6647 = ( GEOMETRIC_REPRESENTATION_CONTEXT(2) 
PARAMETRIC_REPRESENTATION_CONTEXT() REPRESENTATION_CONTEXT('2D SPACE',''
  ) );
#6648 = PCURVE('',#3446,#6649);
#6649 = DEFINITIONAL_REPRESENTATION('',(#6650),#6654);
#6650 = LINE('',#6651,#6652);
#6651 = CARTESIAN_POINT('',(-0.,-6.));
#6652 = VECTOR('',#6653,1.);
#6653 = DIRECTION('',(-1.,0.));
#6654 = ( GEOMETRIC_REPRESENTATION_CONTEXT(2) 
PARAMETRIC_REPRESENTATION_CONTEXT() REPRESENTATION_CONTEXT('2D SPACE',''
  ) );
#6655 = ORIENTED_EDGE('',*,*,#6656,.T.);
#6656 = EDGE_CURVE('',#6633,#6657,#6659,.T.);
#6657 = VERTEX_POINT('',#6658);
#6658 = CARTESIAN_POINT('',(2.108615728042,-7.215757887517,6.));
#6659 = SURFACE_CURVE('',#6660,(#6664,#6671),.PCURVE_S1.);
#6660 = LINE('',#6661,#6662);
#6661 = CARTESIAN_POINT('',(1.893326052776,-6.479028974922,6.));
#6662 = VECTOR('',#6663,1.);
#6663 = DIRECTION('',(0.280492748559,-0.959856144433,0.));
#6664 = PCURVE('',#72,#6665);
#6665 = DEFINITIONAL_REPRESENTATION('',(#6666),#6670);
#6666 = LINE('',#6667,#6668);
#6667 = CARTESIAN_POINT('',(1.893326052776,-6.479028974922));
#6668 = VECTOR('',#6669,1.);
#6669 = DIRECTION('',(0.280492748559,-0.959856144433));
#6670 = ( GEOMETRIC_REPRESENTATION_CONTEXT(2) 
PARAMETRIC_REPRESENTATION_CONTEXT() REPRESENTATION_CONTEXT('2D SPACE',''
  ) );
#6671 = PCURVE('',#3474,#6672);
#6672 = DEFINITIONAL_REPRESENTATION('',(#6673),#6677);
#6673 = LINE('',#6674,#6675);
#6674 = CARTESIAN_POINT('',(0.,-6.));
#6675 = VECTOR('',#6676,1.);
#6676 = DIRECTION('',(1.,0.));
#6677 = ( GEOMETRIC_REPRESENTATION_CONTEXT(2) 
PARAMETRIC_REPRESENTATION_CONTEXT() REPRESENTATION_CONTEXT('2D SPACE',''
  ) );
#6678 = ORIENTED_EDGE('',*,*,#6679,.T.);
#6679 = EDGE_CURVE('',#6657,#6680,#6682,.T.);
#6680 = VERTEX_POINT('',#6681);
#6681 = CARTESIAN_POINT('',(3.173864035268,-8.421792391506,6.));
#6682 = SURFACE_CURVE('',#6683,(#6699,#6718),.PCURVE_S1.);
#6683 = B_SPLINE_CURVE_WITH_KNOTS('',3,(#6684,#6685,#6686,#6687,#6688,
    #6689,#6690,#6691,#6692,#6693,#6694,#6695,#6696,#6697,#6698),
  .UNSPECIFIED.,.F.,.F.,(4,1,1,1,1,1,1,1,1,1,1,1,4),(0.,0.12443872072,
    0.250991678229,0.379586472863,0.510216300037,0.642878959891,
    0.777573462559,0.914299277526,1.053056087294,1.193843686737,
    1.33666193564,1.481510733913,1.628390007606),.UNSPECIFIED.);
#6684 = CARTESIAN_POINT('',(2.108615728042,-7.215757887517,6.));
#6685 = CARTESIAN_POINT('',(2.122650793914,-7.254933125519,6.));
#6686 = CARTESIAN_POINT('',(2.156099536815,-7.33167169338,6.));
#6687 = CARTESIAN_POINT('',(2.21841206188,-7.442014824012,6.));
#6688 = CARTESIAN_POINT('',(2.288322574268,-7.549993692169,6.));
#6689 = CARTESIAN_POINT('',(2.365273392859,-7.655631671836,6.));
#6690 = CARTESIAN_POINT('',(2.448364798389,-7.759101835039,6.));
#6691 = CARTESIAN_POINT('',(2.537160628724,-7.860434565549,6.));
#6692 = CARTESIAN_POINT('',(2.631292049399,-7.959642584635,6.));
#6693 = CARTESIAN_POINT('',(2.730488212551,-8.05670909335,6.));
#6694 = CARTESIAN_POINT('',(2.834526560922,-8.151603054968,6.));
#6695 = CARTESIAN_POINT('',(2.9432236857,-8.24428168268,6.));
#6696 = CARTESIAN_POINT('',(3.056418865334,-8.334695356656,6.));
#6697 = CARTESIAN_POINT('',(3.134254095756,-8.393015612025,6.));
#6698 = CARTESIAN_POINT('',(3.173864035268,-8.421792391506,6.));
#6699 = PCURVE('',#72,#6700);
#6700 = DEFINITIONAL_REPRESENTATION('',(#6701),#6717);
#6701 = B_SPLINE_CURVE_WITH_KNOTS('',3,(#6702,#6703,#6704,#6705,#6706,
    #6707,#6708,#6709,#6710,#6711,#6712,#6713,#6714,#6715,#6716),
  .UNSPECIFIED.,.F.,.F.,(4,1,1,1,1,1,1,1,1,1,1,1,4),(0.,0.12443872072,
    0.250991678229,0.379586472863,0.510216300037,0.642878959891,
    0.777573462559,0.914299277526,1.053056087294,1.193843686737,
    1.33666193564,1.481510733913,1.628390007606),.UNSPECIFIED.);
#6702 = CARTESIAN_POINT('',(2.108615728042,-7.215757887517));
#6703 = CARTESIAN_POINT('',(2.122650793914,-7.254933125519));
#6704 = CARTESIAN_POINT('',(2.156099536815,-7.33167169338));
#6705 = CARTESIAN_POINT('',(2.21841206188,-7.442014824012));
#6706 = CARTESIAN_POINT('',(2.288322574268,-7.549993692169));
#6707 = CARTESIAN_POINT('',(2.365273392859,-7.655631671836));
#6708 = CARTESIAN_POINT('',(2.448364798389,-7.759101835039));
#6709 = CARTESIAN_POINT('',(2.537160628724,-7.860434565549));
#6710 = CARTESIAN_POINT('',(2.631292049399,-7.959642584635));
#6711 = CARTESIAN_POINT('',(2.730488212551,-8.05670909335));
#6712 = CARTESIAN_POINT('',(2.834526560922,-8.151603054968));
#6713 = CARTESIAN_POINT('',(2.9432236857,-8.24428168268));
#6714 = CARTESIAN_POINT('',(3.056418865334,-8.334695356656));
#6715 = CARTESIAN_POINT('',(3.134254095756,-8.393015612025));
#6716 = CARTESIAN_POINT('',(3.173864035268,-8.421792391506));
#6717 = ( GEOMETRIC_REPRESENTATION_CONTEXT(2) 
PARAMETRIC_REPRESENTATION_CONTEXT() REPRESENTATION_CONTEXT('2D SPACE',''
  ) );
#6718 = PCURVE('',#3526,#6719);
#6719 = DEFINITIONAL_REPRESENTATION('',(#6720),#6724);
#6720 = LINE('',#6721,#6722);
#6721 = CARTESIAN_POINT('',(0.,-6.));
#6722 = VECTOR('',#6723,1.);
#6723 = DIRECTION('',(1.,0.));
#6724 = ( GEOMETRIC_REPRESENTATION_CONTEXT(2) 
PARAMETRIC_REPRESENTATION_CONTEXT() REPRESENTATION_CONTEXT('2D SPACE',''
  ) );
#6725 = ORIENTED_EDGE('',*,*,#6726,.T.);
#6726 = EDGE_CURVE('',#6680,#6727,#6729,.T.);
#6727 = VERTEX_POINT('',#6728);
#6728 = CARTESIAN_POINT('',(3.710845727878,-8.199367291681,6.));
#6729 = SURFACE_CURVE('',#6730,(#6735,#6742),.PCURVE_S1.);
#6730 = CIRCLE('',#6731,9.);
#6731 = AXIS2_PLACEMENT_3D('',#6732,#6733,#6734);
#6732 = CARTESIAN_POINT('',(6.794564910706E-14,-1.172395514004E-13,6.));
#6733 = DIRECTION('',(0.,0.,1.));
#6734 = DIRECTION('',(0.352651559474,-0.935754710167,0.));
#6735 = PCURVE('',#72,#6736);
#6736 = DEFINITIONAL_REPRESENTATION('',(#6737),#6741);
#6737 = CIRCLE('',#6738,9.);
#6738 = AXIS2_PLACEMENT_2D('',#6739,#6740);
#6739 = CARTESIAN_POINT('',(6.711012154939E-14,-1.162162945497E-13));
#6740 = DIRECTION('',(0.352651559474,-0.935754710167));
#6741 = ( GEOMETRIC_REPRESENTATION_CONTEXT(2) 
PARAMETRIC_REPRESENTATION_CONTEXT() REPRESENTATION_CONTEXT('2D SPACE',''
  ) );
#6742 = PCURVE('',#3569,#6743);
#6743 = DEFINITIONAL_REPRESENTATION('',(#6744),#6748);
#6744 = LINE('',#6745,#6746);
#6745 = CARTESIAN_POINT('',(-0.,-6.));
#6746 = VECTOR('',#6747,1.);
#6747 = DIRECTION('',(-1.,0.));
#6748 = ( GEOMETRIC_REPRESENTATION_CONTEXT(2) 
PARAMETRIC_REPRESENTATION_CONTEXT() REPRESENTATION_CONTEXT('2D SPACE',''
  ) );
#6749 = ORIENTED_EDGE('',*,*,#6750,.T.);
#6750 = EDGE_CURVE('',#6727,#6751,#6753,.T.);
#6751 = VERTEX_POINT('',#6752);
#6752 = CARTESIAN_POINT('',(3.611294853448,-6.593327813879,6.));
#6753 = SURFACE_CURVE('',#6754,(#6770,#6789),.PCURVE_S1.);
#6754 = B_SPLINE_CURVE_WITH_KNOTS('',3,(#6755,#6756,#6757,#6758,#6759,
    #6760,#6761,#6762,#6763,#6764,#6765,#6766,#6767,#6768,#6769),
  .UNSPECIFIED.,.F.,.F.,(4,1,1,1,1,1,1,1,1,1,1,1,4),(0.,0.146879273693,
    0.291728071966,0.434546320869,0.575333920312,0.71409073008,
    0.850816545047,0.985511047715,1.118173707569,1.248803534744,
    1.377398329377,1.503951286886,1.628390007606),.UNSPECIFIED.);
#6755 = CARTESIAN_POINT('',(3.710845727878,-8.199367291681,6.));
#6756 = CARTESIAN_POINT('',(3.718505928797,-8.151010578938,6.));
#6757 = CARTESIAN_POINT('',(3.732305099991,-8.05473411164,6.));
#6758 = CARTESIAN_POINT('',(3.748414057127,-7.910760910542,6.));
#6759 = CARTESIAN_POINT('',(3.759740845027,-7.76836675039,6.));
#6760 = CARTESIAN_POINT('',(3.76620690291,-7.627700364999,6.));
#6761 = CARTESIAN_POINT('',(3.767712796004,-7.488921698829,6.));
#6762 = CARTESIAN_POINT('',(3.764123098842,-7.352210069903,6.));
#6763 = CARTESIAN_POINT('',(3.755258171713,-7.217768875232,6.));
#6764 = CARTESIAN_POINT('',(3.740848213971,-7.085849924872,6.));
#6765 = CARTESIAN_POINT('',(3.720563327842,-6.956740147456,6.));
#6766 = CARTESIAN_POINT('',(3.693644935328,-6.830953360171,6.));
#6767 = CARTESIAN_POINT('',(3.659682168427,-6.708867375217,6.));
#6768 = CARTESIAN_POINT('',(3.629071639642,-6.630953180577,6.));
#6769 = CARTESIAN_POINT('',(3.611294853448,-6.593327813879,6.));
#6770 = PCURVE('',#72,#6771);
#6771 = DEFINITIONAL_REPRESENTATION('',(#6772),#6788);
#6772 = B_SPLINE_CURVE_WITH_KNOTS('',3,(#6773,#6774,#6775,#6776,#6777,
    #6778,#6779,#6780,#6781,#6782,#6783,#6784,#6785,#6786,#6787),
  .UNSPECIFIED.,.F.,.F.,(4,1,1,1,1,1,1,1,1,1,1,1,4),(0.,0.146879273693,
    0.291728071966,0.434546320869,0.575333920312,0.71409073008,
    0.850816545047,0.985511047715,1.118173707569,1.248803534744,
    1.377398329377,1.503951286886,1.628390007606),.UNSPECIFIED.);
#6773 = CARTESIAN_POINT('',(3.710845727878,-8.199367291681));
#6774 = CARTESIAN_POINT('',(3.718505928797,-8.151010578938));
#6775 = CARTESIAN_POINT('',(3.732305099991,-8.05473411164));
#6776 = CARTESIAN_POINT('',(3.748414057127,-7.910760910542));
#6777 = CARTESIAN_POINT('',(3.759740845027,-7.76836675039));
#6778 = CARTESIAN_POINT('',(3.76620690291,-7.627700364999));
#6779 = CARTESIAN_POINT('',(3.767712796004,-7.488921698829));
#6780 = CARTESIAN_POINT('',(3.764123098842,-7.352210069903));
#6781 = CARTESIAN_POINT('',(3.755258171713,-7.217768875232));
#6782 = CARTESIAN_POINT('',(3.740848213971,-7.085849924872));
#6783 = CARTESIAN_POINT('',(3.720563327842,-6.956740147456));
#6784 = CARTESIAN_POINT('',(3.693644935328,-6.830953360171));
#6785 = CARTESIAN_POINT('',(3.659682168427,-6.708867375217));
#6786 = CARTESIAN_POINT('',(3.629071639642,-6.630953180577));
#6787 = CARTESIAN_POINT('',(3.611294853448,-6.593327813879));
#6788 = ( GEOMETRIC_REPRESENTATION_CONTEXT(2) 
PARAMETRIC_REPRESENTATION_CONTEXT() REPRESENTATION_CONTEXT('2D SPACE',''
  ) );
#6789 = PCURVE('',#3621,#6790);
#6790 = DEFINITIONAL_REPRESENTATION('',(#6791),#6795);
#6791 = LINE('',#6792,#6793);
#6792 = CARTESIAN_POINT('',(0.,-6.));
#6793 = VECTOR('',#6794,1.);
#6794 = DIRECTION('',(1.,0.));
#6795 = ( GEOMETRIC_REPRESENTATION_CONTEXT(2) 
PARAMETRIC_REPRESENTATION_CONTEXT() REPRESENTATION_CONTEXT('2D SPACE',''
  ) );
#6796 = ORIENTED_EDGE('',*,*,#6797,.T.);
#6797 = EDGE_CURVE('',#6751,#6798,#6800,.T.);
#6798 = VERTEX_POINT('',#6799);
#6799 = CARTESIAN_POINT('',(3.242581632756,-5.920149014587,6.));
#6800 = SURFACE_CURVE('',#6801,(#6805,#6812),.PCURVE_S1.);
#6801 = LINE('',#6802,#6803);
#6802 = CARTESIAN_POINT('',(3.611294853448,-6.593327813879,6.));
#6803 = VECTOR('',#6804,1.);
#6804 = DIRECTION('',(-0.480382464112,0.877059113272,0.));
#6805 = PCURVE('',#72,#6806);
#6806 = DEFINITIONAL_REPRESENTATION('',(#6807),#6811);
#6807 = LINE('',#6808,#6809);
#6808 = CARTESIAN_POINT('',(3.611294853448,-6.593327813879));
#6809 = VECTOR('',#6810,1.);
#6810 = DIRECTION('',(-0.480382464112,0.877059113272));
#6811 = ( GEOMETRIC_REPRESENTATION_CONTEXT(2) 
PARAMETRIC_REPRESENTATION_CONTEXT() REPRESENTATION_CONTEXT('2D SPACE',''
  ) );
#6812 = PCURVE('',#3663,#6813);
#6813 = DEFINITIONAL_REPRESENTATION('',(#6814),#6818);
#6814 = LINE('',#6815,#6816);
#6815 = CARTESIAN_POINT('',(0.,-6.));
#6816 = VECTOR('',#6817,1.);
#6817 = DIRECTION('',(1.,0.));
#6818 = ( GEOMETRIC_REPRESENTATION_CONTEXT(2) 
PARAMETRIC_REPRESENTATION_CONTEXT() REPRESENTATION_CONTEXT('2D SPACE',''
  ) );
#6819 = ORIENTED_EDGE('',*,*,#6820,.T.);
#6820 = EDGE_CURVE('',#6798,#6821,#6823,.T.);
#6821 = VERTEX_POINT('',#6822);
#6822 = CARTESIAN_POINT('',(4.228622235046,-5.261297748015,6.));
#6823 = SURFACE_CURVE('',#6824,(#6829,#6836),.PCURVE_S1.);
#6824 = CIRCLE('',#6825,6.75);
#6825 = AXIS2_PLACEMENT_3D('',#6826,#6827,#6828);
#6826 = CARTESIAN_POINT('',(-1.472155730653E-13,2.189359804561E-13,6.));
#6827 = DIRECTION('',(0.,0.,1.));
#6828 = DIRECTION('',(0.480382464112,-0.877059113272,0.));
#6829 = PCURVE('',#72,#6830);
#6830 = DEFINITIONAL_REPRESENTATION('',(#6831),#6835);
#6831 = CIRCLE('',#6832,6.75);
#6832 = AXIS2_PLACEMENT_2D('',#6833,#6834);
#6833 = CARTESIAN_POINT('',(-1.48051100623E-13,2.199592373068E-13));
#6834 = DIRECTION('',(0.480382464112,-0.877059113272));
#6835 = ( GEOMETRIC_REPRESENTATION_CONTEXT(2) 
PARAMETRIC_REPRESENTATION_CONTEXT() REPRESENTATION_CONTEXT('2D SPACE',''
  ) );
#6836 = PCURVE('',#3692,#6837);
#6837 = DEFINITIONAL_REPRESENTATION('',(#6838),#6842);
#6838 = LINE('',#6839,#6840);
#6839 = CARTESIAN_POINT('',(-0.,-6.));
#6840 = VECTOR('',#6841,1.);
#6841 = DIRECTION('',(-1.,0.));
#6842 = ( GEOMETRIC_REPRESENTATION_CONTEXT(2) 
PARAMETRIC_REPRESENTATION_CONTEXT() REPRESENTATION_CONTEXT('2D SPACE',''
  ) );
#6843 = ORIENTED_EDGE('',*,*,#6844,.T.);
#6844 = EDGE_CURVE('',#6821,#6845,#6847,.T.);
#6845 = VERTEX_POINT('',#6846);
#6846 = CARTESIAN_POINT('',(4.70945790858,-5.859558719488,6.));
#6847 = SURFACE_CURVE('',#6848,(#6852,#6859),.PCURVE_S1.);
#6848 = LINE('',#6849,#6850);
#6849 = CARTESIAN_POINT('',(4.228622235046,-5.261297748015,6.));
#6850 = VECTOR('',#6851,1.);
#6851 = DIRECTION('',(0.62646255334,-0.779451518225,0.));
#6852 = PCURVE('',#72,#6853);
#6853 = DEFINITIONAL_REPRESENTATION('',(#6854),#6858);
#6854 = LINE('',#6855,#6856);
#6855 = CARTESIAN_POINT('',(4.228622235046,-5.261297748015));
#6856 = VECTOR('',#6857,1.);
#6857 = DIRECTION('',(0.62646255334,-0.779451518225));
#6858 = ( GEOMETRIC_REPRESENTATION_CONTEXT(2) 
PARAMETRIC_REPRESENTATION_CONTEXT() REPRESENTATION_CONTEXT('2D SPACE',''
  ) );
#6859 = PCURVE('',#3720,#6860);
#6860 = DEFINITIONAL_REPRESENTATION('',(#6861),#6865);
#6861 = LINE('',#6862,#6863);
#6862 = CARTESIAN_POINT('',(0.,-6.));
#6863 = VECTOR('',#6864,1.);
#6864 = DIRECTION('',(1.,0.));
#6865 = ( GEOMETRIC_REPRESENTATION_CONTEXT(2) 
PARAMETRIC_REPRESENTATION_CONTEXT() REPRESENTATION_CONTEXT('2D SPACE',''
  ) );
#6866 = ORIENTED_EDGE('',*,*,#6867,.T.);
#6867 = EDGE_CURVE('',#6845,#6868,#6870,.T.);
#6868 = VERTEX_POINT('',#6869);
#6869 = CARTESIAN_POINT('',(6.155148440205,-6.566136434696,6.));
#6870 = SURFACE_CURVE('',#6871,(#6887,#6906),.PCURVE_S1.);
#6871 = B_SPLINE_CURVE_WITH_KNOTS('',3,(#6872,#6873,#6874,#6875,#6876,
    #6877,#6878,#6879,#6880,#6881,#6882,#6883,#6884,#6885,#6886),
  .UNSPECIFIED.,.F.,.F.,(4,1,1,1,1,1,1,1,1,1,1,1,4),(0.,0.12443872072,
    0.250991678229,0.379586472863,0.510216300037,0.642878959891,
    0.777573462559,0.914299277526,1.053056087294,1.193843686737,
    1.33666193564,1.481510733913,1.628390007606),.UNSPECIFIED.);
#6872 = CARTESIAN_POINT('',(4.70945790858,-5.859558719488,6.));
#6873 = CARTESIAN_POINT('',(4.737416333219,-5.890380932878,6.));
#6874 = CARTESIAN_POINT('',(4.797685520717,-5.948477845337,6.));
#6875 = CARTESIAN_POINT('',(4.897481275212,-6.02657563431,6.));
#6876 = CARTESIAN_POINT('',(5.003391890604,-6.099581505705,6.));
#6877 = CARTESIAN_POINT('',(5.114911081557,-6.167730469593,6.));
#6878 = CARTESIAN_POINT('',(5.231273847656,-6.231526731334,6.));
#6879 = CARTESIAN_POINT('',(5.352088854997,-6.291165273893,6.));
#6880 = CARTESIAN_POINT('',(5.477020213187,-6.34679899703,6.));
#6881 = CARTESIAN_POINT('',(5.605811262749,-6.398516029532,6.));
#6882 = CARTESIAN_POINT('',(5.738244510348,-6.446372866177,6.));
#6883 = CARTESIAN_POINT('',(5.874134134533,-6.490400164624,6.));
#6884 = CARTESIAN_POINT('',(6.013312659266,-6.5306135876,6.));
#6885 = CARTESIAN_POINT('',(6.107541231062,-6.55470822473,6.));
#6886 = CARTESIAN_POINT('',(6.155148440205,-6.566136434696,6.));
#6887 = PCURVE('',#72,#6888);
#6888 = DEFINITIONAL_REPRESENTATION('',(#6889),#6905);
#6889 = B_SPLINE_CURVE_WITH_KNOTS('',3,(#6890,#6891,#6892,#6893,#6894,
    #6895,#6896,#6897,#6898,#6899,#6900,#6901,#6902,#6903,#6904),
  .UNSPECIFIED.,.F.,.F.,(4,1,1,1,1,1,1,1,1,1,1,1,4),(0.,0.12443872072,
    0.250991678229,0.379586472863,0.510216300037,0.642878959891,
    0.777573462559,0.914299277526,1.053056087294,1.193843686737,
    1.33666193564,1.481510733913,1.628390007606),.UNSPECIFIED.);
#6890 = CARTESIAN_POINT('',(4.70945790858,-5.859558719488));
#6891 = CARTESIAN_POINT('',(4.737416333219,-5.890380932878));
#6892 = CARTESIAN_POINT('',(4.797685520717,-5.948477845337));
#6893 = CARTESIAN_POINT('',(4.897481275212,-6.02657563431));
#6894 = CARTESIAN_POINT('',(5.003391890604,-6.099581505705));
#6895 = CARTESIAN_POINT('',(5.114911081557,-6.167730469593));
#6896 = CARTESIAN_POINT('',(5.231273847656,-6.231526731334));
#6897 = CARTESIAN_POINT('',(5.352088854997,-6.291165273893));
#6898 = CARTESIAN_POINT('',(5.477020213187,-6.34679899703));
#6899 = CARTESIAN_POINT('',(5.605811262749,-6.398516029532));
#6900 = CARTESIAN_POINT('',(5.738244510348,-6.446372866177));
#6901 = CARTESIAN_POINT('',(5.874134134533,-6.490400164624));
#6902 = CARTESIAN_POINT('',(6.013312659266,-6.5306135876));
#6903 = CARTESIAN_POINT('',(6.107541231062,-6.55470822473));
#6904 = CARTESIAN_POINT('',(6.155148440205,-6.566136434696));
#6905 = ( GEOMETRIC_REPRESENTATION_CONTEXT(2) 
PARAMETRIC_REPRESENTATION_CONTEXT() REPRESENTATION_CONTEXT('2D SPACE',''
  ) );
#6906 = PCURVE('',#3772,#6907);
#6907 = DEFINITIONAL_REPRESENTATION('',(#6908),#6912);
#6908 = LINE('',#6909,#6910);
#6909 = CARTESIAN_POINT('',(0.,-6.));
#6910 = VECTOR('',#6911,1.);
#6911 = DIRECTION('',(1.,0.));
#6912 = ( GEOMETRIC_REPRESENTATION_CONTEXT(2) 
PARAMETRIC_REPRESENTATION_CONTEXT() REPRESENTATION_CONTEXT('2D SPACE',''
  ) );
#6913 = ORIENTED_EDGE('',*,*,#6914,.T.);
#6914 = EDGE_CURVE('',#6868,#6915,#6917,.T.);
#6915 = VERTEX_POINT('',#6916);
#6916 = CARTESIAN_POINT('',(6.566136434696,-6.155148440205,6.));
#6917 = SURFACE_CURVE('',#6918,(#6923,#6930),.PCURVE_S1.);
#6918 = CIRCLE('',#6919,9.000000000002);
#6919 = AXIS2_PLACEMENT_3D('',#6920,#6921,#6922);
#6920 = CARTESIAN_POINT('',(-1.130651128278E-12,1.127542503809E-12,6.));
#6921 = DIRECTION('',(0.,0.,1.));
#6922 = DIRECTION('',(0.683905382245,-0.729570714966,0.));
#6923 = PCURVE('',#72,#6924);
#6924 = DEFINITIONAL_REPRESENTATION('',(#6925),#6929);
#6925 = CIRCLE('',#6926,9.000000000002);
#6926 = AXIS2_PLACEMENT_2D('',#6927,#6928);
#6927 = CARTESIAN_POINT('',(-1.131486655836E-12,1.12856576066E-12));
#6928 = DIRECTION('',(0.683905382245,-0.729570714966));
#6929 = ( GEOMETRIC_REPRESENTATION_CONTEXT(2) 
PARAMETRIC_REPRESENTATION_CONTEXT() REPRESENTATION_CONTEXT('2D SPACE',''
  ) );
#6930 = PCURVE('',#3815,#6931);
#6931 = DEFINITIONAL_REPRESENTATION('',(#6932),#6936);
#6932 = LINE('',#6933,#6934);
#6933 = CARTESIAN_POINT('',(-0.,-6.));
#6934 = VECTOR('',#6935,1.);
#6935 = DIRECTION('',(-1.,0.));
#6936 = ( GEOMETRIC_REPRESENTATION_CONTEXT(2) 
PARAMETRIC_REPRESENTATION_CONTEXT() REPRESENTATION_CONTEXT('2D SPACE',''
  ) );
#6937 = ORIENTED_EDGE('',*,*,#6938,.T.);
#6938 = EDGE_CURVE('',#6915,#6939,#6941,.T.);
#6939 = VERTEX_POINT('',#6940);
#6940 = CARTESIAN_POINT('',(5.859558719488,-4.70945790858,6.));
#6941 = SURFACE_CURVE('',#6942,(#6958,#6977),.PCURVE_S1.);
#6942 = B_SPLINE_CURVE_WITH_KNOTS('',3,(#6943,#6944,#6945,#6946,#6947,
    #6948,#6949,#6950,#6951,#6952,#6953,#6954,#6955,#6956,#6957),
  .UNSPECIFIED.,.F.,.F.,(4,1,1,1,1,1,1,1,1,1,1,1,4),(0.,0.146879273693,
    0.291728071966,0.434546320869,0.575333920312,0.71409073008,
    0.850816545047,0.985511047715,1.118173707569,1.248803534744,
    1.377398329377,1.503951286886,1.628390007606),.UNSPECIFIED.);
#6943 = CARTESIAN_POINT('',(6.566136434696,-6.155148440205,6.));
#6944 = CARTESIAN_POINT('',(6.55470822473,-6.107541231062,6.));
#6945 = CARTESIAN_POINT('',(6.5306135876,-6.013312659266,6.));
#6946 = CARTESIAN_POINT('',(6.490400164624,-5.874134134533,6.));
#6947 = CARTESIAN_POINT('',(6.446372866177,-5.738244510348,6.));
#6948 = CARTESIAN_POINT('',(6.398516029532,-5.605811262749,6.));
#6949 = CARTESIAN_POINT('',(6.34679899703,-5.477020213187,6.));
#6950 = CARTESIAN_POINT('',(6.291165273893,-5.352088854997,6.));
#6951 = CARTESIAN_POINT('',(6.231526731334,-5.231273847656,6.));
#6952 = CARTESIAN_POINT('',(6.167730469593,-5.114911081557,6.));
#6953 = CARTESIAN_POINT('',(6.099581505705,-5.003391890604,6.));
#6954 = CARTESIAN_POINT('',(6.02657563431,-4.897481275212,6.));
#6955 = CARTESIAN_POINT('',(5.948477845337,-4.797685520717,6.));
#6956 = CARTESIAN_POINT('',(5.890380932878,-4.737416333219,6.));
#6957 = CARTESIAN_POINT('',(5.859558719488,-4.70945790858,6.));
#6958 = PCURVE('',#72,#6959);
#6959 = DEFINITIONAL_REPRESENTATION('',(#6960),#6976);
#6960 = B_SPLINE_CURVE_WITH_KNOTS('',3,(#6961,#6962,#6963,#6964,#6965,
    #6966,#6967,#6968,#6969,#6970,#6971,#6972,#6973,#6974,#6975),
  .UNSPECIFIED.,.F.,.F.,(4,1,1,1,1,1,1,1,1,1,1,1,4),(0.,0.146879273693,
    0.291728071966,0.434546320869,0.575333920312,0.71409073008,
    0.850816545047,0.985511047715,1.118173707569,1.248803534744,
    1.377398329377,1.503951286886,1.628390007606),.UNSPECIFIED.);
#6961 = CARTESIAN_POINT('',(6.566136434696,-6.155148440205));
#6962 = CARTESIAN_POINT('',(6.55470822473,-6.107541231062));
#6963 = CARTESIAN_POINT('',(6.5306135876,-6.013312659266));
#6964 = CARTESIAN_POINT('',(6.490400164624,-5.874134134533));
#6965 = CARTESIAN_POINT('',(6.446372866177,-5.738244510348));
#6966 = CARTESIAN_POINT('',(6.398516029532,-5.605811262749));
#6967 = CARTESIAN_POINT('',(6.34679899703,-5.477020213187));
#6968 = CARTESIAN_POINT('',(6.291165273893,-5.352088854997));
#6969 = CARTESIAN_POINT('',(6.231526731334,-5.231273847656));
#6970 = CARTESIAN_POINT('',(6.167730469593,-5.114911081557));
#6971 = CARTESIAN_POINT('',(6.099581505705,-5.003391890604));
#6972 = CARTESIAN_POINT('',(6.02657563431,-4.897481275212));
#6973 = CARTESIAN_POINT('',(5.948477845337,-4.797685520717));
#6974 = CARTESIAN_POINT('',(5.890380932878,-4.737416333219));
#6975 = CARTESIAN_POINT('',(5.859558719488,-4.70945790858));
#6976 = ( GEOMETRIC_REPRESENTATION_CONTEXT(2) 
PARAMETRIC_REPRESENTATION_CONTEXT() REPRESENTATION_CONTEXT('2D SPACE',''
  ) );
#6977 = PCURVE('',#3867,#6978);
#6978 = DEFINITIONAL_REPRESENTATION('',(#6979),#6983);
#6979 = LINE('',#6980,#6981);
#6980 = CARTESIAN_POINT('',(0.,-6.));
#6981 = VECTOR('',#6982,1.);
#6982 = DIRECTION('',(1.,0.));
#6983 = ( GEOMETRIC_REPRESENTATION_CONTEXT(2) 
PARAMETRIC_REPRESENTATION_CONTEXT() REPRESENTATION_CONTEXT('2D SPACE',''
  ) );
#6984 = ORIENTED_EDGE('',*,*,#6985,.T.);
#6985 = EDGE_CURVE('',#6939,#6986,#6988,.T.);
#6986 = VERTEX_POINT('',#6987);
#6987 = CARTESIAN_POINT('',(5.261297748015,-4.228622235046,6.));
#6988 = SURFACE_CURVE('',#6989,(#6993,#7000),.PCURVE_S1.);
#6989 = LINE('',#6990,#6991);
#6990 = CARTESIAN_POINT('',(5.859558719488,-4.70945790858,6.));
#6991 = VECTOR('',#6992,1.);
#6992 = DIRECTION('',(-0.779451518225,0.62646255334,0.));
#6993 = PCURVE('',#72,#6994);
#6994 = DEFINITIONAL_REPRESENTATION('',(#6995),#6999);
#6995 = LINE('',#6996,#6997);
#6996 = CARTESIAN_POINT('',(5.859558719488,-4.70945790858));
#6997 = VECTOR('',#6998,1.);
#6998 = DIRECTION('',(-0.779451518225,0.62646255334));
#6999 = ( GEOMETRIC_REPRESENTATION_CONTEXT(2) 
PARAMETRIC_REPRESENTATION_CONTEXT() REPRESENTATION_CONTEXT('2D SPACE',''
  ) );
#7000 = PCURVE('',#3909,#7001);
#7001 = DEFINITIONAL_REPRESENTATION('',(#7002),#7006);
#7002 = LINE('',#7003,#7004);
#7003 = CARTESIAN_POINT('',(0.,-6.));
#7004 = VECTOR('',#7005,1.);
#7005 = DIRECTION('',(1.,0.));
#7006 = ( GEOMETRIC_REPRESENTATION_CONTEXT(2) 
PARAMETRIC_REPRESENTATION_CONTEXT() REPRESENTATION_CONTEXT('2D SPACE',''
  ) );
#7007 = ORIENTED_EDGE('',*,*,#7008,.T.);
#7008 = EDGE_CURVE('',#6986,#7009,#7011,.T.);
#7009 = VERTEX_POINT('',#7010);
#7010 = CARTESIAN_POINT('',(5.920149014587,-3.242581632756,6.));
#7011 = SURFACE_CURVE('',#7012,(#7017,#7024),.PCURVE_S1.);
#7012 = CIRCLE('',#7013,6.75);
#7013 = AXIS2_PLACEMENT_3D('',#7014,#7015,#7016);
#7014 = CARTESIAN_POINT('',(1.341149413747E-13,-8.992806499464E-14,6.));
#7015 = DIRECTION('',(0.,0.,1.));
#7016 = DIRECTION('',(0.779451518225,-0.62646255334,0.));
#7017 = PCURVE('',#72,#7018);
#7018 = DEFINITIONAL_REPRESENTATION('',(#7019),#7023);
#7019 = CIRCLE('',#7020,6.75);
#7020 = AXIS2_PLACEMENT_2D('',#7021,#7022);
#7021 = CARTESIAN_POINT('',(1.332794138171E-13,-8.890480814395E-14));
#7022 = DIRECTION('',(0.779451518225,-0.62646255334));
#7023 = ( GEOMETRIC_REPRESENTATION_CONTEXT(2) 
PARAMETRIC_REPRESENTATION_CONTEXT() REPRESENTATION_CONTEXT('2D SPACE',''
  ) );
#7024 = PCURVE('',#3938,#7025);
#7025 = DEFINITIONAL_REPRESENTATION('',(#7026),#7030);
#7026 = LINE('',#7027,#7028);
#7027 = CARTESIAN_POINT('',(-0.,-6.));
#7028 = VECTOR('',#7029,1.);
#7029 = DIRECTION('',(-1.,0.));
#7030 = ( GEOMETRIC_REPRESENTATION_CONTEXT(2) 
PARAMETRIC_REPRESENTATION_CONTEXT() REPRESENTATION_CONTEXT('2D SPACE',''
  ) );
#7031 = ORIENTED_EDGE('',*,*,#7032,.T.);
#7032 = EDGE_CURVE('',#7009,#7033,#7035,.T.);
#7033 = VERTEX_POINT('',#7034);
#7034 = CARTESIAN_POINT('',(6.593327813879,-3.611294853448,6.));
#7035 = SURFACE_CURVE('',#7036,(#7040,#7047),.PCURVE_S1.);
#7036 = LINE('',#7037,#7038);
#7037 = CARTESIAN_POINT('',(5.920149014587,-3.242581632756,6.));
#7038 = VECTOR('',#7039,1.);
#7039 = DIRECTION('',(0.877059113272,-0.480382464112,0.));
#7040 = PCURVE('',#72,#7041);
#7041 = DEFINITIONAL_REPRESENTATION('',(#7042),#7046);
#7042 = LINE('',#7043,#7044);
#7043 = CARTESIAN_POINT('',(5.920149014587,-3.242581632756));
#7044 = VECTOR('',#7045,1.);
#7045 = DIRECTION('',(0.877059113272,-0.480382464112));
#7046 = ( GEOMETRIC_REPRESENTATION_CONTEXT(2) 
PARAMETRIC_REPRESENTATION_CONTEXT() REPRESENTATION_CONTEXT('2D SPACE',''
  ) );
#7047 = PCURVE('',#3966,#7048);
#7048 = DEFINITIONAL_REPRESENTATION('',(#7049),#7053);
#7049 = LINE('',#7050,#7051);
#7050 = CARTESIAN_POINT('',(0.,-6.));
#7051 = VECTOR('',#7052,1.);
#7052 = DIRECTION('',(1.,0.));
#7053 = ( GEOMETRIC_REPRESENTATION_CONTEXT(2) 
PARAMETRIC_REPRESENTATION_CONTEXT() REPRESENTATION_CONTEXT('2D SPACE',''
  ) );
#7054 = ORIENTED_EDGE('',*,*,#7055,.T.);
#7055 = EDGE_CURVE('',#7033,#7056,#7058,.T.);
#7056 = VERTEX_POINT('',#7057);
#7057 = CARTESIAN_POINT('',(8.199367291681,-3.710845727878,6.));
#7058 = SURFACE_CURVE('',#7059,(#7075,#7094),.PCURVE_S1.);
#7059 = B_SPLINE_CURVE_WITH_KNOTS('',3,(#7060,#7061,#7062,#7063,#7064,
    #7065,#7066,#7067,#7068,#7069,#7070,#7071,#7072,#7073,#7074),
  .UNSPECIFIED.,.F.,.F.,(4,1,1,1,1,1,1,1,1,1,1,1,4),(0.,0.12443872072,
    0.250991678229,0.379586472863,0.510216300037,0.642878959891,
    0.777573462559,0.914299277526,1.053056087294,1.193843686737,
    1.33666193564,1.481510733913,1.628390007606),.UNSPECIFIED.);
#7060 = CARTESIAN_POINT('',(6.593327813879,-3.611294853448,6.));
#7061 = CARTESIAN_POINT('',(6.630953180577,-3.629071639642,6.));
#7062 = CARTESIAN_POINT('',(6.708867375217,-3.659682168427,6.));
#7063 = CARTESIAN_POINT('',(6.830953360171,-3.693644935328,6.));
#7064 = CARTESIAN_POINT('',(6.956740147456,-3.720563327842,6.));
#7065 = CARTESIAN_POINT('',(7.085849924872,-3.740848213971,6.));
#7066 = CARTESIAN_POINT('',(7.217768875232,-3.755258171713,6.));
#7067 = CARTESIAN_POINT('',(7.352210069903,-3.764123098842,6.));
#7068 = CARTESIAN_POINT('',(7.488921698829,-3.767712796004,6.));
#7069 = CARTESIAN_POINT('',(7.627700364999,-3.76620690291,6.));
#7070 = CARTESIAN_POINT('',(7.76836675039,-3.759740845027,6.));
#7071 = CARTESIAN_POINT('',(7.910760910542,-3.748414057128,6.));
#7072 = CARTESIAN_POINT('',(8.05473411164,-3.732305099991,6.));
#7073 = CARTESIAN_POINT('',(8.151010578938,-3.718505928797,6.));
#7074 = CARTESIAN_POINT('',(8.199367291681,-3.710845727878,6.));
#7075 = PCURVE('',#72,#7076);
#7076 = DEFINITIONAL_REPRESENTATION('',(#7077),#7093);
#7077 = B_SPLINE_CURVE_WITH_KNOTS('',3,(#7078,#7079,#7080,#7081,#7082,
    #7083,#7084,#7085,#7086,#7087,#7088,#7089,#7090,#7091,#7092),
  .UNSPECIFIED.,.F.,.F.,(4,1,1,1,1,1,1,1,1,1,1,1,4),(0.,0.12443872072,
    0.250991678229,0.379586472863,0.510216300037,0.642878959891,
    0.777573462559,0.914299277526,1.053056087294,1.193843686737,
    1.33666193564,1.481510733913,1.628390007606),.UNSPECIFIED.);
#7078 = CARTESIAN_POINT('',(6.593327813879,-3.611294853448));
#7079 = CARTESIAN_POINT('',(6.630953180577,-3.629071639642));
#7080 = CARTESIAN_POINT('',(6.708867375217,-3.659682168427));
#7081 = CARTESIAN_POINT('',(6.830953360171,-3.693644935328));
#7082 = CARTESIAN_POINT('',(6.956740147456,-3.720563327842));
#7083 = CARTESIAN_POINT('',(7.085849924872,-3.740848213971));
#7084 = CARTESIAN_POINT('',(7.217768875232,-3.755258171713));
#7085 = CARTESIAN_POINT('',(7.352210069903,-3.764123098842));
#7086 = CARTESIAN_POINT('',(7.488921698829,-3.767712796004));
#7087 = CARTESIAN_POINT('',(7.627700364999,-3.76620690291));
#7088 = CARTESIAN_POINT('',(7.76836675039,-3.759740845027));
#7089 = CARTESIAN_POINT('',(7.910760910542,-3.748414057127));
#7090 = CARTESIAN_POINT('',(8.05473411164,-3.732305099991));
#7091 = CARTESIAN_POINT('',(8.151010578938,-3.718505928797));
#7092 = CARTESIAN_POINT('',(8.199367291681,-3.710845727878));
#7093 = ( GEOMETRIC_REPRESENTATION_CONTEXT(2) 
PARAMETRIC_REPRESENTATION_CONTEXT() REPRESENTATION_CONTEXT('2D SPACE',''
  ) );
#7094 = PCURVE('',#4018,#7095);
#7095 = DEFINITIONAL_REPRESENTATION('',(#7096),#7100);
#7096 = LINE('',#7097,#7098);
#7097 = CARTESIAN_POINT('',(0.,-6.));
#7098 = VECTOR('',#7099,1.);
#7099 = DIRECTION('',(1.,0.));
#7100 = ( GEOMETRIC_REPRESENTATION_CONTEXT(2) 
PARAMETRIC_REPRESENTATION_CONTEXT() REPRESENTATION_CONTEXT('2D SPACE',''
  ) );
#7101 = ORIENTED_EDGE('',*,*,#7102,.T.);
#7102 = EDGE_CURVE('',#7056,#7103,#7105,.T.);
#7103 = VERTEX_POINT('',#7104);
#7104 = CARTESIAN_POINT('',(8.421792391506,-3.173864035268,6.));
#7105 = SURFACE_CURVE('',#7106,(#7111,#7118),.PCURVE_S1.);
#7106 = CIRCLE('',#7107,9.);
#7107 = AXIS2_PLACEMENT_3D('',#7108,#7109,#7110);
#7108 = CARTESIAN_POINT('',(-2.57571741713E-14,3.930189507173E-14,6.));
#7109 = DIRECTION('',(0.,0.,1.));
#7110 = DIRECTION('',(0.911040810187,-0.412316191986,0.));
#7111 = PCURVE('',#72,#7112);
#7112 = DEFINITIONAL_REPRESENTATION('',(#7113),#7117);
#7113 = CIRCLE('',#7114,9.);
#7114 = AXIS2_PLACEMENT_2D('',#7115,#7116);
#7115 = CARTESIAN_POINT('',(-2.659270172897E-14,4.032515192242E-14));
#7116 = DIRECTION('',(0.911040810187,-0.412316191986));
#7117 = ( GEOMETRIC_REPRESENTATION_CONTEXT(2) 
PARAMETRIC_REPRESENTATION_CONTEXT() REPRESENTATION_CONTEXT('2D SPACE',''
  ) );
#7118 = PCURVE('',#4061,#7119);
#7119 = DEFINITIONAL_REPRESENTATION('',(#7120),#7124);
#7120 = LINE('',#7121,#7122);
#7121 = CARTESIAN_POINT('',(-0.,-6.));
#7122 = VECTOR('',#7123,1.);
#7123 = DIRECTION('',(-1.,0.));
#7124 = ( GEOMETRIC_REPRESENTATION_CONTEXT(2) 
PARAMETRIC_REPRESENTATION_CONTEXT() REPRESENTATION_CONTEXT('2D SPACE',''
  ) );
#7125 = ORIENTED_EDGE('',*,*,#7126,.T.);
#7126 = EDGE_CURVE('',#7103,#7127,#7129,.T.);
#7127 = VERTEX_POINT('',#7128);
#7128 = CARTESIAN_POINT('',(7.215757887517,-2.108615728042,6.));
#7129 = SURFACE_CURVE('',#7130,(#7146,#7165),.PCURVE_S1.);
#7130 = B_SPLINE_CURVE_WITH_KNOTS('',3,(#7131,#7132,#7133,#7134,#7135,
    #7136,#7137,#7138,#7139,#7140,#7141,#7142,#7143,#7144,#7145),
  .UNSPECIFIED.,.F.,.F.,(4,1,1,1,1,1,1,1,1,1,1,1,4),(0.,0.146879273693,
    0.291728071966,0.434546320869,0.575333920312,0.71409073008,
    0.850816545047,0.985511047715,1.118173707569,1.248803534744,
    1.377398329377,1.503951286886,1.628390007606),.UNSPECIFIED.);
#7131 = CARTESIAN_POINT('',(8.421792391506,-3.173864035268,6.));
#7132 = CARTESIAN_POINT('',(8.393015612025,-3.134254095756,6.));
#7133 = CARTESIAN_POINT('',(8.334695356656,-3.056418865334,6.));
#7134 = CARTESIAN_POINT('',(8.24428168268,-2.9432236857,6.));
#7135 = CARTESIAN_POINT('',(8.151603054968,-2.834526560922,6.));
#7136 = CARTESIAN_POINT('',(8.05670909335,-2.730488212551,6.));
#7137 = CARTESIAN_POINT('',(7.959642584635,-2.631292049399,6.));
#7138 = CARTESIAN_POINT('',(7.860434565549,-2.537160628724,6.));
#7139 = CARTESIAN_POINT('',(7.759101835039,-2.448364798389,6.));
#7140 = CARTESIAN_POINT('',(7.655631671836,-2.365273392859,6.));
#7141 = CARTESIAN_POINT('',(7.549993692169,-2.288322574268,6.));
#7142 = CARTESIAN_POINT('',(7.442014824012,-2.21841206188,6.));
#7143 = CARTESIAN_POINT('',(7.33167169338,-2.156099536815,6.));
#7144 = CARTESIAN_POINT('',(7.254933125519,-2.122650793914,6.));
#7145 = CARTESIAN_POINT('',(7.215757887517,-2.108615728042,6.));
#7146 = PCURVE('',#72,#7147);
#7147 = DEFINITIONAL_REPRESENTATION('',(#7148),#7164);
#7148 = B_SPLINE_CURVE_WITH_KNOTS('',3,(#7149,#7150,#7151,#7152,#7153,
    #7154,#7155,#7156,#7157,#7158,#7159,#7160,#7161,#7162,#7163),
  .UNSPECIFIED.,.F.,.F.,(4,1,1,1,1,1,1,1,1,1,1,1,4),(0.,0.146879273693,
    0.291728071966,0.434546320869,0.575333920312,0.71409073008,
    0.850816545047,0.985511047715,1.118173707569,1.248803534744,
    1.377398329377,1.503951286886,1.628390007606),.UNSPECIFIED.);
#7149 = CARTESIAN_POINT('',(8.421792391506,-3.173864035268));
#7150 = CARTESIAN_POINT('',(8.393015612025,-3.134254095756));
#7151 = CARTESIAN_POINT('',(8.334695356656,-3.056418865334));
#7152 = CARTESIAN_POINT('',(8.24428168268,-2.9432236857));
#7153 = CARTESIAN_POINT('',(8.151603054968,-2.834526560922));
#7154 = CARTESIAN_POINT('',(8.05670909335,-2.730488212551));
#7155 = CARTESIAN_POINT('',(7.959642584635,-2.631292049399));
#7156 = CARTESIAN_POINT('',(7.860434565549,-2.537160628724));
#7157 = CARTESIAN_POINT('',(7.759101835039,-2.448364798389));
#7158 = CARTESIAN_POINT('',(7.655631671836,-2.365273392859));
#7159 = CARTESIAN_POINT('',(7.549993692169,-2.288322574268));
#7160 = CARTESIAN_POINT('',(7.442014824012,-2.21841206188));
#7161 = CARTESIAN_POINT('',(7.33167169338,-2.156099536815));
#7162 = CARTESIAN_POINT('',(7.254933125519,-2.122650793914));
#7163 = CARTESIAN_POINT('',(7.215757887517,-2.108615728042));
#7164 = ( GEOMETRIC_REPRESENTATION_CONTEXT(2) 
PARAMETRIC_REPRESENTATION_CONTEXT() REPRESENTATION_CONTEXT('2D SPACE',''
  ) );
#7165 = PCURVE('',#4113,#7166);
#7166 = DEFINITIONAL_REPRESENTATION('',(#7167),#7171);
#7167 = LINE('',#7168,#7169);
#7168 = CARTESIAN_POINT('',(0.,-6.));
#7169 = VECTOR('',#7170,1.);
#7170 = DIRECTION('',(1.,0.));
#7171 = ( GEOMETRIC_REPRESENTATION_CONTEXT(2) 
PARAMETRIC_REPRESENTATION_CONTEXT() REPRESENTATION_CONTEXT('2D SPACE',''
  ) );
#7172 = ORIENTED_EDGE('',*,*,#7173,.T.);
#7173 = EDGE_CURVE('',#7127,#158,#7174,.T.);
#7174 = SURFACE_CURVE('',#7175,(#7179,#7186),.PCURVE_S1.);
#7175 = LINE('',#7176,#7177);
#7176 = CARTESIAN_POINT('',(7.215757887517,-2.108615728042,6.));
#7177 = VECTOR('',#7178,1.);
#7178 = DIRECTION('',(-0.959856144433,0.280492748559,0.));
#7179 = PCURVE('',#72,#7180);
#7180 = DEFINITIONAL_REPRESENTATION('',(#7181),#7185);
#7181 = LINE('',#7182,#7183);
#7182 = CARTESIAN_POINT('',(7.215757887517,-2.108615728042));
#7183 = VECTOR('',#7184,1.);
#7184 = DIRECTION('',(-0.959856144433,0.280492748559));
#7185 = ( GEOMETRIC_REPRESENTATION_CONTEXT(2) 
PARAMETRIC_REPRESENTATION_CONTEXT() REPRESENTATION_CONTEXT('2D SPACE',''
  ) );
#7186 = PCURVE('',#173,#7187);
#7187 = DEFINITIONAL_REPRESENTATION('',(#7188),#7192);
#7188 = LINE('',#7189,#7190);
#7189 = CARTESIAN_POINT('',(0.,-6.));
#7190 = VECTOR('',#7191,1.);
#7191 = DIRECTION('',(1.,0.));
#7192 = ( GEOMETRIC_REPRESENTATION_CONTEXT(2) 
PARAMETRIC_REPRESENTATION_CONTEXT() REPRESENTATION_CONTEXT('2D SPACE',''
  ) );
#7193 = ORIENTED_EDGE('',*,*,#185,.T.);
#7194 = FACE_BOUND('',#7195,.T.);
#7195 = EDGE_LOOP('',(#7196,#7221,#7249,#7272));
#7196 = ORIENTED_EDGE('',*,*,#7197,.F.);
#7197 = EDGE_CURVE('',#7198,#7200,#7202,.T.);
#7198 = VERTEX_POINT('',#7199);
#7199 = CARTESIAN_POINT('',(2.024845673132,1.55,6.));
#7200 = VERTEX_POINT('',#7201);
#7201 = CARTESIAN_POINT('',(-2.024845673132,1.55,6.));
#7202 = SURFACE_CURVE('',#7203,(#7207,#7214),.PCURVE_S1.);
#7203 = LINE('',#7204,#7205);
#7204 = CARTESIAN_POINT('',(3.55,1.55,6.));
#7205 = VECTOR('',#7206,1.);
#7206 = DIRECTION('',(-1.,0.,0.));
#7207 = PCURVE('',#72,#7208);
#7208 = DEFINITIONAL_REPRESENTATION('',(#7209),#7213);
#7209 = LINE('',#7210,#7211);
#7210 = CARTESIAN_POINT('',(3.55,1.55));
#7211 = VECTOR('',#7212,1.);
#7212 = DIRECTION('',(-1.,0.));
#7213 = ( GEOMETRIC_REPRESENTATION_CONTEXT(2) 
PARAMETRIC_REPRESENTATION_CONTEXT() REPRESENTATION_CONTEXT('2D SPACE',''
  ) );
#7214 = PCURVE('',#4265,#7215);
#7215 = DEFINITIONAL_REPRESENTATION('',(#7216),#7220);
#7216 = LINE('',#7217,#7218);
#7217 = CARTESIAN_POINT('',(0.,-6.));
#7218 = VECTOR('',#7219,1.);
#7219 = DIRECTION('',(1.,0.));
#7220 = ( GEOMETRIC_REPRESENTATION_CONTEXT(2) 
PARAMETRIC_REPRESENTATION_CONTEXT() REPRESENTATION_CONTEXT('2D SPACE',''
  ) );
#7221 = ORIENTED_EDGE('',*,*,#7222,.T.);
#7222 = EDGE_CURVE('',#7198,#7223,#7225,.T.);
#7223 = VERTEX_POINT('',#7224);
#7224 = CARTESIAN_POINT('',(2.024845673132,-1.55,6.));
#7225 = SURFACE_CURVE('',#7226,(#7231,#7242),.PCURVE_S1.);
#7226 = CIRCLE('',#7227,2.55);
#7227 = AXIS2_PLACEMENT_3D('',#7228,#7229,#7230);
#7228 = CARTESIAN_POINT('',(0.,0.,6.));
#7229 = DIRECTION('',(0.,0.,-1.));
#7230 = DIRECTION('',(0.794057126718,0.607843137255,0.));
#7231 = PCURVE('',#72,#7232);
#7232 = DEFINITIONAL_REPRESENTATION('',(#7233),#7241);
#7233 = ( BOUNDED_CURVE() B_SPLINE_CURVE(2,(#7234,#7235,#7236,#7237,
#7238,#7239,#7240),.UNSPECIFIED.,.T.,.F.) B_SPLINE_CURVE_WITH_KNOTS((1,2
    ,2,2,2,1),(-2.094395102393,0.,2.094395102393,4.188790204786,
6.28318530718,8.377580409573),.UNSPECIFIED.) CURVE() 
GEOMETRIC_REPRESENTATION_ITEM() RATIONAL_B_SPLINE_CURVE((1.,0.5,1.,0.5,
1.,0.5,1.)) REPRESENTATION_ITEM('') );
#7234 = CARTESIAN_POINT('',(2.024845673132,1.55));
#7235 = CARTESIAN_POINT('',(4.709524424863,-1.95713558335));
#7236 = CARTESIAN_POINT('',(0.3299165393,-2.528567791675));
#7237 = CARTESIAN_POINT('',(-4.049691346263,-3.1));
#7238 = CARTESIAN_POINT('',(-2.354762212432,0.978567791675));
#7239 = CARTESIAN_POINT('',(-0.6598330786,5.05713558335));
#7240 = CARTESIAN_POINT('',(2.024845673132,1.55));
#7241 = ( GEOMETRIC_REPRESENTATION_CONTEXT(2) 
PARAMETRIC_REPRESENTATION_CONTEXT() REPRESENTATION_CONTEXT('2D SPACE',''
  ) );
#7242 = PCURVE('',#4182,#7243);
#7243 = DEFINITIONAL_REPRESENTATION('',(#7244),#7248);
#7244 = LINE('',#7245,#7246);
#7245 = CARTESIAN_POINT('',(-6.936526808558,-6.));
#7246 = VECTOR('',#7247,1.);
#7247 = DIRECTION('',(1.,-0.));
#7248 = ( GEOMETRIC_REPRESENTATION_CONTEXT(2) 
PARAMETRIC_REPRESENTATION_CONTEXT() REPRESENTATION_CONTEXT('2D SPACE',''
  ) );
#7249 = ORIENTED_EDGE('',*,*,#7250,.F.);
#7250 = EDGE_CURVE('',#7251,#7223,#7253,.T.);
#7251 = VERTEX_POINT('',#7252);
#7252 = CARTESIAN_POINT('',(-2.024845673132,-1.55,6.));
#7253 = SURFACE_CURVE('',#7254,(#7258,#7265),.PCURVE_S1.);
#7254 = LINE('',#7255,#7256);
#7255 = CARTESIAN_POINT('',(-3.55,-1.55,6.));
#7256 = VECTOR('',#7257,1.);
#7257 = DIRECTION('',(1.,0.,0.));
#7258 = PCURVE('',#72,#7259);
#7259 = DEFINITIONAL_REPRESENTATION('',(#7260),#7264);
#7260 = LINE('',#7261,#7262);
#7261 = CARTESIAN_POINT('',(-3.55,-1.55));
#7262 = VECTOR('',#7263,1.);
#7263 = DIRECTION('',(1.,0.));
#7264 = ( GEOMETRIC_REPRESENTATION_CONTEXT(2) 
PARAMETRIC_REPRESENTATION_CONTEXT() REPRESENTATION_CONTEXT('2D SPACE',''
  ) );
#7265 = PCURVE('',#4210,#7266);
#7266 = DEFINITIONAL_REPRESENTATION('',(#7267),#7271);
#7267 = LINE('',#7268,#7269);
#7268 = CARTESIAN_POINT('',(0.,-6.));
#7269 = VECTOR('',#7270,1.);
#7270 = DIRECTION('',(1.,0.));
#7271 = ( GEOMETRIC_REPRESENTATION_CONTEXT(2) 
PARAMETRIC_REPRESENTATION_CONTEXT() REPRESENTATION_CONTEXT('2D SPACE',''
  ) );
#7272 = ORIENTED_EDGE('',*,*,#7273,.F.);
#7273 = EDGE_CURVE('',#7200,#7251,#7274,.T.);
#7274 = SURFACE_CURVE('',#7275,(#7280,#7287),.PCURVE_S1.);
#7275 = CIRCLE('',#7276,2.55);
#7276 = AXIS2_PLACEMENT_3D('',#7277,#7278,#7279);
#7277 = CARTESIAN_POINT('',(0.,0.,6.));
#7278 = DIRECTION('',(0.,0.,1.));
#7279 = DIRECTION('',(1.,0.,0.));
#7280 = PCURVE('',#72,#7281);
#7281 = DEFINITIONAL_REPRESENTATION('',(#7282),#7286);
#7282 = CIRCLE('',#7283,2.55);
#7283 = AXIS2_PLACEMENT_2D('',#7284,#7285);
#7284 = CARTESIAN_POINT('',(-8.35527557665E-16,1.023256850685E-15));
#7285 = DIRECTION('',(1.,0.));
#7286 = ( GEOMETRIC_REPRESENTATION_CONTEXT(2) 
PARAMETRIC_REPRESENTATION_CONTEXT() REPRESENTATION_CONTEXT('2D SPACE',''
  ) );
#7287 = PCURVE('',#4239,#7288);
#7288 = DEFINITIONAL_REPRESENTATION('',(#7289),#7293);
#7289 = LINE('',#7290,#7291);
#7290 = CARTESIAN_POINT('',(-0.,-6.));
#7291 = VECTOR('',#7292,1.);
#7292 = DIRECTION('',(-1.,0.));
#7293 = ( GEOMETRIC_REPRESENTATION_CONTEXT(2) 
PARAMETRIC_REPRESENTATION_CONTEXT() REPRESENTATION_CONTEXT('2D SPACE',''
  ) );
#7294 = ADVANCED_FACE('',(#7295),#173,.F.);
#7295 = FACE_BOUND('',#7296,.F.);
#7296 = EDGE_LOOP('',(#7297,#7318,#7319,#7320));
#7297 = ORIENTED_EDGE('',*,*,#7298,.T.);
#7298 = EDGE_CURVE('',#4074,#7127,#7299,.T.);
#7299 = SURFACE_CURVE('',#7300,(#7304,#7311),.PCURVE_S1.);
#7300 = LINE('',#7301,#7302);
#7301 = CARTESIAN_POINT('',(7.215757887517,-2.108615728042,0.));
#7302 = VECTOR('',#7303,1.);
#7303 = DIRECTION('',(0.,0.,1.));
#7304 = PCURVE('',#173,#7305);
#7305 = DEFINITIONAL_REPRESENTATION('',(#7306),#7310);
#7306 = LINE('',#7307,#7308);
#7307 = CARTESIAN_POINT('',(0.,0.));
#7308 = VECTOR('',#7309,1.);
#7309 = DIRECTION('',(0.,-1.));
#7310 = ( GEOMETRIC_REPRESENTATION_CONTEXT(2) 
PARAMETRIC_REPRESENTATION_CONTEXT() REPRESENTATION_CONTEXT('2D SPACE',''
  ) );
#7311 = PCURVE('',#4113,#7312);
#7312 = DEFINITIONAL_REPRESENTATION('',(#7313),#7317);
#7313 = LINE('',#7314,#7315);
#7314 = CARTESIAN_POINT('',(1.628390007606,0.));
#7315 = VECTOR('',#7316,1.);
#7316 = DIRECTION('',(0.,-1.));
#7317 = ( GEOMETRIC_REPRESENTATION_CONTEXT(2) 
PARAMETRIC_REPRESENTATION_CONTEXT() REPRESENTATION_CONTEXT('2D SPACE',''
  ) );
#7318 = ORIENTED_EDGE('',*,*,#7173,.T.);
#7319 = ORIENTED_EDGE('',*,*,#155,.F.);
#7320 = ORIENTED_EDGE('',*,*,#4139,.F.);
#7321 = ADVANCED_FACE('',(#7322),#297,.T.);
#7322 = FACE_BOUND('',#7323,.F.);
#7323 = EDGE_LOOP('',(#7324,#7325,#7326,#7347));
#7324 = ORIENTED_EDGE('',*,*,#281,.T.);
#7325 = ORIENTED_EDGE('',*,*,#4282,.T.);
#7326 = ORIENTED_EDGE('',*,*,#7327,.F.);
#7327 = EDGE_CURVE('',#360,#4283,#7328,.T.);
#7328 = SURFACE_CURVE('',#7329,(#7333,#7340),.PCURVE_S1.);
#7329 = LINE('',#7330,#7331);
#7330 = CARTESIAN_POINT('',(8.995306800448,0.29061239789,0.));
#7331 = VECTOR('',#7332,1.);
#7332 = DIRECTION('',(0.,0.,1.));
#7333 = PCURVE('',#297,#7334);
#7334 = DEFINITIONAL_REPRESENTATION('',(#7335),#7339);
#7335 = LINE('',#7336,#7337);
#7336 = CARTESIAN_POINT('',(-6.45917607372E-02,0.));
#7337 = VECTOR('',#7338,1.);
#7338 = DIRECTION('',(-0.,-1.));
#7339 = ( GEOMETRIC_REPRESENTATION_CONTEXT(2) 
PARAMETRIC_REPRESENTATION_CONTEXT() REPRESENTATION_CONTEXT('2D SPACE',''
  ) );
#7340 = PCURVE('',#423,#7341);
#7341 = DEFINITIONAL_REPRESENTATION('',(#7342),#7346);
#7342 = LINE('',#7343,#7344);
#7343 = CARTESIAN_POINT('',(0.,0.));
#7344 = VECTOR('',#7345,1.);
#7345 = DIRECTION('',(0.,-1.));
#7346 = ( GEOMETRIC_REPRESENTATION_CONTEXT(2) 
PARAMETRIC_REPRESENTATION_CONTEXT() REPRESENTATION_CONTEXT('2D SPACE',''
  ) );
#7347 = ORIENTED_EDGE('',*,*,#359,.F.);
#7348 = ADVANCED_FACE('',(#7349),#4113,.F.);
#7349 = FACE_BOUND('',#7350,.F.);
#7350 = EDGE_LOOP('',(#7351,#7372,#7373,#7374));
#7351 = ORIENTED_EDGE('',*,*,#7352,.T.);
#7352 = EDGE_CURVE('',#4045,#7103,#7353,.T.);
#7353 = SURFACE_CURVE('',#7354,(#7358,#7365),.PCURVE_S1.);
#7354 = LINE('',#7355,#7356);
#7355 = CARTESIAN_POINT('',(8.421792391506,-3.173864035268,0.));
#7356 = VECTOR('',#7357,1.);
#7357 = DIRECTION('',(0.,0.,1.));
#7358 = PCURVE('',#4113,#7359);
#7359 = DEFINITIONAL_REPRESENTATION('',(#7360),#7364);
#7360 = LINE('',#7361,#7362);
#7361 = CARTESIAN_POINT('',(0.,0.));
#7362 = VECTOR('',#7363,1.);
#7363 = DIRECTION('',(0.,-1.));
#7364 = ( GEOMETRIC_REPRESENTATION_CONTEXT(2) 
PARAMETRIC_REPRESENTATION_CONTEXT() REPRESENTATION_CONTEXT('2D SPACE',''
  ) );
#7365 = PCURVE('',#4061,#7366);
#7366 = DEFINITIONAL_REPRESENTATION('',(#7367),#7371);
#7367 = LINE('',#7368,#7369);
#7368 = CARTESIAN_POINT('',(-6.459176073721E-02,0.));
#7369 = VECTOR('',#7370,1.);
#7370 = DIRECTION('',(-0.,-1.));
#7371 = ( GEOMETRIC_REPRESENTATION_CONTEXT(2) 
PARAMETRIC_REPRESENTATION_CONTEXT() REPRESENTATION_CONTEXT('2D SPACE',''
  ) );
#7372 = ORIENTED_EDGE('',*,*,#7126,.T.);
#7373 = ORIENTED_EDGE('',*,*,#7298,.F.);
#7374 = ORIENTED_EDGE('',*,*,#4073,.F.);
#7375 = ADVANCED_FACE('',(#7376),#423,.F.);
#7376 = FACE_BOUND('',#7377,.F.);
#7377 = EDGE_LOOP('',(#7378,#7379,#7380,#7401));
#7378 = ORIENTED_EDGE('',*,*,#7327,.T.);
#7379 = ORIENTED_EDGE('',*,*,#4306,.T.);
#7380 = ORIENTED_EDGE('',*,*,#7381,.F.);
#7381 = EDGE_CURVE('',#384,#4307,#7382,.T.);
#7382 = SURFACE_CURVE('',#7383,(#7387,#7394),.PCURVE_S1.);
#7383 = LINE('',#7384,#7385);
#7384 = CARTESIAN_POINT('',(7.47342332818,0.813244082441,0.));
#7385 = VECTOR('',#7386,1.);
#7386 = DIRECTION('',(0.,0.,1.));
#7387 = PCURVE('',#423,#7388);
#7388 = DEFINITIONAL_REPRESENTATION('',(#7389),#7393);
#7389 = LINE('',#7390,#7391);
#7390 = CARTESIAN_POINT('',(1.628390007606,0.));
#7391 = VECTOR('',#7392,1.);
#7392 = DIRECTION('',(0.,-1.));
#7393 = ( GEOMETRIC_REPRESENTATION_CONTEXT(2) 
PARAMETRIC_REPRESENTATION_CONTEXT() REPRESENTATION_CONTEXT('2D SPACE',''
  ) );
#7394 = PCURVE('',#465,#7395);
#7395 = DEFINITIONAL_REPRESENTATION('',(#7396),#7400);
#7396 = LINE('',#7397,#7398);
#7397 = CARTESIAN_POINT('',(0.,0.));
#7398 = VECTOR('',#7399,1.);
#7399 = DIRECTION('',(0.,-1.));
#7400 = ( GEOMETRIC_REPRESENTATION_CONTEXT(2) 
PARAMETRIC_REPRESENTATION_CONTEXT() REPRESENTATION_CONTEXT('2D SPACE',''
  ) );
#7401 = ORIENTED_EDGE('',*,*,#383,.F.);
#7402 = ADVANCED_FACE('',(#7403),#4061,.T.);
#7403 = FACE_BOUND('',#7404,.F.);
#7404 = EDGE_LOOP('',(#7405,#7426,#7427,#7428));
#7405 = ORIENTED_EDGE('',*,*,#7406,.T.);
#7406 = EDGE_CURVE('',#3979,#7056,#7407,.T.);
#7407 = SURFACE_CURVE('',#7408,(#7412,#7419),.PCURVE_S1.);
#7408 = LINE('',#7409,#7410);
#7409 = CARTESIAN_POINT('',(8.199367291681,-3.710845727878,0.));
#7410 = VECTOR('',#7411,1.);
#7411 = DIRECTION('',(0.,0.,1.));
#7412 = PCURVE('',#4061,#7413);
#7413 = DEFINITIONAL_REPRESENTATION('',(#7414),#7418);
#7414 = LINE('',#7415,#7416);
#7415 = CARTESIAN_POINT('',(-0.,0.));
#7416 = VECTOR('',#7417,1.);
#7417 = DIRECTION('',(-0.,-1.));
#7418 = ( GEOMETRIC_REPRESENTATION_CONTEXT(2) 
PARAMETRIC_REPRESENTATION_CONTEXT() REPRESENTATION_CONTEXT('2D SPACE',''
  ) );
#7419 = PCURVE('',#4018,#7420);
#7420 = DEFINITIONAL_REPRESENTATION('',(#7421),#7425);
#7421 = LINE('',#7422,#7423);
#7422 = CARTESIAN_POINT('',(1.628390007606,0.));
#7423 = VECTOR('',#7424,1.);
#7424 = DIRECTION('',(0.,-1.));
#7425 = ( GEOMETRIC_REPRESENTATION_CONTEXT(2) 
PARAMETRIC_REPRESENTATION_CONTEXT() REPRESENTATION_CONTEXT('2D SPACE',''
  ) );
#7426 = ORIENTED_EDGE('',*,*,#7102,.T.);
#7427 = ORIENTED_EDGE('',*,*,#7352,.F.);
#7428 = ORIENTED_EDGE('',*,*,#4044,.F.);
#7429 = ADVANCED_FACE('',(#7430),#465,.F.);
#7430 = FACE_BOUND('',#7431,.F.);
#7431 = EDGE_LOOP('',(#7432,#7433,#7434,#7455));
#7432 = ORIENTED_EDGE('',*,*,#7381,.T.);
#7433 = ORIENTED_EDGE('',*,*,#4353,.T.);
#7434 = ORIENTED_EDGE('',*,*,#7435,.F.);
#7435 = EDGE_CURVE('',#450,#4354,#7436,.T.);
#7436 = SURFACE_CURVE('',#7437,(#7441,#7448),.PCURVE_S1.);
#7437 = LINE('',#7438,#7439);
#7438 = CARTESIAN_POINT('',(6.710386772941,0.730211857986,0.));
#7439 = VECTOR('',#7440,1.);
#7440 = DIRECTION('',(0.,0.,1.));
#7441 = PCURVE('',#465,#7442);
#7442 = DEFINITIONAL_REPRESENTATION('',(#7443),#7447);
#7443 = LINE('',#7444,#7445);
#7444 = CARTESIAN_POINT('',(0.767540966287,0.));
#7445 = VECTOR('',#7446,1.);
#7446 = DIRECTION('',(0.,-1.));
#7447 = ( GEOMETRIC_REPRESENTATION_CONTEXT(2) 
PARAMETRIC_REPRESENTATION_CONTEXT() REPRESENTATION_CONTEXT('2D SPACE',''
  ) );
#7448 = PCURVE('',#494,#7449);
#7449 = DEFINITIONAL_REPRESENTATION('',(#7450),#7454);
#7450 = LINE('',#7451,#7452);
#7451 = CARTESIAN_POINT('',(-0.,0.));
#7452 = VECTOR('',#7453,1.);
#7453 = DIRECTION('',(-0.,-1.));
#7454 = ( GEOMETRIC_REPRESENTATION_CONTEXT(2) 
PARAMETRIC_REPRESENTATION_CONTEXT() REPRESENTATION_CONTEXT('2D SPACE',''
  ) );
#7455 = ORIENTED_EDGE('',*,*,#449,.F.);
#7456 = ADVANCED_FACE('',(#7457),#4018,.F.);
#7457 = FACE_BOUND('',#7458,.F.);
#7458 = EDGE_LOOP('',(#7459,#7480,#7481,#7482));
#7459 = ORIENTED_EDGE('',*,*,#7460,.T.);
#7460 = EDGE_CURVE('',#3951,#7033,#7461,.T.);
#7461 = SURFACE_CURVE('',#7462,(#7466,#7473),.PCURVE_S1.);
#7462 = LINE('',#7463,#7464);
#7463 = CARTESIAN_POINT('',(6.593327813879,-3.611294853448,0.));
#7464 = VECTOR('',#7465,1.);
#7465 = DIRECTION('',(0.,0.,1.));
#7466 = PCURVE('',#4018,#7467);
#7467 = DEFINITIONAL_REPRESENTATION('',(#7468),#7472);
#7468 = LINE('',#7469,#7470);
#7469 = CARTESIAN_POINT('',(0.,0.));
#7470 = VECTOR('',#7471,1.);
#7471 = DIRECTION('',(0.,-1.));
#7472 = ( GEOMETRIC_REPRESENTATION_CONTEXT(2) 
PARAMETRIC_REPRESENTATION_CONTEXT() REPRESENTATION_CONTEXT('2D SPACE',''
  ) );
#7473 = PCURVE('',#3966,#7474);
#7474 = DEFINITIONAL_REPRESENTATION('',(#7475),#7479);
#7475 = LINE('',#7476,#7477);
#7476 = CARTESIAN_POINT('',(0.767540966287,0.));
#7477 = VECTOR('',#7478,1.);
#7478 = DIRECTION('',(0.,-1.));
#7479 = ( GEOMETRIC_REPRESENTATION_CONTEXT(2) 
PARAMETRIC_REPRESENTATION_CONTEXT() REPRESENTATION_CONTEXT('2D SPACE',''
  ) );
#7480 = ORIENTED_EDGE('',*,*,#7055,.T.);
#7481 = ORIENTED_EDGE('',*,*,#7406,.F.);
#7482 = ORIENTED_EDGE('',*,*,#3978,.F.);
#7483 = ADVANCED_FACE('',(#7484),#494,.T.);
#7484 = FACE_BOUND('',#7485,.F.);
#7485 = EDGE_LOOP('',(#7486,#7487,#7488,#7509));
#7486 = ORIENTED_EDGE('',*,*,#7435,.T.);
#7487 = ORIENTED_EDGE('',*,*,#4376,.T.);
#7488 = ORIENTED_EDGE('',*,*,#7489,.F.);
#7489 = EDGE_CURVE('',#478,#4377,#7490,.T.);
#7490 = SURFACE_CURVE('',#7491,(#7495,#7502),.PCURVE_S1.);
#7491 = LINE('',#7492,#7493);
#7492 = CARTESIAN_POINT('',(6.479028974922,1.893326052776,0.));
#7493 = VECTOR('',#7494,1.);
#7494 = DIRECTION('',(0.,0.,1.));
#7495 = PCURVE('',#494,#7496);
#7496 = DEFINITIONAL_REPRESENTATION('',(#7497),#7501);
#7497 = LINE('',#7498,#7499);
#7498 = CARTESIAN_POINT('',(-0.175915773115,0.));
#7499 = VECTOR('',#7500,1.);
#7500 = DIRECTION('',(-0.,-1.));
#7501 = ( GEOMETRIC_REPRESENTATION_CONTEXT(2) 
PARAMETRIC_REPRESENTATION_CONTEXT() REPRESENTATION_CONTEXT('2D SPACE',''
  ) );
#7502 = PCURVE('',#522,#7503);
#7503 = DEFINITIONAL_REPRESENTATION('',(#7504),#7508);
#7504 = LINE('',#7505,#7506);
#7505 = CARTESIAN_POINT('',(0.,0.));
#7506 = VECTOR('',#7507,1.);
#7507 = DIRECTION('',(0.,-1.));
#7508 = ( GEOMETRIC_REPRESENTATION_CONTEXT(2) 
PARAMETRIC_REPRESENTATION_CONTEXT() REPRESENTATION_CONTEXT('2D SPACE',''
  ) );
#7509 = ORIENTED_EDGE('',*,*,#477,.F.);
#7510 = ADVANCED_FACE('',(#7511),#3966,.F.);
#7511 = FACE_BOUND('',#7512,.F.);
#7512 = EDGE_LOOP('',(#7513,#7534,#7535,#7536));
#7513 = ORIENTED_EDGE('',*,*,#7514,.T.);
#7514 = EDGE_CURVE('',#3922,#7009,#7515,.T.);
#7515 = SURFACE_CURVE('',#7516,(#7520,#7527),.PCURVE_S1.);
#7516 = LINE('',#7517,#7518);
#7517 = CARTESIAN_POINT('',(5.920149014587,-3.242581632756,0.));
#7518 = VECTOR('',#7519,1.);
#7519 = DIRECTION('',(0.,0.,1.));
#7520 = PCURVE('',#3966,#7521);
#7521 = DEFINITIONAL_REPRESENTATION('',(#7522),#7526);
#7522 = LINE('',#7523,#7524);
#7523 = CARTESIAN_POINT('',(0.,0.));
#7524 = VECTOR('',#7525,1.);
#7525 = DIRECTION('',(0.,-1.));
#7526 = ( GEOMETRIC_REPRESENTATION_CONTEXT(2) 
PARAMETRIC_REPRESENTATION_CONTEXT() REPRESENTATION_CONTEXT('2D SPACE',''
  ) );
#7527 = PCURVE('',#3938,#7528);
#7528 = DEFINITIONAL_REPRESENTATION('',(#7529),#7533);
#7529 = LINE('',#7530,#7531);
#7530 = CARTESIAN_POINT('',(-0.175915773115,0.));
#7531 = VECTOR('',#7532,1.);
#7532 = DIRECTION('',(-0.,-1.));
#7533 = ( GEOMETRIC_REPRESENTATION_CONTEXT(2) 
PARAMETRIC_REPRESENTATION_CONTEXT() REPRESENTATION_CONTEXT('2D SPACE',''
  ) );
#7534 = ORIENTED_EDGE('',*,*,#7032,.T.);
#7535 = ORIENTED_EDGE('',*,*,#7460,.F.);
#7536 = ORIENTED_EDGE('',*,*,#3950,.F.);
#7537 = ADVANCED_FACE('',(#7538),#522,.F.);
#7538 = FACE_BOUND('',#7539,.F.);
#7539 = EDGE_LOOP('',(#7540,#7541,#7542,#7563));
#7540 = ORIENTED_EDGE('',*,*,#7489,.T.);
#7541 = ORIENTED_EDGE('',*,*,#4400,.T.);
#7542 = ORIENTED_EDGE('',*,*,#7543,.F.);
#7543 = EDGE_CURVE('',#507,#4401,#7544,.T.);
#7544 = SURFACE_CURVE('',#7545,(#7549,#7556),.PCURVE_S1.);
#7545 = LINE('',#7546,#7547);
#7546 = CARTESIAN_POINT('',(7.215757887517,2.108615728042,0.));
#7547 = VECTOR('',#7548,1.);
#7548 = DIRECTION('',(0.,0.,1.));
#7549 = PCURVE('',#522,#7550);
#7550 = DEFINITIONAL_REPRESENTATION('',(#7551),#7555);
#7551 = LINE('',#7552,#7553);
#7552 = CARTESIAN_POINT('',(0.767540966287,0.));
#7553 = VECTOR('',#7554,1.);
#7554 = DIRECTION('',(0.,-1.));
#7555 = ( GEOMETRIC_REPRESENTATION_CONTEXT(2) 
PARAMETRIC_REPRESENTATION_CONTEXT() REPRESENTATION_CONTEXT('2D SPACE',''
  ) );
#7556 = PCURVE('',#574,#7557);
#7557 = DEFINITIONAL_REPRESENTATION('',(#7558),#7562);
#7558 = LINE('',#7559,#7560);
#7559 = CARTESIAN_POINT('',(0.,0.));
#7560 = VECTOR('',#7561,1.);
#7561 = DIRECTION('',(0.,-1.));
#7562 = ( GEOMETRIC_REPRESENTATION_CONTEXT(2) 
PARAMETRIC_REPRESENTATION_CONTEXT() REPRESENTATION_CONTEXT('2D SPACE',''
  ) );
#7563 = ORIENTED_EDGE('',*,*,#506,.F.);
#7564 = ADVANCED_FACE('',(#7565),#3938,.T.);
#7565 = FACE_BOUND('',#7566,.F.);
#7566 = EDGE_LOOP('',(#7567,#7588,#7589,#7590));
#7567 = ORIENTED_EDGE('',*,*,#7568,.T.);
#7568 = EDGE_CURVE('',#3894,#6986,#7569,.T.);
#7569 = SURFACE_CURVE('',#7570,(#7574,#7581),.PCURVE_S1.);
#7570 = LINE('',#7571,#7572);
#7571 = CARTESIAN_POINT('',(5.261297748015,-4.228622235046,0.));
#7572 = VECTOR('',#7573,1.);
#7573 = DIRECTION('',(0.,0.,1.));
#7574 = PCURVE('',#3938,#7575);
#7575 = DEFINITIONAL_REPRESENTATION('',(#7576),#7580);
#7576 = LINE('',#7577,#7578);
#7577 = CARTESIAN_POINT('',(-0.,0.));
#7578 = VECTOR('',#7579,1.);
#7579 = DIRECTION('',(-0.,-1.));
#7580 = ( GEOMETRIC_REPRESENTATION_CONTEXT(2) 
PARAMETRIC_REPRESENTATION_CONTEXT() REPRESENTATION_CONTEXT('2D SPACE',''
  ) );
#7581 = PCURVE('',#3909,#7582);
#7582 = DEFINITIONAL_REPRESENTATION('',(#7583),#7587);
#7583 = LINE('',#7584,#7585);
#7584 = CARTESIAN_POINT('',(0.767540966287,0.));
#7585 = VECTOR('',#7586,1.);
#7586 = DIRECTION('',(0.,-1.));
#7587 = ( GEOMETRIC_REPRESENTATION_CONTEXT(2) 
PARAMETRIC_REPRESENTATION_CONTEXT() REPRESENTATION_CONTEXT('2D SPACE',''
  ) );
#7588 = ORIENTED_EDGE('',*,*,#7008,.T.);
#7589 = ORIENTED_EDGE('',*,*,#7514,.F.);
#7590 = ORIENTED_EDGE('',*,*,#3921,.F.);
#7591 = ADVANCED_FACE('',(#7592),#574,.F.);
#7592 = FACE_BOUND('',#7593,.F.);
#7593 = EDGE_LOOP('',(#7594,#7595,#7596,#7617));
#7594 = ORIENTED_EDGE('',*,*,#7543,.T.);
#7595 = ORIENTED_EDGE('',*,*,#4423,.T.);
#7596 = ORIENTED_EDGE('',*,*,#7597,.F.);
#7597 = EDGE_CURVE('',#535,#4424,#7598,.T.);
#7598 = SURFACE_CURVE('',#7599,(#7603,#7610),.PCURVE_S1.);
#7599 = LINE('',#7600,#7601);
#7600 = CARTESIAN_POINT('',(8.421792391506,3.173864035268,0.));
#7601 = VECTOR('',#7602,1.);
#7602 = DIRECTION('',(0.,0.,1.));
#7603 = PCURVE('',#574,#7604);
#7604 = DEFINITIONAL_REPRESENTATION('',(#7605),#7609);
#7605 = LINE('',#7606,#7607);
#7606 = CARTESIAN_POINT('',(1.628390007606,0.));
#7607 = VECTOR('',#7608,1.);
#7608 = DIRECTION('',(0.,-1.));
#7609 = ( GEOMETRIC_REPRESENTATION_CONTEXT(2) 
PARAMETRIC_REPRESENTATION_CONTEXT() REPRESENTATION_CONTEXT('2D SPACE',''
  ) );
#7610 = PCURVE('',#617,#7611);
#7611 = DEFINITIONAL_REPRESENTATION('',(#7612),#7616);
#7612 = LINE('',#7613,#7614);
#7613 = CARTESIAN_POINT('',(-0.,0.));
#7614 = VECTOR('',#7615,1.);
#7615 = DIRECTION('',(-0.,-1.));
#7616 = ( GEOMETRIC_REPRESENTATION_CONTEXT(2) 
PARAMETRIC_REPRESENTATION_CONTEXT() REPRESENTATION_CONTEXT('2D SPACE',''
  ) );
#7617 = ORIENTED_EDGE('',*,*,#534,.F.);
#7618 = ADVANCED_FACE('',(#7619),#3909,.F.);
#7619 = FACE_BOUND('',#7620,.F.);
#7620 = EDGE_LOOP('',(#7621,#7642,#7643,#7644));
#7621 = ORIENTED_EDGE('',*,*,#7622,.T.);
#7622 = EDGE_CURVE('',#3828,#6939,#7623,.T.);
#7623 = SURFACE_CURVE('',#7624,(#7628,#7635),.PCURVE_S1.);
#7624 = LINE('',#7625,#7626);
#7625 = CARTESIAN_POINT('',(5.859558719488,-4.70945790858,0.));
#7626 = VECTOR('',#7627,1.);
#7627 = DIRECTION('',(0.,0.,1.));
#7628 = PCURVE('',#3909,#7629);
#7629 = DEFINITIONAL_REPRESENTATION('',(#7630),#7634);
#7630 = LINE('',#7631,#7632);
#7631 = CARTESIAN_POINT('',(0.,0.));
#7632 = VECTOR('',#7633,1.);
#7633 = DIRECTION('',(0.,-1.));
#7634 = ( GEOMETRIC_REPRESENTATION_CONTEXT(2) 
PARAMETRIC_REPRESENTATION_CONTEXT() REPRESENTATION_CONTEXT('2D SPACE',''
  ) );
#7635 = PCURVE('',#3867,#7636);
#7636 = DEFINITIONAL_REPRESENTATION('',(#7637),#7641);
#7637 = LINE('',#7638,#7639);
#7638 = CARTESIAN_POINT('',(1.628390007606,0.));
#7639 = VECTOR('',#7640,1.);
#7640 = DIRECTION('',(0.,-1.));
#7641 = ( GEOMETRIC_REPRESENTATION_CONTEXT(2) 
PARAMETRIC_REPRESENTATION_CONTEXT() REPRESENTATION_CONTEXT('2D SPACE',''
  ) );
#7642 = ORIENTED_EDGE('',*,*,#6985,.T.);
#7643 = ORIENTED_EDGE('',*,*,#7568,.F.);
#7644 = ORIENTED_EDGE('',*,*,#3893,.F.);
#7645 = ADVANCED_FACE('',(#7646),#617,.T.);
#7646 = FACE_BOUND('',#7647,.F.);
#7647 = EDGE_LOOP('',(#7648,#7649,#7650,#7671));
#7648 = ORIENTED_EDGE('',*,*,#7597,.T.);
#7649 = ORIENTED_EDGE('',*,*,#4470,.T.);
#7650 = ORIENTED_EDGE('',*,*,#7651,.F.);
#7651 = EDGE_CURVE('',#601,#4471,#7652,.T.);
#7652 = SURFACE_CURVE('',#7653,(#7657,#7664),.PCURVE_S1.);
#7653 = LINE('',#7654,#7655);
#7654 = CARTESIAN_POINT('',(8.199367291681,3.710845727878,0.));
#7655 = VECTOR('',#7656,1.);
#7656 = DIRECTION('',(0.,0.,1.));
#7657 = PCURVE('',#617,#7658);
#7658 = DEFINITIONAL_REPRESENTATION('',(#7659),#7663);
#7659 = LINE('',#7660,#7661);
#7660 = CARTESIAN_POINT('',(-6.459176073718E-02,0.));
#7661 = VECTOR('',#7662,1.);
#7662 = DIRECTION('',(-0.,-1.));
#7663 = ( GEOMETRIC_REPRESENTATION_CONTEXT(2) 
PARAMETRIC_REPRESENTATION_CONTEXT() REPRESENTATION_CONTEXT('2D SPACE',''
  ) );
#7664 = PCURVE('',#669,#7665);
#7665 = DEFINITIONAL_REPRESENTATION('',(#7666),#7670);
#7666 = LINE('',#7667,#7668);
#7667 = CARTESIAN_POINT('',(0.,0.));
#7668 = VECTOR('',#7669,1.);
#7669 = DIRECTION('',(0.,-1.));
#7670 = ( GEOMETRIC_REPRESENTATION_CONTEXT(2) 
PARAMETRIC_REPRESENTATION_CONTEXT() REPRESENTATION_CONTEXT('2D SPACE',''
  ) );
#7671 = ORIENTED_EDGE('',*,*,#600,.F.);
#7672 = ADVANCED_FACE('',(#7673),#3867,.F.);
#7673 = FACE_BOUND('',#7674,.F.);
#7674 = EDGE_LOOP('',(#7675,#7696,#7697,#7698));
#7675 = ORIENTED_EDGE('',*,*,#7676,.T.);
#7676 = EDGE_CURVE('',#3799,#6915,#7677,.T.);
#7677 = SURFACE_CURVE('',#7678,(#7682,#7689),.PCURVE_S1.);
#7678 = LINE('',#7679,#7680);
#7679 = CARTESIAN_POINT('',(6.566136434696,-6.155148440205,0.));
#7680 = VECTOR('',#7681,1.);
#7681 = DIRECTION('',(0.,0.,1.));
#7682 = PCURVE('',#3867,#7683);
#7683 = DEFINITIONAL_REPRESENTATION('',(#7684),#7688);
#7684 = LINE('',#7685,#7686);
#7685 = CARTESIAN_POINT('',(0.,0.));
#7686 = VECTOR('',#7687,1.);
#7687 = DIRECTION('',(0.,-1.));
#7688 = ( GEOMETRIC_REPRESENTATION_CONTEXT(2) 
PARAMETRIC_REPRESENTATION_CONTEXT() REPRESENTATION_CONTEXT('2D SPACE',''
  ) );
#7689 = PCURVE('',#3815,#7690);
#7690 = DEFINITIONAL_REPRESENTATION('',(#7691),#7695);
#7691 = LINE('',#7692,#7693);
#7692 = CARTESIAN_POINT('',(-6.45917607372E-02,0.));
#7693 = VECTOR('',#7694,1.);
#7694 = DIRECTION('',(-0.,-1.));
#7695 = ( GEOMETRIC_REPRESENTATION_CONTEXT(2) 
PARAMETRIC_REPRESENTATION_CONTEXT() REPRESENTATION_CONTEXT('2D SPACE',''
  ) );
#7696 = ORIENTED_EDGE('',*,*,#6938,.T.);
#7697 = ORIENTED_EDGE('',*,*,#7622,.F.);
#7698 = ORIENTED_EDGE('',*,*,#3827,.F.);
#7699 = ADVANCED_FACE('',(#7700),#669,.F.);
#7700 = FACE_BOUND('',#7701,.F.);
#7701 = EDGE_LOOP('',(#7702,#7703,#7704,#7725));
#7702 = ORIENTED_EDGE('',*,*,#7651,.T.);
#7703 = ORIENTED_EDGE('',*,*,#4494,.T.);
#7704 = ORIENTED_EDGE('',*,*,#7705,.F.);
#7705 = EDGE_CURVE('',#630,#4495,#7706,.T.);
#7706 = SURFACE_CURVE('',#7707,(#7711,#7718),.PCURVE_S1.);
#7707 = LINE('',#7708,#7709);
#7708 = CARTESIAN_POINT('',(6.593327813879,3.611294853448,0.));
#7709 = VECTOR('',#7710,1.);
#7710 = DIRECTION('',(0.,0.,1.));
#7711 = PCURVE('',#669,#7712);
#7712 = DEFINITIONAL_REPRESENTATION('',(#7713),#7717);
#7713 = LINE('',#7714,#7715);
#7714 = CARTESIAN_POINT('',(1.628390007606,0.));
#7715 = VECTOR('',#7716,1.);
#7716 = DIRECTION('',(0.,-1.));
#7717 = ( GEOMETRIC_REPRESENTATION_CONTEXT(2) 
PARAMETRIC_REPRESENTATION_CONTEXT() REPRESENTATION_CONTEXT('2D SPACE',''
  ) );
#7718 = PCURVE('',#711,#7719);
#7719 = DEFINITIONAL_REPRESENTATION('',(#7720),#7724);
#7720 = LINE('',#7721,#7722);
#7721 = CARTESIAN_POINT('',(0.,0.));
#7722 = VECTOR('',#7723,1.);
#7723 = DIRECTION('',(0.,-1.));
#7724 = ( GEOMETRIC_REPRESENTATION_CONTEXT(2) 
PARAMETRIC_REPRESENTATION_CONTEXT() REPRESENTATION_CONTEXT('2D SPACE',''
  ) );
#7725 = ORIENTED_EDGE('',*,*,#629,.F.);
#7726 = ADVANCED_FACE('',(#7727),#3815,.T.);
#7727 = FACE_BOUND('',#7728,.F.);
#7728 = EDGE_LOOP('',(#7729,#7750,#7751,#7752));
#7729 = ORIENTED_EDGE('',*,*,#7730,.T.);
#7730 = EDGE_CURVE('',#3733,#6868,#7731,.T.);
#7731 = SURFACE_CURVE('',#7732,(#7736,#7743),.PCURVE_S1.);
#7732 = LINE('',#7733,#7734);
#7733 = CARTESIAN_POINT('',(6.155148440205,-6.566136434696,0.));
#7734 = VECTOR('',#7735,1.);
#7735 = DIRECTION('',(0.,0.,1.));
#7736 = PCURVE('',#3815,#7737);
#7737 = DEFINITIONAL_REPRESENTATION('',(#7738),#7742);
#7738 = LINE('',#7739,#7740);
#7739 = CARTESIAN_POINT('',(-0.,0.));
#7740 = VECTOR('',#7741,1.);
#7741 = DIRECTION('',(-0.,-1.));
#7742 = ( GEOMETRIC_REPRESENTATION_CONTEXT(2) 
PARAMETRIC_REPRESENTATION_CONTEXT() REPRESENTATION_CONTEXT('2D SPACE',''
  ) );
#7743 = PCURVE('',#3772,#7744);
#7744 = DEFINITIONAL_REPRESENTATION('',(#7745),#7749);
#7745 = LINE('',#7746,#7747);
#7746 = CARTESIAN_POINT('',(1.628390007606,0.));
#7747 = VECTOR('',#7748,1.);
#7748 = DIRECTION('',(0.,-1.));
#7749 = ( GEOMETRIC_REPRESENTATION_CONTEXT(2) 
PARAMETRIC_REPRESENTATION_CONTEXT() REPRESENTATION_CONTEXT('2D SPACE',''
  ) );
#7750 = ORIENTED_EDGE('',*,*,#6914,.T.);
#7751 = ORIENTED_EDGE('',*,*,#7676,.F.);
#7752 = ORIENTED_EDGE('',*,*,#3798,.F.);
#7753 = ADVANCED_FACE('',(#7754),#711,.F.);
#7754 = FACE_BOUND('',#7755,.F.);
#7755 = EDGE_LOOP('',(#7756,#7757,#7758,#7779));
#7756 = ORIENTED_EDGE('',*,*,#7705,.T.);
#7757 = ORIENTED_EDGE('',*,*,#4541,.T.);
#7758 = ORIENTED_EDGE('',*,*,#7759,.F.);
#7759 = EDGE_CURVE('',#696,#4542,#7760,.T.);
#7760 = SURFACE_CURVE('',#7761,(#7765,#7772),.PCURVE_S1.);
#7761 = LINE('',#7762,#7763);
#7762 = CARTESIAN_POINT('',(5.920149014587,3.242581632756,0.));
#7763 = VECTOR('',#7764,1.);
#7764 = DIRECTION('',(0.,0.,1.));
#7765 = PCURVE('',#711,#7766);
#7766 = DEFINITIONAL_REPRESENTATION('',(#7767),#7771);
#7767 = LINE('',#7768,#7769);
#7768 = CARTESIAN_POINT('',(0.767540966287,0.));
#7769 = VECTOR('',#7770,1.);
#7770 = DIRECTION('',(0.,-1.));
#7771 = ( GEOMETRIC_REPRESENTATION_CONTEXT(2) 
PARAMETRIC_REPRESENTATION_CONTEXT() REPRESENTATION_CONTEXT('2D SPACE',''
  ) );
#7772 = PCURVE('',#740,#7773);
#7773 = DEFINITIONAL_REPRESENTATION('',(#7774),#7778);
#7774 = LINE('',#7775,#7776);
#7775 = CARTESIAN_POINT('',(-0.,0.));
#7776 = VECTOR('',#7777,1.);
#7777 = DIRECTION('',(-0.,-1.));
#7778 = ( GEOMETRIC_REPRESENTATION_CONTEXT(2) 
PARAMETRIC_REPRESENTATION_CONTEXT() REPRESENTATION_CONTEXT('2D SPACE',''
  ) );
#7779 = ORIENTED_EDGE('',*,*,#695,.F.);
#7780 = ADVANCED_FACE('',(#7781),#3772,.F.);
#7781 = FACE_BOUND('',#7782,.F.);
#7782 = EDGE_LOOP('',(#7783,#7804,#7805,#7806));
#7783 = ORIENTED_EDGE('',*,*,#7784,.T.);
#7784 = EDGE_CURVE('',#3705,#6845,#7785,.T.);
#7785 = SURFACE_CURVE('',#7786,(#7790,#7797),.PCURVE_S1.);
#7786 = LINE('',#7787,#7788);
#7787 = CARTESIAN_POINT('',(4.70945790858,-5.859558719488,0.));
#7788 = VECTOR('',#7789,1.);
#7789 = DIRECTION('',(0.,0.,1.));
#7790 = PCURVE('',#3772,#7791);
#7791 = DEFINITIONAL_REPRESENTATION('',(#7792),#7796);
#7792 = LINE('',#7793,#7794);
#7793 = CARTESIAN_POINT('',(0.,0.));
#7794 = VECTOR('',#7795,1.);
#7795 = DIRECTION('',(0.,-1.));
#7796 = ( GEOMETRIC_REPRESENTATION_CONTEXT(2) 
PARAMETRIC_REPRESENTATION_CONTEXT() REPRESENTATION_CONTEXT('2D SPACE',''
  ) );
#7797 = PCURVE('',#3720,#7798);
#7798 = DEFINITIONAL_REPRESENTATION('',(#7799),#7803);
#7799 = LINE('',#7800,#7801);
#7800 = CARTESIAN_POINT('',(0.767540966287,0.));
#7801 = VECTOR('',#7802,1.);
#7802 = DIRECTION('',(0.,-1.));
#7803 = ( GEOMETRIC_REPRESENTATION_CONTEXT(2) 
PARAMETRIC_REPRESENTATION_CONTEXT() REPRESENTATION_CONTEXT('2D SPACE',''
  ) );
#7804 = ORIENTED_EDGE('',*,*,#6867,.T.);
#7805 = ORIENTED_EDGE('',*,*,#7730,.F.);
#7806 = ORIENTED_EDGE('',*,*,#3732,.F.);
#7807 = ADVANCED_FACE('',(#7808),#740,.T.);
#7808 = FACE_BOUND('',#7809,.F.);
#7809 = EDGE_LOOP('',(#7810,#7811,#7812,#7833));
#7810 = ORIENTED_EDGE('',*,*,#7759,.T.);
#7811 = ORIENTED_EDGE('',*,*,#4564,.T.);
#7812 = ORIENTED_EDGE('',*,*,#7813,.F.);
#7813 = EDGE_CURVE('',#724,#4565,#7814,.T.);
#7814 = SURFACE_CURVE('',#7815,(#7819,#7826),.PCURVE_S1.);
#7815 = LINE('',#7816,#7817);
#7816 = CARTESIAN_POINT('',(5.261297748015,4.228622235046,0.));
#7817 = VECTOR('',#7818,1.);
#7818 = DIRECTION('',(0.,0.,1.));
#7819 = PCURVE('',#740,#7820);
#7820 = DEFINITIONAL_REPRESENTATION('',(#7821),#7825);
#7821 = LINE('',#7822,#7823);
#7822 = CARTESIAN_POINT('',(-0.175915773115,0.));
#7823 = VECTOR('',#7824,1.);
#7824 = DIRECTION('',(-0.,-1.));
#7825 = ( GEOMETRIC_REPRESENTATION_CONTEXT(2) 
PARAMETRIC_REPRESENTATION_CONTEXT() REPRESENTATION_CONTEXT('2D SPACE',''
  ) );
#7826 = PCURVE('',#768,#7827);
#7827 = DEFINITIONAL_REPRESENTATION('',(#7828),#7832);
#7828 = LINE('',#7829,#7830);
#7829 = CARTESIAN_POINT('',(0.,0.));
#7830 = VECTOR('',#7831,1.);
#7831 = DIRECTION('',(0.,-1.));
#7832 = ( GEOMETRIC_REPRESENTATION_CONTEXT(2) 
PARAMETRIC_REPRESENTATION_CONTEXT() REPRESENTATION_CONTEXT('2D SPACE',''
  ) );
#7833 = ORIENTED_EDGE('',*,*,#723,.F.);
#7834 = ADVANCED_FACE('',(#7835),#3720,.F.);
#7835 = FACE_BOUND('',#7836,.F.);
#7836 = EDGE_LOOP('',(#7837,#7858,#7859,#7860));
#7837 = ORIENTED_EDGE('',*,*,#7838,.T.);
#7838 = EDGE_CURVE('',#3676,#6821,#7839,.T.);
#7839 = SURFACE_CURVE('',#7840,(#7844,#7851),.PCURVE_S1.);
#7840 = LINE('',#7841,#7842);
#7841 = CARTESIAN_POINT('',(4.228622235046,-5.261297748015,0.));
#7842 = VECTOR('',#7843,1.);
#7843 = DIRECTION('',(0.,0.,1.));
#7844 = PCURVE('',#3720,#7845);
#7845 = DEFINITIONAL_REPRESENTATION('',(#7846),#7850);
#7846 = LINE('',#7847,#7848);
#7847 = CARTESIAN_POINT('',(0.,0.));
#7848 = VECTOR('',#7849,1.);
#7849 = DIRECTION('',(0.,-1.));
#7850 = ( GEOMETRIC_REPRESENTATION_CONTEXT(2) 
PARAMETRIC_REPRESENTATION_CONTEXT() REPRESENTATION_CONTEXT('2D SPACE',''
  ) );
#7851 = PCURVE('',#3692,#7852);
#7852 = DEFINITIONAL_REPRESENTATION('',(#7853),#7857);
#7853 = LINE('',#7854,#7855);
#7854 = CARTESIAN_POINT('',(-0.175915773115,0.));
#7855 = VECTOR('',#7856,1.);
#7856 = DIRECTION('',(-0.,-1.));
#7857 = ( GEOMETRIC_REPRESENTATION_CONTEXT(2) 
PARAMETRIC_REPRESENTATION_CONTEXT() REPRESENTATION_CONTEXT('2D SPACE',''
  ) );
#7858 = ORIENTED_EDGE('',*,*,#6844,.T.);
#7859 = ORIENTED_EDGE('',*,*,#7784,.F.);
#7860 = ORIENTED_EDGE('',*,*,#3704,.F.);
#7861 = ADVANCED_FACE('',(#7862),#768,.F.);
#7862 = FACE_BOUND('',#7863,.F.);
#7863 = EDGE_LOOP('',(#7864,#7865,#7866,#7887));
#7864 = ORIENTED_EDGE('',*,*,#7813,.T.);
#7865 = ORIENTED_EDGE('',*,*,#4588,.T.);
#7866 = ORIENTED_EDGE('',*,*,#7867,.F.);
#7867 = EDGE_CURVE('',#753,#4589,#7868,.T.);
#7868 = SURFACE_CURVE('',#7869,(#7873,#7880),.PCURVE_S1.);
#7869 = LINE('',#7870,#7871);
#7870 = CARTESIAN_POINT('',(5.859558719488,4.70945790858,0.));
#7871 = VECTOR('',#7872,1.);
#7872 = DIRECTION('',(0.,0.,1.));
#7873 = PCURVE('',#768,#7874);
#7874 = DEFINITIONAL_REPRESENTATION('',(#7875),#7879);
#7875 = LINE('',#7876,#7877);
#7876 = CARTESIAN_POINT('',(0.767540966287,0.));
#7877 = VECTOR('',#7878,1.);
#7878 = DIRECTION('',(0.,-1.));
#7879 = ( GEOMETRIC_REPRESENTATION_CONTEXT(2) 
PARAMETRIC_REPRESENTATION_CONTEXT() REPRESENTATION_CONTEXT('2D SPACE',''
  ) );
#7880 = PCURVE('',#820,#7881);
#7881 = DEFINITIONAL_REPRESENTATION('',(#7882),#7886);
#7882 = LINE('',#7883,#7884);
#7883 = CARTESIAN_POINT('',(0.,0.));
#7884 = VECTOR('',#7885,1.);
#7885 = DIRECTION('',(0.,-1.));
#7886 = ( GEOMETRIC_REPRESENTATION_CONTEXT(2) 
PARAMETRIC_REPRESENTATION_CONTEXT() REPRESENTATION_CONTEXT('2D SPACE',''
  ) );
#7887 = ORIENTED_EDGE('',*,*,#752,.F.);
#7888 = ADVANCED_FACE('',(#7889),#3692,.T.);
#7889 = FACE_BOUND('',#7890,.F.);
#7890 = EDGE_LOOP('',(#7891,#7912,#7913,#7914));
#7891 = ORIENTED_EDGE('',*,*,#7892,.T.);
#7892 = EDGE_CURVE('',#3648,#6798,#7893,.T.);
#7893 = SURFACE_CURVE('',#7894,(#7898,#7905),.PCURVE_S1.);
#7894 = LINE('',#7895,#7896);
#7895 = CARTESIAN_POINT('',(3.242581632756,-5.920149014587,0.));
#7896 = VECTOR('',#7897,1.);
#7897 = DIRECTION('',(0.,0.,1.));
#7898 = PCURVE('',#3692,#7899);
#7899 = DEFINITIONAL_REPRESENTATION('',(#7900),#7904);
#7900 = LINE('',#7901,#7902);
#7901 = CARTESIAN_POINT('',(-0.,0.));
#7902 = VECTOR('',#7903,1.);
#7903 = DIRECTION('',(-0.,-1.));
#7904 = ( GEOMETRIC_REPRESENTATION_CONTEXT(2) 
PARAMETRIC_REPRESENTATION_CONTEXT() REPRESENTATION_CONTEXT('2D SPACE',''
  ) );
#7905 = PCURVE('',#3663,#7906);
#7906 = DEFINITIONAL_REPRESENTATION('',(#7907),#7911);
#7907 = LINE('',#7908,#7909);
#7908 = CARTESIAN_POINT('',(0.767540966287,0.));
#7909 = VECTOR('',#7910,1.);
#7910 = DIRECTION('',(0.,-1.));
#7911 = ( GEOMETRIC_REPRESENTATION_CONTEXT(2) 
PARAMETRIC_REPRESENTATION_CONTEXT() REPRESENTATION_CONTEXT('2D SPACE',''
  ) );
#7912 = ORIENTED_EDGE('',*,*,#6820,.T.);
#7913 = ORIENTED_EDGE('',*,*,#7838,.F.);
#7914 = ORIENTED_EDGE('',*,*,#3675,.F.);
#7915 = ADVANCED_FACE('',(#7916),#820,.F.);
#7916 = FACE_BOUND('',#7917,.F.);
#7917 = EDGE_LOOP('',(#7918,#7919,#7920,#7941));
#7918 = ORIENTED_EDGE('',*,*,#7867,.T.);
#7919 = ORIENTED_EDGE('',*,*,#4611,.T.);
#7920 = ORIENTED_EDGE('',*,*,#7921,.F.);
#7921 = EDGE_CURVE('',#781,#4612,#7922,.T.);
#7922 = SURFACE_CURVE('',#7923,(#7927,#7934),.PCURVE_S1.);
#7923 = LINE('',#7924,#7925);
#7924 = CARTESIAN_POINT('',(6.566136434696,6.155148440205,0.));
#7925 = VECTOR('',#7926,1.);
#7926 = DIRECTION('',(0.,0.,1.));
#7927 = PCURVE('',#820,#7928);
#7928 = DEFINITIONAL_REPRESENTATION('',(#7929),#7933);
#7929 = LINE('',#7930,#7931);
#7930 = CARTESIAN_POINT('',(1.628390007606,0.));
#7931 = VECTOR('',#7932,1.);
#7932 = DIRECTION('',(0.,-1.));
#7933 = ( GEOMETRIC_REPRESENTATION_CONTEXT(2) 
PARAMETRIC_REPRESENTATION_CONTEXT() REPRESENTATION_CONTEXT('2D SPACE',''
  ) );
#7934 = PCURVE('',#863,#7935);
#7935 = DEFINITIONAL_REPRESENTATION('',(#7936),#7940);
#7936 = LINE('',#7937,#7938);
#7937 = CARTESIAN_POINT('',(-0.,0.));
#7938 = VECTOR('',#7939,1.);
#7939 = DIRECTION('',(-0.,-1.));
#7940 = ( GEOMETRIC_REPRESENTATION_CONTEXT(2) 
PARAMETRIC_REPRESENTATION_CONTEXT() REPRESENTATION_CONTEXT('2D SPACE',''
  ) );
#7941 = ORIENTED_EDGE('',*,*,#780,.F.);
#7942 = ADVANCED_FACE('',(#7943),#3663,.F.);
#7943 = FACE_BOUND('',#7944,.F.);
#7944 = EDGE_LOOP('',(#7945,#7966,#7967,#7968));
#7945 = ORIENTED_EDGE('',*,*,#7946,.T.);
#7946 = EDGE_CURVE('',#3582,#6751,#7947,.T.);
#7947 = SURFACE_CURVE('',#7948,(#7952,#7959),.PCURVE_S1.);
#7948 = LINE('',#7949,#7950);
#7949 = CARTESIAN_POINT('',(3.611294853448,-6.593327813879,0.));
#7950 = VECTOR('',#7951,1.);
#7951 = DIRECTION('',(0.,0.,1.));
#7952 = PCURVE('',#3663,#7953);
#7953 = DEFINITIONAL_REPRESENTATION('',(#7954),#7958);
#7954 = LINE('',#7955,#7956);
#7955 = CARTESIAN_POINT('',(0.,0.));
#7956 = VECTOR('',#7957,1.);
#7957 = DIRECTION('',(0.,-1.));
#7958 = ( GEOMETRIC_REPRESENTATION_CONTEXT(2) 
PARAMETRIC_REPRESENTATION_CONTEXT() REPRESENTATION_CONTEXT('2D SPACE',''
  ) );
#7959 = PCURVE('',#3621,#7960);
#7960 = DEFINITIONAL_REPRESENTATION('',(#7961),#7965);
#7961 = LINE('',#7962,#7963);
#7962 = CARTESIAN_POINT('',(1.628390007606,0.));
#7963 = VECTOR('',#7964,1.);
#7964 = DIRECTION('',(0.,-1.));
#7965 = ( GEOMETRIC_REPRESENTATION_CONTEXT(2) 
PARAMETRIC_REPRESENTATION_CONTEXT() REPRESENTATION_CONTEXT('2D SPACE',''
  ) );
#7966 = ORIENTED_EDGE('',*,*,#6797,.T.);
#7967 = ORIENTED_EDGE('',*,*,#7892,.F.);
#7968 = ORIENTED_EDGE('',*,*,#3647,.F.);
#7969 = ADVANCED_FACE('',(#7970),#863,.T.);
#7970 = FACE_BOUND('',#7971,.F.);
#7971 = EDGE_LOOP('',(#7972,#7973,#7974,#7995));
#7972 = ORIENTED_EDGE('',*,*,#7921,.T.);
#7973 = ORIENTED_EDGE('',*,*,#4658,.T.);
#7974 = ORIENTED_EDGE('',*,*,#7975,.F.);
#7975 = EDGE_CURVE('',#847,#4659,#7976,.T.);
#7976 = SURFACE_CURVE('',#7977,(#7981,#7988),.PCURVE_S1.);
#7977 = LINE('',#7978,#7979);
#7978 = CARTESIAN_POINT('',(6.155148440205,6.566136434696,0.));
#7979 = VECTOR('',#7980,1.);
#7980 = DIRECTION('',(0.,0.,1.));
#7981 = PCURVE('',#863,#7982);
#7982 = DEFINITIONAL_REPRESENTATION('',(#7983),#7987);
#7983 = LINE('',#7984,#7985);
#7984 = CARTESIAN_POINT('',(-6.459176073723E-02,0.));
#7985 = VECTOR('',#7986,1.);
#7986 = DIRECTION('',(-0.,-1.));
#7987 = ( GEOMETRIC_REPRESENTATION_CONTEXT(2) 
PARAMETRIC_REPRESENTATION_CONTEXT() REPRESENTATION_CONTEXT('2D SPACE',''
  ) );
#7988 = PCURVE('',#915,#7989);
#7989 = DEFINITIONAL_REPRESENTATION('',(#7990),#7994);
#7990 = LINE('',#7991,#7992);
#7991 = CARTESIAN_POINT('',(0.,0.));
#7992 = VECTOR('',#7993,1.);
#7993 = DIRECTION('',(0.,-1.));
#7994 = ( GEOMETRIC_REPRESENTATION_CONTEXT(2) 
PARAMETRIC_REPRESENTATION_CONTEXT() REPRESENTATION_CONTEXT('2D SPACE',''
  ) );
#7995 = ORIENTED_EDGE('',*,*,#846,.F.);
#7996 = ADVANCED_FACE('',(#7997),#3621,.F.);
#7997 = FACE_BOUND('',#7998,.F.);
#7998 = EDGE_LOOP('',(#7999,#8020,#8021,#8022));
#7999 = ORIENTED_EDGE('',*,*,#8000,.T.);
#8000 = EDGE_CURVE('',#3553,#6727,#8001,.T.);
#8001 = SURFACE_CURVE('',#8002,(#8006,#8013),.PCURVE_S1.);
#8002 = LINE('',#8003,#8004);
#8003 = CARTESIAN_POINT('',(3.710845727878,-8.199367291681,0.));
#8004 = VECTOR('',#8005,1.);
#8005 = DIRECTION('',(0.,0.,1.));
#8006 = PCURVE('',#3621,#8007);
#8007 = DEFINITIONAL_REPRESENTATION('',(#8008),#8012);
#8008 = LINE('',#8009,#8010);
#8009 = CARTESIAN_POINT('',(0.,0.));
#8010 = VECTOR('',#8011,1.);
#8011 = DIRECTION('',(0.,-1.));
#8012 = ( GEOMETRIC_REPRESENTATION_CONTEXT(2) 
PARAMETRIC_REPRESENTATION_CONTEXT() REPRESENTATION_CONTEXT('2D SPACE',''
  ) );
#8013 = PCURVE('',#3569,#8014);
#8014 = DEFINITIONAL_REPRESENTATION('',(#8015),#8019);
#8015 = LINE('',#8016,#8017);
#8016 = CARTESIAN_POINT('',(-6.459176073721E-02,0.));
#8017 = VECTOR('',#8018,1.);
#8018 = DIRECTION('',(-0.,-1.));
#8019 = ( GEOMETRIC_REPRESENTATION_CONTEXT(2) 
PARAMETRIC_REPRESENTATION_CONTEXT() REPRESENTATION_CONTEXT('2D SPACE',''
  ) );
#8020 = ORIENTED_EDGE('',*,*,#6750,.T.);
#8021 = ORIENTED_EDGE('',*,*,#7946,.F.);
#8022 = ORIENTED_EDGE('',*,*,#3581,.F.);
#8023 = ADVANCED_FACE('',(#8024),#915,.F.);
#8024 = FACE_BOUND('',#8025,.F.);
#8025 = EDGE_LOOP('',(#8026,#8027,#8028,#8049));
#8026 = ORIENTED_EDGE('',*,*,#7975,.T.);
#8027 = ORIENTED_EDGE('',*,*,#4682,.T.);
#8028 = ORIENTED_EDGE('',*,*,#8029,.F.);
#8029 = EDGE_CURVE('',#876,#4683,#8030,.T.);
#8030 = SURFACE_CURVE('',#8031,(#8035,#8042),.PCURVE_S1.);
#8031 = LINE('',#8032,#8033);
#8032 = CARTESIAN_POINT('',(4.70945790858,5.859558719488,0.));
#8033 = VECTOR('',#8034,1.);
#8034 = DIRECTION('',(0.,0.,1.));
#8035 = PCURVE('',#915,#8036);
#8036 = DEFINITIONAL_REPRESENTATION('',(#8037),#8041);
#8037 = LINE('',#8038,#8039);
#8038 = CARTESIAN_POINT('',(1.628390007606,0.));
#8039 = VECTOR('',#8040,1.);
#8040 = DIRECTION('',(0.,-1.));
#8041 = ( GEOMETRIC_REPRESENTATION_CONTEXT(2) 
PARAMETRIC_REPRESENTATION_CONTEXT() REPRESENTATION_CONTEXT('2D SPACE',''
  ) );
#8042 = PCURVE('',#957,#8043);
#8043 = DEFINITIONAL_REPRESENTATION('',(#8044),#8048);
#8044 = LINE('',#8045,#8046);
#8045 = CARTESIAN_POINT('',(0.,0.));
#8046 = VECTOR('',#8047,1.);
#8047 = DIRECTION('',(0.,-1.));
#8048 = ( GEOMETRIC_REPRESENTATION_CONTEXT(2) 
PARAMETRIC_REPRESENTATION_CONTEXT() REPRESENTATION_CONTEXT('2D SPACE',''
  ) );
#8049 = ORIENTED_EDGE('',*,*,#875,.F.);
#8050 = ADVANCED_FACE('',(#8051),#3569,.T.);
#8051 = FACE_BOUND('',#8052,.F.);
#8052 = EDGE_LOOP('',(#8053,#8074,#8075,#8076));
#8053 = ORIENTED_EDGE('',*,*,#8054,.T.);
#8054 = EDGE_CURVE('',#3487,#6680,#8055,.T.);
#8055 = SURFACE_CURVE('',#8056,(#8060,#8067),.PCURVE_S1.);
#8056 = LINE('',#8057,#8058);
#8057 = CARTESIAN_POINT('',(3.173864035268,-8.421792391506,0.));
#8058 = VECTOR('',#8059,1.);
#8059 = DIRECTION('',(0.,0.,1.));
#8060 = PCURVE('',#3569,#8061);
#8061 = DEFINITIONAL_REPRESENTATION('',(#8062),#8066);
#8062 = LINE('',#8063,#8064);
#8063 = CARTESIAN_POINT('',(-0.,0.));
#8064 = VECTOR('',#8065,1.);
#8065 = DIRECTION('',(-0.,-1.));
#8066 = ( GEOMETRIC_REPRESENTATION_CONTEXT(2) 
PARAMETRIC_REPRESENTATION_CONTEXT() REPRESENTATION_CONTEXT('2D SPACE',''
  ) );
#8067 = PCURVE('',#3526,#8068);
#8068 = DEFINITIONAL_REPRESENTATION('',(#8069),#8073);
#8069 = LINE('',#8070,#8071);
#8070 = CARTESIAN_POINT('',(1.628390007606,0.));
#8071 = VECTOR('',#8072,1.);
#8072 = DIRECTION('',(0.,-1.));
#8073 = ( GEOMETRIC_REPRESENTATION_CONTEXT(2) 
PARAMETRIC_REPRESENTATION_CONTEXT() REPRESENTATION_CONTEXT('2D SPACE',''
  ) );
#8074 = ORIENTED_EDGE('',*,*,#6726,.T.);
#8075 = ORIENTED_EDGE('',*,*,#8000,.F.);
#8076 = ORIENTED_EDGE('',*,*,#3552,.F.);
#8077 = ADVANCED_FACE('',(#8078),#957,.F.);
#8078 = FACE_BOUND('',#8079,.F.);
#8079 = EDGE_LOOP('',(#8080,#8081,#8082,#8103));
#8080 = ORIENTED_EDGE('',*,*,#8029,.T.);
#8081 = ORIENTED_EDGE('',*,*,#4729,.T.);
#8082 = ORIENTED_EDGE('',*,*,#8083,.F.);
#8083 = EDGE_CURVE('',#942,#4730,#8084,.T.);
#8084 = SURFACE_CURVE('',#8085,(#8089,#8096),.PCURVE_S1.);
#8085 = LINE('',#8086,#8087);
#8086 = CARTESIAN_POINT('',(4.228622235046,5.261297748015,0.));
#8087 = VECTOR('',#8088,1.);
#8088 = DIRECTION('',(0.,0.,1.));
#8089 = PCURVE('',#957,#8090);
#8090 = DEFINITIONAL_REPRESENTATION('',(#8091),#8095);
#8091 = LINE('',#8092,#8093);
#8092 = CARTESIAN_POINT('',(0.767540966287,0.));
#8093 = VECTOR('',#8094,1.);
#8094 = DIRECTION('',(0.,-1.));
#8095 = ( GEOMETRIC_REPRESENTATION_CONTEXT(2) 
PARAMETRIC_REPRESENTATION_CONTEXT() REPRESENTATION_CONTEXT('2D SPACE',''
  ) );
#8096 = PCURVE('',#986,#8097);
#8097 = DEFINITIONAL_REPRESENTATION('',(#8098),#8102);
#8098 = LINE('',#8099,#8100);
#8099 = CARTESIAN_POINT('',(-0.,0.));
#8100 = VECTOR('',#8101,1.);
#8101 = DIRECTION('',(-0.,-1.));
#8102 = ( GEOMETRIC_REPRESENTATION_CONTEXT(2) 
PARAMETRIC_REPRESENTATION_CONTEXT() REPRESENTATION_CONTEXT('2D SPACE',''
  ) );
#8103 = ORIENTED_EDGE('',*,*,#941,.F.);
#8104 = ADVANCED_FACE('',(#8105),#3526,.F.);
#8105 = FACE_BOUND('',#8106,.F.);
#8106 = EDGE_LOOP('',(#8107,#8128,#8129,#8130));
#8107 = ORIENTED_EDGE('',*,*,#8108,.T.);
#8108 = EDGE_CURVE('',#3459,#6657,#8109,.T.);
#8109 = SURFACE_CURVE('',#8110,(#8114,#8121),.PCURVE_S1.);
#8110 = LINE('',#8111,#8112);
#8111 = CARTESIAN_POINT('',(2.108615728042,-7.215757887517,0.));
#8112 = VECTOR('',#8113,1.);
#8113 = DIRECTION('',(0.,0.,1.));
#8114 = PCURVE('',#3526,#8115);
#8115 = DEFINITIONAL_REPRESENTATION('',(#8116),#8120);
#8116 = LINE('',#8117,#8118);
#8117 = CARTESIAN_POINT('',(0.,0.));
#8118 = VECTOR('',#8119,1.);
#8119 = DIRECTION('',(0.,-1.));
#8120 = ( GEOMETRIC_REPRESENTATION_CONTEXT(2) 
PARAMETRIC_REPRESENTATION_CONTEXT() REPRESENTATION_CONTEXT('2D SPACE',''
  ) );
#8121 = PCURVE('',#3474,#8122);
#8122 = DEFINITIONAL_REPRESENTATION('',(#8123),#8127);
#8123 = LINE('',#8124,#8125);
#8124 = CARTESIAN_POINT('',(0.767540966287,0.));
#8125 = VECTOR('',#8126,1.);
#8126 = DIRECTION('',(0.,-1.));
#8127 = ( GEOMETRIC_REPRESENTATION_CONTEXT(2) 
PARAMETRIC_REPRESENTATION_CONTEXT() REPRESENTATION_CONTEXT('2D SPACE',''
  ) );
#8128 = ORIENTED_EDGE('',*,*,#6679,.T.);
#8129 = ORIENTED_EDGE('',*,*,#8054,.F.);
#8130 = ORIENTED_EDGE('',*,*,#3486,.F.);
#8131 = ADVANCED_FACE('',(#8132),#986,.T.);
#8132 = FACE_BOUND('',#8133,.F.);
#8133 = EDGE_LOOP('',(#8134,#8135,#8136,#8157));
#8134 = ORIENTED_EDGE('',*,*,#8083,.T.);
#8135 = ORIENTED_EDGE('',*,*,#4752,.T.);
#8136 = ORIENTED_EDGE('',*,*,#8137,.F.);
#8137 = EDGE_CURVE('',#970,#4753,#8138,.T.);
#8138 = SURFACE_CURVE('',#8139,(#8143,#8150),.PCURVE_S1.);
#8139 = LINE('',#8140,#8141);
#8140 = CARTESIAN_POINT('',(3.242581632756,5.920149014587,0.));
#8141 = VECTOR('',#8142,1.);
#8142 = DIRECTION('',(0.,0.,1.));
#8143 = PCURVE('',#986,#8144);
#8144 = DEFINITIONAL_REPRESENTATION('',(#8145),#8149);
#8145 = LINE('',#8146,#8147);
#8146 = CARTESIAN_POINT('',(-0.175915773115,0.));
#8147 = VECTOR('',#8148,1.);
#8148 = DIRECTION('',(-0.,-1.));
#8149 = ( GEOMETRIC_REPRESENTATION_CONTEXT(2) 
PARAMETRIC_REPRESENTATION_CONTEXT() REPRESENTATION_CONTEXT('2D SPACE',''
  ) );
#8150 = PCURVE('',#1014,#8151);
#8151 = DEFINITIONAL_REPRESENTATION('',(#8152),#8156);
#8152 = LINE('',#8153,#8154);
#8153 = CARTESIAN_POINT('',(0.,0.));
#8154 = VECTOR('',#8155,1.);
#8155 = DIRECTION('',(0.,-1.));
#8156 = ( GEOMETRIC_REPRESENTATION_CONTEXT(2) 
PARAMETRIC_REPRESENTATION_CONTEXT() REPRESENTATION_CONTEXT('2D SPACE',''
  ) );
#8157 = ORIENTED_EDGE('',*,*,#969,.F.);
#8158 = ADVANCED_FACE('',(#8159),#3474,.F.);
#8159 = FACE_BOUND('',#8160,.F.);
#8160 = EDGE_LOOP('',(#8161,#8182,#8183,#8184));
#8161 = ORIENTED_EDGE('',*,*,#8162,.T.);
#8162 = EDGE_CURVE('',#3430,#6633,#8163,.T.);
#8163 = SURFACE_CURVE('',#8164,(#8168,#8175),.PCURVE_S1.);
#8164 = LINE('',#8165,#8166);
#8165 = CARTESIAN_POINT('',(1.893326052776,-6.479028974922,0.));
#8166 = VECTOR('',#8167,1.);
#8167 = DIRECTION('',(0.,0.,1.));
#8168 = PCURVE('',#3474,#8169);
#8169 = DEFINITIONAL_REPRESENTATION('',(#8170),#8174);
#8170 = LINE('',#8171,#8172);
#8171 = CARTESIAN_POINT('',(0.,0.));
#8172 = VECTOR('',#8173,1.);
#8173 = DIRECTION('',(0.,-1.));
#8174 = ( GEOMETRIC_REPRESENTATION_CONTEXT(2) 
PARAMETRIC_REPRESENTATION_CONTEXT() REPRESENTATION_CONTEXT('2D SPACE',''
  ) );
#8175 = PCURVE('',#3446,#8176);
#8176 = DEFINITIONAL_REPRESENTATION('',(#8177),#8181);
#8177 = LINE('',#8178,#8179);
#8178 = CARTESIAN_POINT('',(-0.175915773115,0.));
#8179 = VECTOR('',#8180,1.);
#8180 = DIRECTION('',(-0.,-1.));
#8181 = ( GEOMETRIC_REPRESENTATION_CONTEXT(2) 
PARAMETRIC_REPRESENTATION_CONTEXT() REPRESENTATION_CONTEXT('2D SPACE',''
  ) );
#8182 = ORIENTED_EDGE('',*,*,#6656,.T.);
#8183 = ORIENTED_EDGE('',*,*,#8108,.F.);
#8184 = ORIENTED_EDGE('',*,*,#3458,.F.);
#8185 = ADVANCED_FACE('',(#8186),#1014,.F.);
#8186 = FACE_BOUND('',#8187,.F.);
#8187 = EDGE_LOOP('',(#8188,#8189,#8190,#8211));
#8188 = ORIENTED_EDGE('',*,*,#8137,.T.);
#8189 = ORIENTED_EDGE('',*,*,#4776,.T.);
#8190 = ORIENTED_EDGE('',*,*,#8191,.F.);
#8191 = EDGE_CURVE('',#999,#4777,#8192,.T.);
#8192 = SURFACE_CURVE('',#8193,(#8197,#8204),.PCURVE_S1.);
#8193 = LINE('',#8194,#8195);
#8194 = CARTESIAN_POINT('',(3.611294853448,6.593327813879,0.));
#8195 = VECTOR('',#8196,1.);
#8196 = DIRECTION('',(0.,0.,1.));
#8197 = PCURVE('',#1014,#8198);
#8198 = DEFINITIONAL_REPRESENTATION('',(#8199),#8203);
#8199 = LINE('',#8200,#8201);
#8200 = CARTESIAN_POINT('',(0.767540966287,0.));
#8201 = VECTOR('',#8202,1.);
#8202 = DIRECTION('',(0.,-1.));
#8203 = ( GEOMETRIC_REPRESENTATION_CONTEXT(2) 
PARAMETRIC_REPRESENTATION_CONTEXT() REPRESENTATION_CONTEXT('2D SPACE',''
  ) );
#8204 = PCURVE('',#1066,#8205);
#8205 = DEFINITIONAL_REPRESENTATION('',(#8206),#8210);
#8206 = LINE('',#8207,#8208);
#8207 = CARTESIAN_POINT('',(0.,0.));
#8208 = VECTOR('',#8209,1.);
#8209 = DIRECTION('',(0.,-1.));
#8210 = ( GEOMETRIC_REPRESENTATION_CONTEXT(2) 
PARAMETRIC_REPRESENTATION_CONTEXT() REPRESENTATION_CONTEXT('2D SPACE',''
  ) );
#8211 = ORIENTED_EDGE('',*,*,#998,.F.);
#8212 = ADVANCED_FACE('',(#8213),#3446,.T.);
#8213 = FACE_BOUND('',#8214,.F.);
#8214 = EDGE_LOOP('',(#8215,#8236,#8237,#8238));
#8215 = ORIENTED_EDGE('',*,*,#8216,.T.);
#8216 = EDGE_CURVE('',#3402,#6610,#8217,.T.);
#8217 = SURFACE_CURVE('',#8218,(#8222,#8229),.PCURVE_S1.);
#8218 = LINE('',#8219,#8220);
#8219 = CARTESIAN_POINT('',(0.730211857986,-6.710386772941,0.));
#8220 = VECTOR('',#8221,1.);
#8221 = DIRECTION('',(0.,0.,1.));
#8222 = PCURVE('',#3446,#8223);
#8223 = DEFINITIONAL_REPRESENTATION('',(#8224),#8228);
#8224 = LINE('',#8225,#8226);
#8225 = CARTESIAN_POINT('',(-0.,0.));
#8226 = VECTOR('',#8227,1.);
#8227 = DIRECTION('',(-0.,-1.));
#8228 = ( GEOMETRIC_REPRESENTATION_CONTEXT(2) 
PARAMETRIC_REPRESENTATION_CONTEXT() REPRESENTATION_CONTEXT('2D SPACE',''
  ) );
#8229 = PCURVE('',#3417,#8230);
#8230 = DEFINITIONAL_REPRESENTATION('',(#8231),#8235);
#8231 = LINE('',#8232,#8233);
#8232 = CARTESIAN_POINT('',(0.767540966287,0.));
#8233 = VECTOR('',#8234,1.);
#8234 = DIRECTION('',(0.,-1.));
#8235 = ( GEOMETRIC_REPRESENTATION_CONTEXT(2) 
PARAMETRIC_REPRESENTATION_CONTEXT() REPRESENTATION_CONTEXT('2D SPACE',''
  ) );
#8236 = ORIENTED_EDGE('',*,*,#6632,.T.);
#8237 = ORIENTED_EDGE('',*,*,#8162,.F.);
#8238 = ORIENTED_EDGE('',*,*,#3429,.F.);
#8239 = ADVANCED_FACE('',(#8240),#1066,.F.);
#8240 = FACE_BOUND('',#8241,.F.);
#8241 = EDGE_LOOP('',(#8242,#8243,#8244,#8265));
#8242 = ORIENTED_EDGE('',*,*,#8191,.T.);
#8243 = ORIENTED_EDGE('',*,*,#4799,.T.);
#8244 = ORIENTED_EDGE('',*,*,#8245,.F.);
#8245 = EDGE_CURVE('',#1027,#4800,#8246,.T.);
#8246 = SURFACE_CURVE('',#8247,(#8251,#8258),.PCURVE_S1.);
#8247 = LINE('',#8248,#8249);
#8248 = CARTESIAN_POINT('',(3.710845727878,8.199367291681,0.));
#8249 = VECTOR('',#8250,1.);
#8250 = DIRECTION('',(0.,0.,1.));
#8251 = PCURVE('',#1066,#8252);
#8252 = DEFINITIONAL_REPRESENTATION('',(#8253),#8257);
#8253 = LINE('',#8254,#8255);
#8254 = CARTESIAN_POINT('',(1.628390007606,0.));
#8255 = VECTOR('',#8256,1.);
#8256 = DIRECTION('',(0.,-1.));
#8257 = ( GEOMETRIC_REPRESENTATION_CONTEXT(2) 
PARAMETRIC_REPRESENTATION_CONTEXT() REPRESENTATION_CONTEXT('2D SPACE',''
  ) );
#8258 = PCURVE('',#1109,#8259);
#8259 = DEFINITIONAL_REPRESENTATION('',(#8260),#8264);
#8260 = LINE('',#8261,#8262);
#8261 = CARTESIAN_POINT('',(-0.,0.));
#8262 = VECTOR('',#8263,1.);
#8263 = DIRECTION('',(-0.,-1.));
#8264 = ( GEOMETRIC_REPRESENTATION_CONTEXT(2) 
PARAMETRIC_REPRESENTATION_CONTEXT() REPRESENTATION_CONTEXT('2D SPACE',''
  ) );
#8265 = ORIENTED_EDGE('',*,*,#1026,.F.);
#8266 = ADVANCED_FACE('',(#8267),#3417,.F.);
#8267 = FACE_BOUND('',#8268,.F.);
#8268 = EDGE_LOOP('',(#8269,#8290,#8291,#8292));
#8269 = ORIENTED_EDGE('',*,*,#8270,.T.);
#8270 = EDGE_CURVE('',#3336,#6563,#8271,.T.);
#8271 = SURFACE_CURVE('',#8272,(#8276,#8283),.PCURVE_S1.);
#8272 = LINE('',#8273,#8274);
#8273 = CARTESIAN_POINT('',(0.813244082441,-7.47342332818,0.));
#8274 = VECTOR('',#8275,1.);
#8275 = DIRECTION('',(0.,0.,1.));
#8276 = PCURVE('',#3417,#8277);
#8277 = DEFINITIONAL_REPRESENTATION('',(#8278),#8282);
#8278 = LINE('',#8279,#8280);
#8279 = CARTESIAN_POINT('',(0.,0.));
#8280 = VECTOR('',#8281,1.);
#8281 = DIRECTION('',(0.,-1.));
#8282 = ( GEOMETRIC_REPRESENTATION_CONTEXT(2) 
PARAMETRIC_REPRESENTATION_CONTEXT() REPRESENTATION_CONTEXT('2D SPACE',''
  ) );
#8283 = PCURVE('',#3375,#8284);
#8284 = DEFINITIONAL_REPRESENTATION('',(#8285),#8289);
#8285 = LINE('',#8286,#8287);
#8286 = CARTESIAN_POINT('',(1.628390007606,0.));
#8287 = VECTOR('',#8288,1.);
#8288 = DIRECTION('',(0.,-1.));
#8289 = ( GEOMETRIC_REPRESENTATION_CONTEXT(2) 
PARAMETRIC_REPRESENTATION_CONTEXT() REPRESENTATION_CONTEXT('2D SPACE',''
  ) );
#8290 = ORIENTED_EDGE('',*,*,#6609,.T.);
#8291 = ORIENTED_EDGE('',*,*,#8216,.F.);
#8292 = ORIENTED_EDGE('',*,*,#3401,.F.);
#8293 = ADVANCED_FACE('',(#8294),#1109,.T.);
#8294 = FACE_BOUND('',#8295,.F.);
#8295 = EDGE_LOOP('',(#8296,#8297,#8298,#8319));
#8296 = ORIENTED_EDGE('',*,*,#8245,.T.);
#8297 = ORIENTED_EDGE('',*,*,#4846,.T.);
#8298 = ORIENTED_EDGE('',*,*,#8299,.F.);
#8299 = EDGE_CURVE('',#1093,#4847,#8300,.T.);
#8300 = SURFACE_CURVE('',#8301,(#8305,#8312),.PCURVE_S1.);
#8301 = LINE('',#8302,#8303);
#8302 = CARTESIAN_POINT('',(3.173864035268,8.421792391506,0.));
#8303 = VECTOR('',#8304,1.);
#8304 = DIRECTION('',(0.,0.,1.));
#8305 = PCURVE('',#1109,#8306);
#8306 = DEFINITIONAL_REPRESENTATION('',(#8307),#8311);
#8307 = LINE('',#8308,#8309);
#8308 = CARTESIAN_POINT('',(-6.459176073721E-02,0.));
#8309 = VECTOR('',#8310,1.);
#8310 = DIRECTION('',(-0.,-1.));
#8311 = ( GEOMETRIC_REPRESENTATION_CONTEXT(2) 
PARAMETRIC_REPRESENTATION_CONTEXT() REPRESENTATION_CONTEXT('2D SPACE',''
  ) );
#8312 = PCURVE('',#1161,#8313);
#8313 = DEFINITIONAL_REPRESENTATION('',(#8314),#8318);
#8314 = LINE('',#8315,#8316);
#8315 = CARTESIAN_POINT('',(0.,0.));
#8316 = VECTOR('',#8317,1.);
#8317 = DIRECTION('',(0.,-1.));
#8318 = ( GEOMETRIC_REPRESENTATION_CONTEXT(2) 
PARAMETRIC_REPRESENTATION_CONTEXT() REPRESENTATION_CONTEXT('2D SPACE',''
  ) );
#8319 = ORIENTED_EDGE('',*,*,#1092,.F.);
#8320 = ADVANCED_FACE('',(#8321),#3375,.F.);
#8321 = FACE_BOUND('',#8322,.F.);
#8322 = EDGE_LOOP('',(#8323,#8344,#8345,#8346));
#8323 = ORIENTED_EDGE('',*,*,#8324,.T.);
#8324 = EDGE_CURVE('',#3307,#6539,#8325,.T.);
#8325 = SURFACE_CURVE('',#8326,(#8330,#8337),.PCURVE_S1.);
#8326 = LINE('',#8327,#8328);
#8327 = CARTESIAN_POINT('',(0.29061239789,-8.995306800448,0.));
#8328 = VECTOR('',#8329,1.);
#8329 = DIRECTION('',(0.,0.,1.));
#8330 = PCURVE('',#3375,#8331);
#8331 = DEFINITIONAL_REPRESENTATION('',(#8332),#8336);
#8332 = LINE('',#8333,#8334);
#8333 = CARTESIAN_POINT('',(0.,0.));
#8334 = VECTOR('',#8335,1.);
#8335 = DIRECTION('',(0.,-1.));
#8336 = ( GEOMETRIC_REPRESENTATION_CONTEXT(2) 
PARAMETRIC_REPRESENTATION_CONTEXT() REPRESENTATION_CONTEXT('2D SPACE',''
  ) );
#8337 = PCURVE('',#3323,#8338);
#8338 = DEFINITIONAL_REPRESENTATION('',(#8339),#8343);
#8339 = LINE('',#8340,#8341);
#8340 = CARTESIAN_POINT('',(-6.45917607372E-02,0.));
#8341 = VECTOR('',#8342,1.);
#8342 = DIRECTION('',(-0.,-1.));
#8343 = ( GEOMETRIC_REPRESENTATION_CONTEXT(2) 
PARAMETRIC_REPRESENTATION_CONTEXT() REPRESENTATION_CONTEXT('2D SPACE',''
  ) );
#8344 = ORIENTED_EDGE('',*,*,#6562,.T.);
#8345 = ORIENTED_EDGE('',*,*,#8270,.F.);
#8346 = ORIENTED_EDGE('',*,*,#3335,.F.);
#8347 = ADVANCED_FACE('',(#8348),#1161,.F.);
#8348 = FACE_BOUND('',#8349,.F.);
#8349 = EDGE_LOOP('',(#8350,#8351,#8352,#8373));
#8350 = ORIENTED_EDGE('',*,*,#8299,.T.);
#8351 = ORIENTED_EDGE('',*,*,#4870,.T.);
#8352 = ORIENTED_EDGE('',*,*,#8353,.F.);
#8353 = EDGE_CURVE('',#1122,#4871,#8354,.T.);
#8354 = SURFACE_CURVE('',#8355,(#8359,#8366),.PCURVE_S1.);
#8355 = LINE('',#8356,#8357);
#8356 = CARTESIAN_POINT('',(2.108615728042,7.215757887517,0.));
#8357 = VECTOR('',#8358,1.);
#8358 = DIRECTION('',(0.,0.,1.));
#8359 = PCURVE('',#1161,#8360);
#8360 = DEFINITIONAL_REPRESENTATION('',(#8361),#8365);
#8361 = LINE('',#8362,#8363);
#8362 = CARTESIAN_POINT('',(1.628390007606,0.));
#8363 = VECTOR('',#8364,1.);
#8364 = DIRECTION('',(0.,-1.));
#8365 = ( GEOMETRIC_REPRESENTATION_CONTEXT(2) 
PARAMETRIC_REPRESENTATION_CONTEXT() REPRESENTATION_CONTEXT('2D SPACE',''
  ) );
#8366 = PCURVE('',#1203,#8367);
#8367 = DEFINITIONAL_REPRESENTATION('',(#8368),#8372);
#8368 = LINE('',#8369,#8370);
#8369 = CARTESIAN_POINT('',(0.,0.));
#8370 = VECTOR('',#8371,1.);
#8371 = DIRECTION('',(0.,-1.));
#8372 = ( GEOMETRIC_REPRESENTATION_CONTEXT(2) 
PARAMETRIC_REPRESENTATION_CONTEXT() REPRESENTATION_CONTEXT('2D SPACE',''
  ) );
#8373 = ORIENTED_EDGE('',*,*,#1121,.F.);
#8374 = ADVANCED_FACE('',(#8375),#3323,.T.);
#8375 = FACE_BOUND('',#8376,.F.);
#8376 = EDGE_LOOP('',(#8377,#8398,#8399,#8400));
#8377 = ORIENTED_EDGE('',*,*,#8378,.T.);
#8378 = EDGE_CURVE('',#3241,#6492,#8379,.T.);
#8379 = SURFACE_CURVE('',#8380,(#8384,#8391),.PCURVE_S1.);
#8380 = LINE('',#8381,#8382);
#8381 = CARTESIAN_POINT('',(-0.29061239789,-8.995306800448,0.));
#8382 = VECTOR('',#8383,1.);
#8383 = DIRECTION('',(0.,0.,1.));
#8384 = PCURVE('',#3323,#8385);
#8385 = DEFINITIONAL_REPRESENTATION('',(#8386),#8390);
#8386 = LINE('',#8387,#8388);
#8387 = CARTESIAN_POINT('',(-0.,0.));
#8388 = VECTOR('',#8389,1.);
#8389 = DIRECTION('',(-0.,-1.));
#8390 = ( GEOMETRIC_REPRESENTATION_CONTEXT(2) 
PARAMETRIC_REPRESENTATION_CONTEXT() REPRESENTATION_CONTEXT('2D SPACE',''
  ) );
#8391 = PCURVE('',#3280,#8392);
#8392 = DEFINITIONAL_REPRESENTATION('',(#8393),#8397);
#8393 = LINE('',#8394,#8395);
#8394 = CARTESIAN_POINT('',(1.628390007606,0.));
#8395 = VECTOR('',#8396,1.);
#8396 = DIRECTION('',(0.,-1.));
#8397 = ( GEOMETRIC_REPRESENTATION_CONTEXT(2) 
PARAMETRIC_REPRESENTATION_CONTEXT() REPRESENTATION_CONTEXT('2D SPACE',''
  ) );
#8398 = ORIENTED_EDGE('',*,*,#6538,.T.);
#8399 = ORIENTED_EDGE('',*,*,#8324,.F.);
#8400 = ORIENTED_EDGE('',*,*,#3306,.F.);
#8401 = ADVANCED_FACE('',(#8402),#1203,.F.);
#8402 = FACE_BOUND('',#8403,.F.);
#8403 = EDGE_LOOP('',(#8404,#8405,#8406,#8427));
#8404 = ORIENTED_EDGE('',*,*,#8353,.T.);
#8405 = ORIENTED_EDGE('',*,*,#4917,.T.);
#8406 = ORIENTED_EDGE('',*,*,#8407,.F.);
#8407 = EDGE_CURVE('',#1188,#4918,#8408,.T.);
#8408 = SURFACE_CURVE('',#8409,(#8413,#8420),.PCURVE_S1.);
#8409 = LINE('',#8410,#8411);
#8410 = CARTESIAN_POINT('',(1.893326052776,6.479028974922,0.));
#8411 = VECTOR('',#8412,1.);
#8412 = DIRECTION('',(0.,0.,1.));
#8413 = PCURVE('',#1203,#8414);
#8414 = DEFINITIONAL_REPRESENTATION('',(#8415),#8419);
#8415 = LINE('',#8416,#8417);
#8416 = CARTESIAN_POINT('',(0.767540966287,0.));
#8417 = VECTOR('',#8418,1.);
#8418 = DIRECTION('',(0.,-1.));
#8419 = ( GEOMETRIC_REPRESENTATION_CONTEXT(2) 
PARAMETRIC_REPRESENTATION_CONTEXT() REPRESENTATION_CONTEXT('2D SPACE',''
  ) );
#8420 = PCURVE('',#1232,#8421);
#8421 = DEFINITIONAL_REPRESENTATION('',(#8422),#8426);
#8422 = LINE('',#8423,#8424);
#8423 = CARTESIAN_POINT('',(-0.,0.));
#8424 = VECTOR('',#8425,1.);
#8425 = DIRECTION('',(-0.,-1.));
#8426 = ( GEOMETRIC_REPRESENTATION_CONTEXT(2) 
PARAMETRIC_REPRESENTATION_CONTEXT() REPRESENTATION_CONTEXT('2D SPACE',''
  ) );
#8427 = ORIENTED_EDGE('',*,*,#1187,.F.);
#8428 = ADVANCED_FACE('',(#8429),#3280,.F.);
#8429 = FACE_BOUND('',#8430,.F.);
#8430 = EDGE_LOOP('',(#8431,#8452,#8453,#8454));
#8431 = ORIENTED_EDGE('',*,*,#8432,.T.);
#8432 = EDGE_CURVE('',#3213,#6469,#8433,.T.);
#8433 = SURFACE_CURVE('',#8434,(#8438,#8445),.PCURVE_S1.);
#8434 = LINE('',#8435,#8436);
#8435 = CARTESIAN_POINT('',(-0.813244082441,-7.47342332818,0.));
#8436 = VECTOR('',#8437,1.);
#8437 = DIRECTION('',(0.,0.,1.));
#8438 = PCURVE('',#3280,#8439);
#8439 = DEFINITIONAL_REPRESENTATION('',(#8440),#8444);
#8440 = LINE('',#8441,#8442);
#8441 = CARTESIAN_POINT('',(0.,0.));
#8442 = VECTOR('',#8443,1.);
#8443 = DIRECTION('',(0.,-1.));
#8444 = ( GEOMETRIC_REPRESENTATION_CONTEXT(2) 
PARAMETRIC_REPRESENTATION_CONTEXT() REPRESENTATION_CONTEXT('2D SPACE',''
  ) );
#8445 = PCURVE('',#3228,#8446);
#8446 = DEFINITIONAL_REPRESENTATION('',(#8447),#8451);
#8447 = LINE('',#8448,#8449);
#8448 = CARTESIAN_POINT('',(0.767540966287,0.));
#8449 = VECTOR('',#8450,1.);
#8450 = DIRECTION('',(0.,-1.));
#8451 = ( GEOMETRIC_REPRESENTATION_CONTEXT(2) 
PARAMETRIC_REPRESENTATION_CONTEXT() REPRESENTATION_CONTEXT('2D SPACE',''
  ) );
#8452 = ORIENTED_EDGE('',*,*,#6491,.T.);
#8453 = ORIENTED_EDGE('',*,*,#8378,.F.);
#8454 = ORIENTED_EDGE('',*,*,#3240,.F.);
#8455 = ADVANCED_FACE('',(#8456),#1232,.T.);
#8456 = FACE_BOUND('',#8457,.F.);
#8457 = EDGE_LOOP('',(#8458,#8459,#8460,#8481));
#8458 = ORIENTED_EDGE('',*,*,#8407,.T.);
#8459 = ORIENTED_EDGE('',*,*,#4940,.T.);
#8460 = ORIENTED_EDGE('',*,*,#8461,.F.);
#8461 = EDGE_CURVE('',#1216,#4941,#8462,.T.);
#8462 = SURFACE_CURVE('',#8463,(#8467,#8474),.PCURVE_S1.);
#8463 = LINE('',#8464,#8465);
#8464 = CARTESIAN_POINT('',(0.730211857986,6.710386772941,0.));
#8465 = VECTOR('',#8466,1.);
#8466 = DIRECTION('',(0.,0.,1.));
#8467 = PCURVE('',#1232,#8468);
#8468 = DEFINITIONAL_REPRESENTATION('',(#8469),#8473);
#8469 = LINE('',#8470,#8471);
#8470 = CARTESIAN_POINT('',(-0.175915773115,0.));
#8471 = VECTOR('',#8472,1.);
#8472 = DIRECTION('',(-0.,-1.));
#8473 = ( GEOMETRIC_REPRESENTATION_CONTEXT(2) 
PARAMETRIC_REPRESENTATION_CONTEXT() REPRESENTATION_CONTEXT('2D SPACE',''
  ) );
#8474 = PCURVE('',#1260,#8475);
#8475 = DEFINITIONAL_REPRESENTATION('',(#8476),#8480);
#8476 = LINE('',#8477,#8478);
#8477 = CARTESIAN_POINT('',(0.,0.));
#8478 = VECTOR('',#8479,1.);
#8479 = DIRECTION('',(0.,-1.));
#8480 = ( GEOMETRIC_REPRESENTATION_CONTEXT(2) 
PARAMETRIC_REPRESENTATION_CONTEXT() REPRESENTATION_CONTEXT('2D SPACE',''
  ) );
#8481 = ORIENTED_EDGE('',*,*,#1215,.F.);
#8482 = ADVANCED_FACE('',(#8483),#3228,.F.);
#8483 = FACE_BOUND('',#8484,.F.);
#8484 = EDGE_LOOP('',(#8485,#8506,#8507,#8508));
#8485 = ORIENTED_EDGE('',*,*,#8486,.T.);
#8486 = EDGE_CURVE('',#3184,#6445,#8487,.T.);
#8487 = SURFACE_CURVE('',#8488,(#8492,#8499),.PCURVE_S1.);
#8488 = LINE('',#8489,#8490);
#8489 = CARTESIAN_POINT('',(-0.730211857986,-6.710386772941,0.));
#8490 = VECTOR('',#8491,1.);
#8491 = DIRECTION('',(0.,0.,1.));
#8492 = PCURVE('',#3228,#8493);
#8493 = DEFINITIONAL_REPRESENTATION('',(#8494),#8498);
#8494 = LINE('',#8495,#8496);
#8495 = CARTESIAN_POINT('',(0.,0.));
#8496 = VECTOR('',#8497,1.);
#8497 = DIRECTION('',(0.,-1.));
#8498 = ( GEOMETRIC_REPRESENTATION_CONTEXT(2) 
PARAMETRIC_REPRESENTATION_CONTEXT() REPRESENTATION_CONTEXT('2D SPACE',''
  ) );
#8499 = PCURVE('',#3200,#8500);
#8500 = DEFINITIONAL_REPRESENTATION('',(#8501),#8505);
#8501 = LINE('',#8502,#8503);
#8502 = CARTESIAN_POINT('',(-0.175915773115,0.));
#8503 = VECTOR('',#8504,1.);
#8504 = DIRECTION('',(-0.,-1.));
#8505 = ( GEOMETRIC_REPRESENTATION_CONTEXT(2) 
PARAMETRIC_REPRESENTATION_CONTEXT() REPRESENTATION_CONTEXT('2D SPACE',''
  ) );
#8506 = ORIENTED_EDGE('',*,*,#6468,.T.);
#8507 = ORIENTED_EDGE('',*,*,#8432,.F.);
#8508 = ORIENTED_EDGE('',*,*,#3212,.F.);
#8509 = ADVANCED_FACE('',(#8510),#1260,.F.);
#8510 = FACE_BOUND('',#8511,.F.);
#8511 = EDGE_LOOP('',(#8512,#8513,#8514,#8535));
#8512 = ORIENTED_EDGE('',*,*,#8461,.T.);
#8513 = ORIENTED_EDGE('',*,*,#4964,.T.);
#8514 = ORIENTED_EDGE('',*,*,#8515,.F.);
#8515 = EDGE_CURVE('',#1245,#4965,#8516,.T.);
#8516 = SURFACE_CURVE('',#8517,(#8521,#8528),.PCURVE_S1.);
#8517 = LINE('',#8518,#8519);
#8518 = CARTESIAN_POINT('',(0.813244082441,7.47342332818,0.));
#8519 = VECTOR('',#8520,1.);
#8520 = DIRECTION('',(0.,0.,1.));
#8521 = PCURVE('',#1260,#8522);
#8522 = DEFINITIONAL_REPRESENTATION('',(#8523),#8527);
#8523 = LINE('',#8524,#8525);
#8524 = CARTESIAN_POINT('',(0.767540966287,0.));
#8525 = VECTOR('',#8526,1.);
#8526 = DIRECTION('',(0.,-1.));
#8527 = ( GEOMETRIC_REPRESENTATION_CONTEXT(2) 
PARAMETRIC_REPRESENTATION_CONTEXT() REPRESENTATION_CONTEXT('2D SPACE',''
  ) );
#8528 = PCURVE('',#1312,#8529);
#8529 = DEFINITIONAL_REPRESENTATION('',(#8530),#8534);
#8530 = LINE('',#8531,#8532);
#8531 = CARTESIAN_POINT('',(0.,0.));
#8532 = VECTOR('',#8533,1.);
#8533 = DIRECTION('',(0.,-1.));
#8534 = ( GEOMETRIC_REPRESENTATION_CONTEXT(2) 
PARAMETRIC_REPRESENTATION_CONTEXT() REPRESENTATION_CONTEXT('2D SPACE',''
  ) );
#8535 = ORIENTED_EDGE('',*,*,#1244,.F.);
#8536 = ADVANCED_FACE('',(#8537),#3200,.T.);
#8537 = FACE_BOUND('',#8538,.F.);
#8538 = EDGE_LOOP('',(#8539,#8560,#8561,#8562));
#8539 = ORIENTED_EDGE('',*,*,#8540,.T.);
#8540 = EDGE_CURVE('',#3156,#6422,#8541,.T.);
#8541 = SURFACE_CURVE('',#8542,(#8546,#8553),.PCURVE_S1.);
#8542 = LINE('',#8543,#8544);
#8543 = CARTESIAN_POINT('',(-1.893326052776,-6.479028974922,0.));
#8544 = VECTOR('',#8545,1.);
#8545 = DIRECTION('',(0.,0.,1.));
#8546 = PCURVE('',#3200,#8547);
#8547 = DEFINITIONAL_REPRESENTATION('',(#8548),#8552);
#8548 = LINE('',#8549,#8550);
#8549 = CARTESIAN_POINT('',(-0.,0.));
#8550 = VECTOR('',#8551,1.);
#8551 = DIRECTION('',(-0.,-1.));
#8552 = ( GEOMETRIC_REPRESENTATION_CONTEXT(2) 
PARAMETRIC_REPRESENTATION_CONTEXT() REPRESENTATION_CONTEXT('2D SPACE',''
  ) );
#8553 = PCURVE('',#3171,#8554);
#8554 = DEFINITIONAL_REPRESENTATION('',(#8555),#8559);
#8555 = LINE('',#8556,#8557);
#8556 = CARTESIAN_POINT('',(0.767540966287,0.));
#8557 = VECTOR('',#8558,1.);
#8558 = DIRECTION('',(0.,-1.));
#8559 = ( GEOMETRIC_REPRESENTATION_CONTEXT(2) 
PARAMETRIC_REPRESENTATION_CONTEXT() REPRESENTATION_CONTEXT('2D SPACE',''
  ) );
#8560 = ORIENTED_EDGE('',*,*,#6444,.T.);
#8561 = ORIENTED_EDGE('',*,*,#8486,.F.);
#8562 = ORIENTED_EDGE('',*,*,#3183,.F.);
#8563 = ADVANCED_FACE('',(#8564),#1312,.F.);
#8564 = FACE_BOUND('',#8565,.F.);
#8565 = EDGE_LOOP('',(#8566,#8567,#8568,#8589));
#8566 = ORIENTED_EDGE('',*,*,#8515,.T.);
#8567 = ORIENTED_EDGE('',*,*,#4987,.T.);
#8568 = ORIENTED_EDGE('',*,*,#8569,.F.);
#8569 = EDGE_CURVE('',#1273,#4988,#8570,.T.);
#8570 = SURFACE_CURVE('',#8571,(#8575,#8582),.PCURVE_S1.);
#8571 = LINE('',#8572,#8573);
#8572 = CARTESIAN_POINT('',(0.29061239789,8.995306800448,0.));
#8573 = VECTOR('',#8574,1.);
#8574 = DIRECTION('',(0.,0.,1.));
#8575 = PCURVE('',#1312,#8576);
#8576 = DEFINITIONAL_REPRESENTATION('',(#8577),#8581);
#8577 = LINE('',#8578,#8579);
#8578 = CARTESIAN_POINT('',(1.628390007606,0.));
#8579 = VECTOR('',#8580,1.);
#8580 = DIRECTION('',(0.,-1.));
#8581 = ( GEOMETRIC_REPRESENTATION_CONTEXT(2) 
PARAMETRIC_REPRESENTATION_CONTEXT() REPRESENTATION_CONTEXT('2D SPACE',''
  ) );
#8582 = PCURVE('',#1355,#8583);
#8583 = DEFINITIONAL_REPRESENTATION('',(#8584),#8588);
#8584 = LINE('',#8585,#8586);
#8585 = CARTESIAN_POINT('',(-0.,0.));
#8586 = VECTOR('',#8587,1.);
#8587 = DIRECTION('',(-0.,-1.));
#8588 = ( GEOMETRIC_REPRESENTATION_CONTEXT(2) 
PARAMETRIC_REPRESENTATION_CONTEXT() REPRESENTATION_CONTEXT('2D SPACE',''
  ) );
#8589 = ORIENTED_EDGE('',*,*,#1272,.F.);
#8590 = ADVANCED_FACE('',(#8591),#3171,.F.);
#8591 = FACE_BOUND('',#8592,.F.);
#8592 = EDGE_LOOP('',(#8593,#8614,#8615,#8616));
#8593 = ORIENTED_EDGE('',*,*,#8594,.T.);
#8594 = EDGE_CURVE('',#3090,#6375,#8595,.T.);
#8595 = SURFACE_CURVE('',#8596,(#8600,#8607),.PCURVE_S1.);
#8596 = LINE('',#8597,#8598);
#8597 = CARTESIAN_POINT('',(-2.108615728042,-7.215757887517,0.));
#8598 = VECTOR('',#8599,1.);
#8599 = DIRECTION('',(0.,0.,1.));
#8600 = PCURVE('',#3171,#8601);
#8601 = DEFINITIONAL_REPRESENTATION('',(#8602),#8606);
#8602 = LINE('',#8603,#8604);
#8603 = CARTESIAN_POINT('',(0.,0.));
#8604 = VECTOR('',#8605,1.);
#8605 = DIRECTION('',(0.,-1.));
#8606 = ( GEOMETRIC_REPRESENTATION_CONTEXT(2) 
PARAMETRIC_REPRESENTATION_CONTEXT() REPRESENTATION_CONTEXT('2D SPACE',''
  ) );
#8607 = PCURVE('',#3129,#8608);
#8608 = DEFINITIONAL_REPRESENTATION('',(#8609),#8613);
#8609 = LINE('',#8610,#8611);
#8610 = CARTESIAN_POINT('',(1.628390007606,0.));
#8611 = VECTOR('',#8612,1.);
#8612 = DIRECTION('',(0.,-1.));
#8613 = ( GEOMETRIC_REPRESENTATION_CONTEXT(2) 
PARAMETRIC_REPRESENTATION_CONTEXT() REPRESENTATION_CONTEXT('2D SPACE',''
  ) );
#8614 = ORIENTED_EDGE('',*,*,#6421,.T.);
#8615 = ORIENTED_EDGE('',*,*,#8540,.F.);
#8616 = ORIENTED_EDGE('',*,*,#3155,.F.);
#8617 = ADVANCED_FACE('',(#8618),#1355,.T.);
#8618 = FACE_BOUND('',#8619,.F.);
#8619 = EDGE_LOOP('',(#8620,#8621,#8622,#8643));
#8620 = ORIENTED_EDGE('',*,*,#8569,.T.);
#8621 = ORIENTED_EDGE('',*,*,#5034,.T.);
#8622 = ORIENTED_EDGE('',*,*,#8623,.F.);
#8623 = EDGE_CURVE('',#1339,#5035,#8624,.T.);
#8624 = SURFACE_CURVE('',#8625,(#8629,#8636),.PCURVE_S1.);
#8625 = LINE('',#8626,#8627);
#8626 = CARTESIAN_POINT('',(-0.29061239789,8.995306800448,0.));
#8627 = VECTOR('',#8628,1.);
#8628 = DIRECTION('',(0.,0.,1.));
#8629 = PCURVE('',#1355,#8630);
#8630 = DEFINITIONAL_REPRESENTATION('',(#8631),#8635);
#8631 = LINE('',#8632,#8633);
#8632 = CARTESIAN_POINT('',(-6.459176073723E-02,0.));
#8633 = VECTOR('',#8634,1.);
#8634 = DIRECTION('',(-0.,-1.));
#8635 = ( GEOMETRIC_REPRESENTATION_CONTEXT(2) 
PARAMETRIC_REPRESENTATION_CONTEXT() REPRESENTATION_CONTEXT('2D SPACE',''
  ) );
#8636 = PCURVE('',#1407,#8637);
#8637 = DEFINITIONAL_REPRESENTATION('',(#8638),#8642);
#8638 = LINE('',#8639,#8640);
#8639 = CARTESIAN_POINT('',(0.,0.));
#8640 = VECTOR('',#8641,1.);
#8641 = DIRECTION('',(0.,-1.));
#8642 = ( GEOMETRIC_REPRESENTATION_CONTEXT(2) 
PARAMETRIC_REPRESENTATION_CONTEXT() REPRESENTATION_CONTEXT('2D SPACE',''
  ) );
#8643 = ORIENTED_EDGE('',*,*,#1338,.F.);
#8644 = ADVANCED_FACE('',(#8645),#3129,.F.);
#8645 = FACE_BOUND('',#8646,.F.);
#8646 = EDGE_LOOP('',(#8647,#8668,#8669,#8670));
#8647 = ORIENTED_EDGE('',*,*,#8648,.T.);
#8648 = EDGE_CURVE('',#3061,#6351,#8649,.T.);
#8649 = SURFACE_CURVE('',#8650,(#8654,#8661),.PCURVE_S1.);
#8650 = LINE('',#8651,#8652);
#8651 = CARTESIAN_POINT('',(-3.173864035268,-8.421792391506,0.));
#8652 = VECTOR('',#8653,1.);
#8653 = DIRECTION('',(0.,0.,1.));
#8654 = PCURVE('',#3129,#8655);
#8655 = DEFINITIONAL_REPRESENTATION('',(#8656),#8660);
#8656 = LINE('',#8657,#8658);
#8657 = CARTESIAN_POINT('',(0.,0.));
#8658 = VECTOR('',#8659,1.);
#8659 = DIRECTION('',(0.,-1.));
#8660 = ( GEOMETRIC_REPRESENTATION_CONTEXT(2) 
PARAMETRIC_REPRESENTATION_CONTEXT() REPRESENTATION_CONTEXT('2D SPACE',''
  ) );
#8661 = PCURVE('',#3077,#8662);
#8662 = DEFINITIONAL_REPRESENTATION('',(#8663),#8667);
#8663 = LINE('',#8664,#8665);
#8664 = CARTESIAN_POINT('',(-6.459176073719E-02,0.));
#8665 = VECTOR('',#8666,1.);
#8666 = DIRECTION('',(-0.,-1.));
#8667 = ( GEOMETRIC_REPRESENTATION_CONTEXT(2) 
PARAMETRIC_REPRESENTATION_CONTEXT() REPRESENTATION_CONTEXT('2D SPACE',''
  ) );
#8668 = ORIENTED_EDGE('',*,*,#6374,.T.);
#8669 = ORIENTED_EDGE('',*,*,#8594,.F.);
#8670 = ORIENTED_EDGE('',*,*,#3089,.F.);
#8671 = ADVANCED_FACE('',(#8672),#1407,.F.);
#8672 = FACE_BOUND('',#8673,.F.);
#8673 = EDGE_LOOP('',(#8674,#8675,#8676,#8697));
#8674 = ORIENTED_EDGE('',*,*,#8623,.T.);
#8675 = ORIENTED_EDGE('',*,*,#5058,.T.);
#8676 = ORIENTED_EDGE('',*,*,#8677,.F.);
#8677 = EDGE_CURVE('',#1368,#5059,#8678,.T.);
#8678 = SURFACE_CURVE('',#8679,(#8683,#8690),.PCURVE_S1.);
#8679 = LINE('',#8680,#8681);
#8680 = CARTESIAN_POINT('',(-0.813244082441,7.47342332818,0.));
#8681 = VECTOR('',#8682,1.);
#8682 = DIRECTION('',(0.,0.,1.));
#8683 = PCURVE('',#1407,#8684);
#8684 = DEFINITIONAL_REPRESENTATION('',(#8685),#8689);
#8685 = LINE('',#8686,#8687);
#8686 = CARTESIAN_POINT('',(1.628390007606,0.));
#8687 = VECTOR('',#8688,1.);
#8688 = DIRECTION('',(0.,-1.));
#8689 = ( GEOMETRIC_REPRESENTATION_CONTEXT(2) 
PARAMETRIC_REPRESENTATION_CONTEXT() REPRESENTATION_CONTEXT('2D SPACE',''
  ) );
#8690 = PCURVE('',#1449,#8691);
#8691 = DEFINITIONAL_REPRESENTATION('',(#8692),#8696);
#8692 = LINE('',#8693,#8694);
#8693 = CARTESIAN_POINT('',(0.,0.));
#8694 = VECTOR('',#8695,1.);
#8695 = DIRECTION('',(0.,-1.));
#8696 = ( GEOMETRIC_REPRESENTATION_CONTEXT(2) 
PARAMETRIC_REPRESENTATION_CONTEXT() REPRESENTATION_CONTEXT('2D SPACE',''
  ) );
#8697 = ORIENTED_EDGE('',*,*,#1367,.F.);
#8698 = ADVANCED_FACE('',(#8699),#3077,.T.);
#8699 = FACE_BOUND('',#8700,.F.);
#8700 = EDGE_LOOP('',(#8701,#8722,#8723,#8724));
#8701 = ORIENTED_EDGE('',*,*,#8702,.T.);
#8702 = EDGE_CURVE('',#2995,#6304,#8703,.T.);
#8703 = SURFACE_CURVE('',#8704,(#8708,#8715),.PCURVE_S1.);
#8704 = LINE('',#8705,#8706);
#8705 = CARTESIAN_POINT('',(-3.710845727878,-8.199367291681,0.));
#8706 = VECTOR('',#8707,1.);
#8707 = DIRECTION('',(0.,0.,1.));
#8708 = PCURVE('',#3077,#8709);
#8709 = DEFINITIONAL_REPRESENTATION('',(#8710),#8714);
#8710 = LINE('',#8711,#8712);
#8711 = CARTESIAN_POINT('',(-0.,0.));
#8712 = VECTOR('',#8713,1.);
#8713 = DIRECTION('',(-0.,-1.));
#8714 = ( GEOMETRIC_REPRESENTATION_CONTEXT(2) 
PARAMETRIC_REPRESENTATION_CONTEXT() REPRESENTATION_CONTEXT('2D SPACE',''
  ) );
#8715 = PCURVE('',#3034,#8716);
#8716 = DEFINITIONAL_REPRESENTATION('',(#8717),#8721);
#8717 = LINE('',#8718,#8719);
#8718 = CARTESIAN_POINT('',(1.628390007606,0.));
#8719 = VECTOR('',#8720,1.);
#8720 = DIRECTION('',(0.,-1.));
#8721 = ( GEOMETRIC_REPRESENTATION_CONTEXT(2) 
PARAMETRIC_REPRESENTATION_CONTEXT() REPRESENTATION_CONTEXT('2D SPACE',''
  ) );
#8722 = ORIENTED_EDGE('',*,*,#6350,.T.);
#8723 = ORIENTED_EDGE('',*,*,#8648,.F.);
#8724 = ORIENTED_EDGE('',*,*,#3060,.F.);
#8725 = ADVANCED_FACE('',(#8726),#1449,.F.);
#8726 = FACE_BOUND('',#8727,.F.);
#8727 = EDGE_LOOP('',(#8728,#8729,#8730,#8751));
#8728 = ORIENTED_EDGE('',*,*,#8677,.T.);
#8729 = ORIENTED_EDGE('',*,*,#5105,.T.);
#8730 = ORIENTED_EDGE('',*,*,#8731,.F.);
#8731 = EDGE_CURVE('',#1434,#5106,#8732,.T.);
#8732 = SURFACE_CURVE('',#8733,(#8737,#8744),.PCURVE_S1.);
#8733 = LINE('',#8734,#8735);
#8734 = CARTESIAN_POINT('',(-0.730211857986,6.710386772941,0.));
#8735 = VECTOR('',#8736,1.);
#8736 = DIRECTION('',(0.,0.,1.));
#8737 = PCURVE('',#1449,#8738);
#8738 = DEFINITIONAL_REPRESENTATION('',(#8739),#8743);
#8739 = LINE('',#8740,#8741);
#8740 = CARTESIAN_POINT('',(0.767540966287,0.));
#8741 = VECTOR('',#8742,1.);
#8742 = DIRECTION('',(0.,-1.));
#8743 = ( GEOMETRIC_REPRESENTATION_CONTEXT(2) 
PARAMETRIC_REPRESENTATION_CONTEXT() REPRESENTATION_CONTEXT('2D SPACE',''
  ) );
#8744 = PCURVE('',#1478,#8745);
#8745 = DEFINITIONAL_REPRESENTATION('',(#8746),#8750);
#8746 = LINE('',#8747,#8748);
#8747 = CARTESIAN_POINT('',(-0.,0.));
#8748 = VECTOR('',#8749,1.);
#8749 = DIRECTION('',(-0.,-1.));
#8750 = ( GEOMETRIC_REPRESENTATION_CONTEXT(2) 
PARAMETRIC_REPRESENTATION_CONTEXT() REPRESENTATION_CONTEXT('2D SPACE',''
  ) );
#8751 = ORIENTED_EDGE('',*,*,#1433,.F.);
#8752 = ADVANCED_FACE('',(#8753),#3034,.F.);
#8753 = FACE_BOUND('',#8754,.F.);
#8754 = EDGE_LOOP('',(#8755,#8776,#8777,#8778));
#8755 = ORIENTED_EDGE('',*,*,#8756,.T.);
#8756 = EDGE_CURVE('',#2967,#6281,#8757,.T.);
#8757 = SURFACE_CURVE('',#8758,(#8762,#8769),.PCURVE_S1.);
#8758 = LINE('',#8759,#8760);
#8759 = CARTESIAN_POINT('',(-3.611294853448,-6.593327813879,0.));
#8760 = VECTOR('',#8761,1.);
#8761 = DIRECTION('',(0.,0.,1.));
#8762 = PCURVE('',#3034,#8763);
#8763 = DEFINITIONAL_REPRESENTATION('',(#8764),#8768);
#8764 = LINE('',#8765,#8766);
#8765 = CARTESIAN_POINT('',(0.,0.));
#8766 = VECTOR('',#8767,1.);
#8767 = DIRECTION('',(0.,-1.));
#8768 = ( GEOMETRIC_REPRESENTATION_CONTEXT(2) 
PARAMETRIC_REPRESENTATION_CONTEXT() REPRESENTATION_CONTEXT('2D SPACE',''
  ) );
#8769 = PCURVE('',#2982,#8770);
#8770 = DEFINITIONAL_REPRESENTATION('',(#8771),#8775);
#8771 = LINE('',#8772,#8773);
#8772 = CARTESIAN_POINT('',(0.767540966287,0.));
#8773 = VECTOR('',#8774,1.);
#8774 = DIRECTION('',(0.,-1.));
#8775 = ( GEOMETRIC_REPRESENTATION_CONTEXT(2) 
PARAMETRIC_REPRESENTATION_CONTEXT() REPRESENTATION_CONTEXT('2D SPACE',''
  ) );
#8776 = ORIENTED_EDGE('',*,*,#6303,.T.);
#8777 = ORIENTED_EDGE('',*,*,#8702,.F.);
#8778 = ORIENTED_EDGE('',*,*,#2994,.F.);
#8779 = ADVANCED_FACE('',(#8780),#1478,.T.);
#8780 = FACE_BOUND('',#8781,.F.);
#8781 = EDGE_LOOP('',(#8782,#8783,#8784,#8805));
#8782 = ORIENTED_EDGE('',*,*,#8731,.T.);
#8783 = ORIENTED_EDGE('',*,*,#5128,.T.);
#8784 = ORIENTED_EDGE('',*,*,#8785,.F.);
#8785 = EDGE_CURVE('',#1462,#5129,#8786,.T.);
#8786 = SURFACE_CURVE('',#8787,(#8791,#8798),.PCURVE_S1.);
#8787 = LINE('',#8788,#8789);
#8788 = CARTESIAN_POINT('',(-1.893326052776,6.479028974922,0.));
#8789 = VECTOR('',#8790,1.);
#8790 = DIRECTION('',(0.,0.,1.));
#8791 = PCURVE('',#1478,#8792);
#8792 = DEFINITIONAL_REPRESENTATION('',(#8793),#8797);
#8793 = LINE('',#8794,#8795);
#8794 = CARTESIAN_POINT('',(-0.175915773115,0.));
#8795 = VECTOR('',#8796,1.);
#8796 = DIRECTION('',(-0.,-1.));
#8797 = ( GEOMETRIC_REPRESENTATION_CONTEXT(2) 
PARAMETRIC_REPRESENTATION_CONTEXT() REPRESENTATION_CONTEXT('2D SPACE',''
  ) );
#8798 = PCURVE('',#1506,#8799);
#8799 = DEFINITIONAL_REPRESENTATION('',(#8800),#8804);
#8800 = LINE('',#8801,#8802);
#8801 = CARTESIAN_POINT('',(0.,0.));
#8802 = VECTOR('',#8803,1.);
#8803 = DIRECTION('',(0.,-1.));
#8804 = ( GEOMETRIC_REPRESENTATION_CONTEXT(2) 
PARAMETRIC_REPRESENTATION_CONTEXT() REPRESENTATION_CONTEXT('2D SPACE',''
  ) );
#8805 = ORIENTED_EDGE('',*,*,#1461,.F.);
#8806 = ADVANCED_FACE('',(#8807),#2982,.F.);
#8807 = FACE_BOUND('',#8808,.F.);
#8808 = EDGE_LOOP('',(#8809,#8830,#8831,#8832));
#8809 = ORIENTED_EDGE('',*,*,#8810,.T.);
#8810 = EDGE_CURVE('',#2938,#6257,#8811,.T.);
#8811 = SURFACE_CURVE('',#8812,(#8816,#8823),.PCURVE_S1.);
#8812 = LINE('',#8813,#8814);
#8813 = CARTESIAN_POINT('',(-3.242581632756,-5.920149014587,0.));
#8814 = VECTOR('',#8815,1.);
#8815 = DIRECTION('',(0.,0.,1.));
#8816 = PCURVE('',#2982,#8817);
#8817 = DEFINITIONAL_REPRESENTATION('',(#8818),#8822);
#8818 = LINE('',#8819,#8820);
#8819 = CARTESIAN_POINT('',(0.,0.));
#8820 = VECTOR('',#8821,1.);
#8821 = DIRECTION('',(0.,-1.));
#8822 = ( GEOMETRIC_REPRESENTATION_CONTEXT(2) 
PARAMETRIC_REPRESENTATION_CONTEXT() REPRESENTATION_CONTEXT('2D SPACE',''
  ) );
#8823 = PCURVE('',#2954,#8824);
#8824 = DEFINITIONAL_REPRESENTATION('',(#8825),#8829);
#8825 = LINE('',#8826,#8827);
#8826 = CARTESIAN_POINT('',(-0.175915773115,0.));
#8827 = VECTOR('',#8828,1.);
#8828 = DIRECTION('',(-0.,-1.));
#8829 = ( GEOMETRIC_REPRESENTATION_CONTEXT(2) 
PARAMETRIC_REPRESENTATION_CONTEXT() REPRESENTATION_CONTEXT('2D SPACE',''
  ) );
#8830 = ORIENTED_EDGE('',*,*,#6280,.T.);
#8831 = ORIENTED_EDGE('',*,*,#8756,.F.);
#8832 = ORIENTED_EDGE('',*,*,#2966,.F.);
#8833 = ADVANCED_FACE('',(#8834),#1506,.F.);
#8834 = FACE_BOUND('',#8835,.F.);
#8835 = EDGE_LOOP('',(#8836,#8837,#8838,#8859));
#8836 = ORIENTED_EDGE('',*,*,#8785,.T.);
#8837 = ORIENTED_EDGE('',*,*,#5152,.T.);
#8838 = ORIENTED_EDGE('',*,*,#8839,.F.);
#8839 = EDGE_CURVE('',#1491,#5153,#8840,.T.);
#8840 = SURFACE_CURVE('',#8841,(#8845,#8852),.PCURVE_S1.);
#8841 = LINE('',#8842,#8843);
#8842 = CARTESIAN_POINT('',(-2.108615728042,7.215757887517,0.));
#8843 = VECTOR('',#8844,1.);
#8844 = DIRECTION('',(0.,0.,1.));
#8845 = PCURVE('',#1506,#8846);
#8846 = DEFINITIONAL_REPRESENTATION('',(#8847),#8851);
#8847 = LINE('',#8848,#8849);
#8848 = CARTESIAN_POINT('',(0.767540966287,0.));
#8849 = VECTOR('',#8850,1.);
#8850 = DIRECTION('',(0.,-1.));
#8851 = ( GEOMETRIC_REPRESENTATION_CONTEXT(2) 
PARAMETRIC_REPRESENTATION_CONTEXT() REPRESENTATION_CONTEXT('2D SPACE',''
  ) );
#8852 = PCURVE('',#1558,#8853);
#8853 = DEFINITIONAL_REPRESENTATION('',(#8854),#8858);
#8854 = LINE('',#8855,#8856);
#8855 = CARTESIAN_POINT('',(0.,0.));
#8856 = VECTOR('',#8857,1.);
#8857 = DIRECTION('',(0.,-1.));
#8858 = ( GEOMETRIC_REPRESENTATION_CONTEXT(2) 
PARAMETRIC_REPRESENTATION_CONTEXT() REPRESENTATION_CONTEXT('2D SPACE',''
  ) );
#8859 = ORIENTED_EDGE('',*,*,#1490,.F.);
#8860 = ADVANCED_FACE('',(#8861),#2954,.T.);
#8861 = FACE_BOUND('',#8862,.F.);
#8862 = EDGE_LOOP('',(#8863,#8884,#8885,#8886));
#8863 = ORIENTED_EDGE('',*,*,#8864,.T.);
#8864 = EDGE_CURVE('',#2910,#6234,#8865,.T.);
#8865 = SURFACE_CURVE('',#8866,(#8870,#8877),.PCURVE_S1.);
#8866 = LINE('',#8867,#8868);
#8867 = CARTESIAN_POINT('',(-4.228622235046,-5.261297748015,0.));
#8868 = VECTOR('',#8869,1.);
#8869 = DIRECTION('',(0.,0.,1.));
#8870 = PCURVE('',#2954,#8871);
#8871 = DEFINITIONAL_REPRESENTATION('',(#8872),#8876);
#8872 = LINE('',#8873,#8874);
#8873 = CARTESIAN_POINT('',(-0.,0.));
#8874 = VECTOR('',#8875,1.);
#8875 = DIRECTION('',(-0.,-1.));
#8876 = ( GEOMETRIC_REPRESENTATION_CONTEXT(2) 
PARAMETRIC_REPRESENTATION_CONTEXT() REPRESENTATION_CONTEXT('2D SPACE',''
  ) );
#8877 = PCURVE('',#2925,#8878);
#8878 = DEFINITIONAL_REPRESENTATION('',(#8879),#8883);
#8879 = LINE('',#8880,#8881);
#8880 = CARTESIAN_POINT('',(0.767540966287,0.));
#8881 = VECTOR('',#8882,1.);
#8882 = DIRECTION('',(0.,-1.));
#8883 = ( GEOMETRIC_REPRESENTATION_CONTEXT(2) 
PARAMETRIC_REPRESENTATION_CONTEXT() REPRESENTATION_CONTEXT('2D SPACE',''
  ) );
#8884 = ORIENTED_EDGE('',*,*,#6256,.T.);
#8885 = ORIENTED_EDGE('',*,*,#8810,.F.);
#8886 = ORIENTED_EDGE('',*,*,#2937,.F.);
#8887 = ADVANCED_FACE('',(#8888),#1558,.F.);
#8888 = FACE_BOUND('',#8889,.F.);
#8889 = EDGE_LOOP('',(#8890,#8891,#8892,#8913));
#8890 = ORIENTED_EDGE('',*,*,#8839,.T.);
#8891 = ORIENTED_EDGE('',*,*,#5175,.T.);
#8892 = ORIENTED_EDGE('',*,*,#8893,.F.);
#8893 = EDGE_CURVE('',#1519,#5176,#8894,.T.);
#8894 = SURFACE_CURVE('',#8895,(#8899,#8906),.PCURVE_S1.);
#8895 = LINE('',#8896,#8897);
#8896 = CARTESIAN_POINT('',(-3.173864035268,8.421792391506,0.));
#8897 = VECTOR('',#8898,1.);
#8898 = DIRECTION('',(0.,0.,1.));
#8899 = PCURVE('',#1558,#8900);
#8900 = DEFINITIONAL_REPRESENTATION('',(#8901),#8905);
#8901 = LINE('',#8902,#8903);
#8902 = CARTESIAN_POINT('',(1.628390007606,0.));
#8903 = VECTOR('',#8904,1.);
#8904 = DIRECTION('',(0.,-1.));
#8905 = ( GEOMETRIC_REPRESENTATION_CONTEXT(2) 
PARAMETRIC_REPRESENTATION_CONTEXT() REPRESENTATION_CONTEXT('2D SPACE',''
  ) );
#8906 = PCURVE('',#1601,#8907);
#8907 = DEFINITIONAL_REPRESENTATION('',(#8908),#8912);
#8908 = LINE('',#8909,#8910);
#8909 = CARTESIAN_POINT('',(-0.,0.));
#8910 = VECTOR('',#8911,1.);
#8911 = DIRECTION('',(-0.,-1.));
#8912 = ( GEOMETRIC_REPRESENTATION_CONTEXT(2) 
PARAMETRIC_REPRESENTATION_CONTEXT() REPRESENTATION_CONTEXT('2D SPACE',''
  ) );
#8913 = ORIENTED_EDGE('',*,*,#1518,.F.);
#8914 = ADVANCED_FACE('',(#8915),#2925,.F.);
#8915 = FACE_BOUND('',#8916,.F.);
#8916 = EDGE_LOOP('',(#8917,#8938,#8939,#8940));
#8917 = ORIENTED_EDGE('',*,*,#8918,.T.);
#8918 = EDGE_CURVE('',#2844,#6187,#8919,.T.);
#8919 = SURFACE_CURVE('',#8920,(#8924,#8931),.PCURVE_S1.);
#8920 = LINE('',#8921,#8922);
#8921 = CARTESIAN_POINT('',(-4.70945790858,-5.859558719488,0.));
#8922 = VECTOR('',#8923,1.);
#8923 = DIRECTION('',(0.,0.,1.));
#8924 = PCURVE('',#2925,#8925);
#8925 = DEFINITIONAL_REPRESENTATION('',(#8926),#8930);
#8926 = LINE('',#8927,#8928);
#8927 = CARTESIAN_POINT('',(0.,0.));
#8928 = VECTOR('',#8929,1.);
#8929 = DIRECTION('',(0.,-1.));
#8930 = ( GEOMETRIC_REPRESENTATION_CONTEXT(2) 
PARAMETRIC_REPRESENTATION_CONTEXT() REPRESENTATION_CONTEXT('2D SPACE',''
  ) );
#8931 = PCURVE('',#2883,#8932);
#8932 = DEFINITIONAL_REPRESENTATION('',(#8933),#8937);
#8933 = LINE('',#8934,#8935);
#8934 = CARTESIAN_POINT('',(1.628390007606,0.));
#8935 = VECTOR('',#8936,1.);
#8936 = DIRECTION('',(0.,-1.));
#8937 = ( GEOMETRIC_REPRESENTATION_CONTEXT(2) 
PARAMETRIC_REPRESENTATION_CONTEXT() REPRESENTATION_CONTEXT('2D SPACE',''
  ) );
#8938 = ORIENTED_EDGE('',*,*,#6233,.T.);
#8939 = ORIENTED_EDGE('',*,*,#8864,.F.);
#8940 = ORIENTED_EDGE('',*,*,#2909,.F.);
#8941 = ADVANCED_FACE('',(#8942),#1601,.T.);
#8942 = FACE_BOUND('',#8943,.F.);
#8943 = EDGE_LOOP('',(#8944,#8945,#8946,#8967));
#8944 = ORIENTED_EDGE('',*,*,#8893,.T.);
#8945 = ORIENTED_EDGE('',*,*,#5222,.T.);
#8946 = ORIENTED_EDGE('',*,*,#8947,.F.);
#8947 = EDGE_CURVE('',#1585,#5223,#8948,.T.);
#8948 = SURFACE_CURVE('',#8949,(#8953,#8960),.PCURVE_S1.);
#8949 = LINE('',#8950,#8951);
#8950 = CARTESIAN_POINT('',(-3.710845727878,8.199367291681,0.));
#8951 = VECTOR('',#8952,1.);
#8952 = DIRECTION('',(0.,0.,1.));
#8953 = PCURVE('',#1601,#8954);
#8954 = DEFINITIONAL_REPRESENTATION('',(#8955),#8959);
#8955 = LINE('',#8956,#8957);
#8956 = CARTESIAN_POINT('',(-6.459176073718E-02,0.));
#8957 = VECTOR('',#8958,1.);
#8958 = DIRECTION('',(-0.,-1.));
#8959 = ( GEOMETRIC_REPRESENTATION_CONTEXT(2) 
PARAMETRIC_REPRESENTATION_CONTEXT() REPRESENTATION_CONTEXT('2D SPACE',''
  ) );
#8960 = PCURVE('',#1653,#8961);
#8961 = DEFINITIONAL_REPRESENTATION('',(#8962),#8966);
#8962 = LINE('',#8963,#8964);
#8963 = CARTESIAN_POINT('',(0.,0.));
#8964 = VECTOR('',#8965,1.);
#8965 = DIRECTION('',(0.,-1.));
#8966 = ( GEOMETRIC_REPRESENTATION_CONTEXT(2) 
PARAMETRIC_REPRESENTATION_CONTEXT() REPRESENTATION_CONTEXT('2D SPACE',''
  ) );
#8967 = ORIENTED_EDGE('',*,*,#1584,.F.);
#8968 = ADVANCED_FACE('',(#8969),#2883,.F.);
#8969 = FACE_BOUND('',#8970,.F.);
#8970 = EDGE_LOOP('',(#8971,#8992,#8993,#8994));
#8971 = ORIENTED_EDGE('',*,*,#8972,.T.);
#8972 = EDGE_CURVE('',#2815,#6163,#8973,.T.);
#8973 = SURFACE_CURVE('',#8974,(#8978,#8985),.PCURVE_S1.);
#8974 = LINE('',#8975,#8976);
#8975 = CARTESIAN_POINT('',(-6.155148440205,-6.566136434696,0.));
#8976 = VECTOR('',#8977,1.);
#8977 = DIRECTION('',(0.,0.,1.));
#8978 = PCURVE('',#2883,#8979);
#8979 = DEFINITIONAL_REPRESENTATION('',(#8980),#8984);
#8980 = LINE('',#8981,#8982);
#8981 = CARTESIAN_POINT('',(0.,0.));
#8982 = VECTOR('',#8983,1.);
#8983 = DIRECTION('',(0.,-1.));
#8984 = ( GEOMETRIC_REPRESENTATION_CONTEXT(2) 
PARAMETRIC_REPRESENTATION_CONTEXT() REPRESENTATION_CONTEXT('2D SPACE',''
  ) );
#8985 = PCURVE('',#2831,#8986);
#8986 = DEFINITIONAL_REPRESENTATION('',(#8987),#8991);
#8987 = LINE('',#8988,#8989);
#8988 = CARTESIAN_POINT('',(-6.459176073722E-02,0.));
#8989 = VECTOR('',#8990,1.);
#8990 = DIRECTION('',(-0.,-1.));
#8991 = ( GEOMETRIC_REPRESENTATION_CONTEXT(2) 
PARAMETRIC_REPRESENTATION_CONTEXT() REPRESENTATION_CONTEXT('2D SPACE',''
  ) );
#8992 = ORIENTED_EDGE('',*,*,#6186,.T.);
#8993 = ORIENTED_EDGE('',*,*,#8918,.F.);
#8994 = ORIENTED_EDGE('',*,*,#2843,.F.);
#8995 = ADVANCED_FACE('',(#8996),#1653,.F.);
#8996 = FACE_BOUND('',#8997,.F.);
#8997 = EDGE_LOOP('',(#8998,#8999,#9000,#9021));
#8998 = ORIENTED_EDGE('',*,*,#8947,.T.);
#8999 = ORIENTED_EDGE('',*,*,#5246,.T.);
#9000 = ORIENTED_EDGE('',*,*,#9001,.F.);
#9001 = EDGE_CURVE('',#1614,#5247,#9002,.T.);
#9002 = SURFACE_CURVE('',#9003,(#9007,#9014),.PCURVE_S1.);
#9003 = LINE('',#9004,#9005);
#9004 = CARTESIAN_POINT('',(-3.611294853448,6.593327813879,0.));
#9005 = VECTOR('',#9006,1.);
#9006 = DIRECTION('',(0.,0.,1.));
#9007 = PCURVE('',#1653,#9008);
#9008 = DEFINITIONAL_REPRESENTATION('',(#9009),#9013);
#9009 = LINE('',#9010,#9011);
#9010 = CARTESIAN_POINT('',(1.628390007606,0.));
#9011 = VECTOR('',#9012,1.);
#9012 = DIRECTION('',(0.,-1.));
#9013 = ( GEOMETRIC_REPRESENTATION_CONTEXT(2) 
PARAMETRIC_REPRESENTATION_CONTEXT() REPRESENTATION_CONTEXT('2D SPACE',''
  ) );
#9014 = PCURVE('',#1695,#9015);
#9015 = DEFINITIONAL_REPRESENTATION('',(#9016),#9020);
#9016 = LINE('',#9017,#9018);
#9017 = CARTESIAN_POINT('',(0.,0.));
#9018 = VECTOR('',#9019,1.);
#9019 = DIRECTION('',(0.,-1.));
#9020 = ( GEOMETRIC_REPRESENTATION_CONTEXT(2) 
PARAMETRIC_REPRESENTATION_CONTEXT() REPRESENTATION_CONTEXT('2D SPACE',''
  ) );
#9021 = ORIENTED_EDGE('',*,*,#1613,.F.);
#9022 = ADVANCED_FACE('',(#9023),#2831,.T.);
#9023 = FACE_BOUND('',#9024,.F.);
#9024 = EDGE_LOOP('',(#9025,#9046,#9047,#9048));
#9025 = ORIENTED_EDGE('',*,*,#9026,.T.);
#9026 = EDGE_CURVE('',#2749,#6116,#9027,.T.);
#9027 = SURFACE_CURVE('',#9028,(#9032,#9039),.PCURVE_S1.);
#9028 = LINE('',#9029,#9030);
#9029 = CARTESIAN_POINT('',(-6.566136434696,-6.155148440205,0.));
#9030 = VECTOR('',#9031,1.);
#9031 = DIRECTION('',(0.,0.,1.));
#9032 = PCURVE('',#2831,#9033);
#9033 = DEFINITIONAL_REPRESENTATION('',(#9034),#9038);
#9034 = LINE('',#9035,#9036);
#9035 = CARTESIAN_POINT('',(-0.,0.));
#9036 = VECTOR('',#9037,1.);
#9037 = DIRECTION('',(-0.,-1.));
#9038 = ( GEOMETRIC_REPRESENTATION_CONTEXT(2) 
PARAMETRIC_REPRESENTATION_CONTEXT() REPRESENTATION_CONTEXT('2D SPACE',''
  ) );
#9039 = PCURVE('',#2788,#9040);
#9040 = DEFINITIONAL_REPRESENTATION('',(#9041),#9045);
#9041 = LINE('',#9042,#9043);
#9042 = CARTESIAN_POINT('',(1.628390007606,0.));
#9043 = VECTOR('',#9044,1.);
#9044 = DIRECTION('',(0.,-1.));
#9045 = ( GEOMETRIC_REPRESENTATION_CONTEXT(2) 
PARAMETRIC_REPRESENTATION_CONTEXT() REPRESENTATION_CONTEXT('2D SPACE',''
  ) );
#9046 = ORIENTED_EDGE('',*,*,#6162,.T.);
#9047 = ORIENTED_EDGE('',*,*,#8972,.F.);
#9048 = ORIENTED_EDGE('',*,*,#2814,.F.);
#9049 = ADVANCED_FACE('',(#9050),#1695,.F.);
#9050 = FACE_BOUND('',#9051,.F.);
#9051 = EDGE_LOOP('',(#9052,#9053,#9054,#9075));
#9052 = ORIENTED_EDGE('',*,*,#9001,.T.);
#9053 = ORIENTED_EDGE('',*,*,#5293,.T.);
#9054 = ORIENTED_EDGE('',*,*,#9055,.F.);
#9055 = EDGE_CURVE('',#1680,#5294,#9056,.T.);
#9056 = SURFACE_CURVE('',#9057,(#9061,#9068),.PCURVE_S1.);
#9057 = LINE('',#9058,#9059);
#9058 = CARTESIAN_POINT('',(-3.242581632756,5.920149014587,0.));
#9059 = VECTOR('',#9060,1.);
#9060 = DIRECTION('',(0.,0.,1.));
#9061 = PCURVE('',#1695,#9062);
#9062 = DEFINITIONAL_REPRESENTATION('',(#9063),#9067);
#9063 = LINE('',#9064,#9065);
#9064 = CARTESIAN_POINT('',(0.767540966287,0.));
#9065 = VECTOR('',#9066,1.);
#9066 = DIRECTION('',(0.,-1.));
#9067 = ( GEOMETRIC_REPRESENTATION_CONTEXT(2) 
PARAMETRIC_REPRESENTATION_CONTEXT() REPRESENTATION_CONTEXT('2D SPACE',''
  ) );
#9068 = PCURVE('',#1724,#9069);
#9069 = DEFINITIONAL_REPRESENTATION('',(#9070),#9074);
#9070 = LINE('',#9071,#9072);
#9071 = CARTESIAN_POINT('',(-0.,0.));
#9072 = VECTOR('',#9073,1.);
#9073 = DIRECTION('',(-0.,-1.));
#9074 = ( GEOMETRIC_REPRESENTATION_CONTEXT(2) 
PARAMETRIC_REPRESENTATION_CONTEXT() REPRESENTATION_CONTEXT('2D SPACE',''
  ) );
#9075 = ORIENTED_EDGE('',*,*,#1679,.F.);
#9076 = ADVANCED_FACE('',(#9077),#2788,.F.);
#9077 = FACE_BOUND('',#9078,.F.);
#9078 = EDGE_LOOP('',(#9079,#9100,#9101,#9102));
#9079 = ORIENTED_EDGE('',*,*,#9080,.T.);
#9080 = EDGE_CURVE('',#2721,#6093,#9081,.T.);
#9081 = SURFACE_CURVE('',#9082,(#9086,#9093),.PCURVE_S1.);
#9082 = LINE('',#9083,#9084);
#9083 = CARTESIAN_POINT('',(-5.859558719488,-4.70945790858,0.));
#9084 = VECTOR('',#9085,1.);
#9085 = DIRECTION('',(0.,0.,1.));
#9086 = PCURVE('',#2788,#9087);
#9087 = DEFINITIONAL_REPRESENTATION('',(#9088),#9092);
#9088 = LINE('',#9089,#9090);
#9089 = CARTESIAN_POINT('',(0.,0.));
#9090 = VECTOR('',#9091,1.);
#9091 = DIRECTION('',(0.,-1.));
#9092 = ( GEOMETRIC_REPRESENTATION_CONTEXT(2) 
PARAMETRIC_REPRESENTATION_CONTEXT() REPRESENTATION_CONTEXT('2D SPACE',''
  ) );
#9093 = PCURVE('',#2736,#9094);
#9094 = DEFINITIONAL_REPRESENTATION('',(#9095),#9099);
#9095 = LINE('',#9096,#9097);
#9096 = CARTESIAN_POINT('',(0.767540966287,0.));
#9097 = VECTOR('',#9098,1.);
#9098 = DIRECTION('',(0.,-1.));
#9099 = ( GEOMETRIC_REPRESENTATION_CONTEXT(2) 
PARAMETRIC_REPRESENTATION_CONTEXT() REPRESENTATION_CONTEXT('2D SPACE',''
  ) );
#9100 = ORIENTED_EDGE('',*,*,#6115,.T.);
#9101 = ORIENTED_EDGE('',*,*,#9026,.F.);
#9102 = ORIENTED_EDGE('',*,*,#2748,.F.);
#9103 = ADVANCED_FACE('',(#9104),#1724,.T.);
#9104 = FACE_BOUND('',#9105,.F.);
#9105 = EDGE_LOOP('',(#9106,#9107,#9108,#9129));
#9106 = ORIENTED_EDGE('',*,*,#9055,.T.);
#9107 = ORIENTED_EDGE('',*,*,#5316,.T.);
#9108 = ORIENTED_EDGE('',*,*,#9109,.F.);
#9109 = EDGE_CURVE('',#1708,#5317,#9110,.T.);
#9110 = SURFACE_CURVE('',#9111,(#9115,#9122),.PCURVE_S1.);
#9111 = LINE('',#9112,#9113);
#9112 = CARTESIAN_POINT('',(-4.228622235046,5.261297748015,0.));
#9113 = VECTOR('',#9114,1.);
#9114 = DIRECTION('',(0.,0.,1.));
#9115 = PCURVE('',#1724,#9116);
#9116 = DEFINITIONAL_REPRESENTATION('',(#9117),#9121);
#9117 = LINE('',#9118,#9119);
#9118 = CARTESIAN_POINT('',(-0.175915773115,0.));
#9119 = VECTOR('',#9120,1.);
#9120 = DIRECTION('',(-0.,-1.));
#9121 = ( GEOMETRIC_REPRESENTATION_CONTEXT(2) 
PARAMETRIC_REPRESENTATION_CONTEXT() REPRESENTATION_CONTEXT('2D SPACE',''
  ) );
#9122 = PCURVE('',#1752,#9123);
#9123 = DEFINITIONAL_REPRESENTATION('',(#9124),#9128);
#9124 = LINE('',#9125,#9126);
#9125 = CARTESIAN_POINT('',(0.,0.));
#9126 = VECTOR('',#9127,1.);
#9127 = DIRECTION('',(0.,-1.));
#9128 = ( GEOMETRIC_REPRESENTATION_CONTEXT(2) 
PARAMETRIC_REPRESENTATION_CONTEXT() REPRESENTATION_CONTEXT('2D SPACE',''
  ) );
#9129 = ORIENTED_EDGE('',*,*,#1707,.F.);
#9130 = ADVANCED_FACE('',(#9131),#2736,.F.);
#9131 = FACE_BOUND('',#9132,.F.);
#9132 = EDGE_LOOP('',(#9133,#9154,#9155,#9156));
#9133 = ORIENTED_EDGE('',*,*,#9134,.T.);
#9134 = EDGE_CURVE('',#2692,#6069,#9135,.T.);
#9135 = SURFACE_CURVE('',#9136,(#9140,#9147),.PCURVE_S1.);
#9136 = LINE('',#9137,#9138);
#9137 = CARTESIAN_POINT('',(-5.261297748015,-4.228622235046,0.));
#9138 = VECTOR('',#9139,1.);
#9139 = DIRECTION('',(0.,0.,1.));
#9140 = PCURVE('',#2736,#9141);
#9141 = DEFINITIONAL_REPRESENTATION('',(#9142),#9146);
#9142 = LINE('',#9143,#9144);
#9143 = CARTESIAN_POINT('',(0.,0.));
#9144 = VECTOR('',#9145,1.);
#9145 = DIRECTION('',(0.,-1.));
#9146 = ( GEOMETRIC_REPRESENTATION_CONTEXT(2) 
PARAMETRIC_REPRESENTATION_CONTEXT() REPRESENTATION_CONTEXT('2D SPACE',''
  ) );
#9147 = PCURVE('',#2708,#9148);
#9148 = DEFINITIONAL_REPRESENTATION('',(#9149),#9153);
#9149 = LINE('',#9150,#9151);
#9150 = CARTESIAN_POINT('',(-0.175915773115,0.));
#9151 = VECTOR('',#9152,1.);
#9152 = DIRECTION('',(-0.,-1.));
#9153 = ( GEOMETRIC_REPRESENTATION_CONTEXT(2) 
PARAMETRIC_REPRESENTATION_CONTEXT() REPRESENTATION_CONTEXT('2D SPACE',''
  ) );
#9154 = ORIENTED_EDGE('',*,*,#6092,.T.);
#9155 = ORIENTED_EDGE('',*,*,#9080,.F.);
#9156 = ORIENTED_EDGE('',*,*,#2720,.F.);
#9157 = ADVANCED_FACE('',(#9158),#1752,.F.);
#9158 = FACE_BOUND('',#9159,.F.);
#9159 = EDGE_LOOP('',(#9160,#9161,#9162,#9183));
#9160 = ORIENTED_EDGE('',*,*,#9109,.T.);
#9161 = ORIENTED_EDGE('',*,*,#5340,.T.);
#9162 = ORIENTED_EDGE('',*,*,#9163,.F.);
#9163 = EDGE_CURVE('',#1737,#5341,#9164,.T.);
#9164 = SURFACE_CURVE('',#9165,(#9169,#9176),.PCURVE_S1.);
#9165 = LINE('',#9166,#9167);
#9166 = CARTESIAN_POINT('',(-4.70945790858,5.859558719488,0.));
#9167 = VECTOR('',#9168,1.);
#9168 = DIRECTION('',(0.,0.,1.));
#9169 = PCURVE('',#1752,#9170);
#9170 = DEFINITIONAL_REPRESENTATION('',(#9171),#9175);
#9171 = LINE('',#9172,#9173);
#9172 = CARTESIAN_POINT('',(0.767540966287,0.));
#9173 = VECTOR('',#9174,1.);
#9174 = DIRECTION('',(0.,-1.));
#9175 = ( GEOMETRIC_REPRESENTATION_CONTEXT(2) 
PARAMETRIC_REPRESENTATION_CONTEXT() REPRESENTATION_CONTEXT('2D SPACE',''
  ) );
#9176 = PCURVE('',#1804,#9177);
#9177 = DEFINITIONAL_REPRESENTATION('',(#9178),#9182);
#9178 = LINE('',#9179,#9180);
#9179 = CARTESIAN_POINT('',(0.,0.));
#9180 = VECTOR('',#9181,1.);
#9181 = DIRECTION('',(0.,-1.));
#9182 = ( GEOMETRIC_REPRESENTATION_CONTEXT(2) 
PARAMETRIC_REPRESENTATION_CONTEXT() REPRESENTATION_CONTEXT('2D SPACE',''
  ) );
#9183 = ORIENTED_EDGE('',*,*,#1736,.F.);
#9184 = ADVANCED_FACE('',(#9185),#2708,.T.);
#9185 = FACE_BOUND('',#9186,.F.);
#9186 = EDGE_LOOP('',(#9187,#9208,#9209,#9210));
#9187 = ORIENTED_EDGE('',*,*,#9188,.T.);
#9188 = EDGE_CURVE('',#2664,#6046,#9189,.T.);
#9189 = SURFACE_CURVE('',#9190,(#9194,#9201),.PCURVE_S1.);
#9190 = LINE('',#9191,#9192);
#9191 = CARTESIAN_POINT('',(-5.920149014587,-3.242581632756,0.));
#9192 = VECTOR('',#9193,1.);
#9193 = DIRECTION('',(0.,0.,1.));
#9194 = PCURVE('',#2708,#9195);
#9195 = DEFINITIONAL_REPRESENTATION('',(#9196),#9200);
#9196 = LINE('',#9197,#9198);
#9197 = CARTESIAN_POINT('',(-0.,0.));
#9198 = VECTOR('',#9199,1.);
#9199 = DIRECTION('',(-0.,-1.));
#9200 = ( GEOMETRIC_REPRESENTATION_CONTEXT(2) 
PARAMETRIC_REPRESENTATION_CONTEXT() REPRESENTATION_CONTEXT('2D SPACE',''
  ) );
#9201 = PCURVE('',#2679,#9202);
#9202 = DEFINITIONAL_REPRESENTATION('',(#9203),#9207);
#9203 = LINE('',#9204,#9205);
#9204 = CARTESIAN_POINT('',(0.767540966287,0.));
#9205 = VECTOR('',#9206,1.);
#9206 = DIRECTION('',(0.,-1.));
#9207 = ( GEOMETRIC_REPRESENTATION_CONTEXT(2) 
PARAMETRIC_REPRESENTATION_CONTEXT() REPRESENTATION_CONTEXT('2D SPACE',''
  ) );
#9208 = ORIENTED_EDGE('',*,*,#6068,.T.);
#9209 = ORIENTED_EDGE('',*,*,#9134,.F.);
#9210 = ORIENTED_EDGE('',*,*,#2691,.F.);
#9211 = ADVANCED_FACE('',(#9212),#1804,.F.);
#9212 = FACE_BOUND('',#9213,.F.);
#9213 = EDGE_LOOP('',(#9214,#9215,#9216,#9237));
#9214 = ORIENTED_EDGE('',*,*,#9163,.T.);
#9215 = ORIENTED_EDGE('',*,*,#5363,.T.);
#9216 = ORIENTED_EDGE('',*,*,#9217,.F.);
#9217 = EDGE_CURVE('',#1765,#5364,#9218,.T.);
#9218 = SURFACE_CURVE('',#9219,(#9223,#9230),.PCURVE_S1.);
#9219 = LINE('',#9220,#9221);
#9220 = CARTESIAN_POINT('',(-6.155148440205,6.566136434696,0.));
#9221 = VECTOR('',#9222,1.);
#9222 = DIRECTION('',(0.,0.,1.));
#9223 = PCURVE('',#1804,#9224);
#9224 = DEFINITIONAL_REPRESENTATION('',(#9225),#9229);
#9225 = LINE('',#9226,#9227);
#9226 = CARTESIAN_POINT('',(1.628390007606,0.));
#9227 = VECTOR('',#9228,1.);
#9228 = DIRECTION('',(0.,-1.));
#9229 = ( GEOMETRIC_REPRESENTATION_CONTEXT(2) 
PARAMETRIC_REPRESENTATION_CONTEXT() REPRESENTATION_CONTEXT('2D SPACE',''
  ) );
#9230 = PCURVE('',#1847,#9231);
#9231 = DEFINITIONAL_REPRESENTATION('',(#9232),#9236);
#9232 = LINE('',#9233,#9234);
#9233 = CARTESIAN_POINT('',(-0.,0.));
#9234 = VECTOR('',#9235,1.);
#9235 = DIRECTION('',(-0.,-1.));
#9236 = ( GEOMETRIC_REPRESENTATION_CONTEXT(2) 
PARAMETRIC_REPRESENTATION_CONTEXT() REPRESENTATION_CONTEXT('2D SPACE',''
  ) );
#9237 = ORIENTED_EDGE('',*,*,#1764,.F.);
#9238 = ADVANCED_FACE('',(#9239),#2679,.F.);
#9239 = FACE_BOUND('',#9240,.F.);
#9240 = EDGE_LOOP('',(#9241,#9262,#9263,#9264));
#9241 = ORIENTED_EDGE('',*,*,#9242,.T.);
#9242 = EDGE_CURVE('',#2598,#5999,#9243,.T.);
#9243 = SURFACE_CURVE('',#9244,(#9248,#9255),.PCURVE_S1.);
#9244 = LINE('',#9245,#9246);
#9245 = CARTESIAN_POINT('',(-6.593327813879,-3.611294853448,0.));
#9246 = VECTOR('',#9247,1.);
#9247 = DIRECTION('',(0.,0.,1.));
#9248 = PCURVE('',#2679,#9249);
#9249 = DEFINITIONAL_REPRESENTATION('',(#9250),#9254);
#9250 = LINE('',#9251,#9252);
#9251 = CARTESIAN_POINT('',(0.,0.));
#9252 = VECTOR('',#9253,1.);
#9253 = DIRECTION('',(0.,-1.));
#9254 = ( GEOMETRIC_REPRESENTATION_CONTEXT(2) 
PARAMETRIC_REPRESENTATION_CONTEXT() REPRESENTATION_CONTEXT('2D SPACE',''
  ) );
#9255 = PCURVE('',#2637,#9256);
#9256 = DEFINITIONAL_REPRESENTATION('',(#9257),#9261);
#9257 = LINE('',#9258,#9259);
#9258 = CARTESIAN_POINT('',(1.628390007606,0.));
#9259 = VECTOR('',#9260,1.);
#9260 = DIRECTION('',(0.,-1.));
#9261 = ( GEOMETRIC_REPRESENTATION_CONTEXT(2) 
PARAMETRIC_REPRESENTATION_CONTEXT() REPRESENTATION_CONTEXT('2D SPACE',''
  ) );
#9262 = ORIENTED_EDGE('',*,*,#6045,.T.);
#9263 = ORIENTED_EDGE('',*,*,#9188,.F.);
#9264 = ORIENTED_EDGE('',*,*,#2663,.F.);
#9265 = ADVANCED_FACE('',(#9266),#1847,.T.);
#9266 = FACE_BOUND('',#9267,.F.);
#9267 = EDGE_LOOP('',(#9268,#9269,#9270,#9291));
#9268 = ORIENTED_EDGE('',*,*,#9217,.T.);
#9269 = ORIENTED_EDGE('',*,*,#5410,.T.);
#9270 = ORIENTED_EDGE('',*,*,#9271,.F.);
#9271 = EDGE_CURVE('',#1831,#5411,#9272,.T.);
#9272 = SURFACE_CURVE('',#9273,(#9277,#9284),.PCURVE_S1.);
#9273 = LINE('',#9274,#9275);
#9274 = CARTESIAN_POINT('',(-6.566136434696,6.155148440205,0.));
#9275 = VECTOR('',#9276,1.);
#9276 = DIRECTION('',(0.,0.,1.));
#9277 = PCURVE('',#1847,#9278);
#9278 = DEFINITIONAL_REPRESENTATION('',(#9279),#9283);
#9279 = LINE('',#9280,#9281);
#9280 = CARTESIAN_POINT('',(-6.459176073723E-02,0.));
#9281 = VECTOR('',#9282,1.);
#9282 = DIRECTION('',(-0.,-1.));
#9283 = ( GEOMETRIC_REPRESENTATION_CONTEXT(2) 
PARAMETRIC_REPRESENTATION_CONTEXT() REPRESENTATION_CONTEXT('2D SPACE',''
  ) );
#9284 = PCURVE('',#1899,#9285);
#9285 = DEFINITIONAL_REPRESENTATION('',(#9286),#9290);
#9286 = LINE('',#9287,#9288);
#9287 = CARTESIAN_POINT('',(0.,0.));
#9288 = VECTOR('',#9289,1.);
#9289 = DIRECTION('',(0.,-1.));
#9290 = ( GEOMETRIC_REPRESENTATION_CONTEXT(2) 
PARAMETRIC_REPRESENTATION_CONTEXT() REPRESENTATION_CONTEXT('2D SPACE',''
  ) );
#9291 = ORIENTED_EDGE('',*,*,#1830,.F.);
#9292 = ADVANCED_FACE('',(#9293),#2637,.F.);
#9293 = FACE_BOUND('',#9294,.F.);
#9294 = EDGE_LOOP('',(#9295,#9316,#9317,#9318));
#9295 = ORIENTED_EDGE('',*,*,#9296,.T.);
#9296 = EDGE_CURVE('',#2569,#5975,#9297,.T.);
#9297 = SURFACE_CURVE('',#9298,(#9302,#9309),.PCURVE_S1.);
#9298 = LINE('',#9299,#9300);
#9299 = CARTESIAN_POINT('',(-8.199367291681,-3.710845727878,0.));
#9300 = VECTOR('',#9301,1.);
#9301 = DIRECTION('',(0.,0.,1.));
#9302 = PCURVE('',#2637,#9303);
#9303 = DEFINITIONAL_REPRESENTATION('',(#9304),#9308);
#9304 = LINE('',#9305,#9306);
#9305 = CARTESIAN_POINT('',(0.,0.));
#9306 = VECTOR('',#9307,1.);
#9307 = DIRECTION('',(0.,-1.));
#9308 = ( GEOMETRIC_REPRESENTATION_CONTEXT(2) 
PARAMETRIC_REPRESENTATION_CONTEXT() REPRESENTATION_CONTEXT('2D SPACE',''
  ) );
#9309 = PCURVE('',#2585,#9310);
#9310 = DEFINITIONAL_REPRESENTATION('',(#9311),#9315);
#9311 = LINE('',#9312,#9313);
#9312 = CARTESIAN_POINT('',(-6.459176073722E-02,0.));
#9313 = VECTOR('',#9314,1.);
#9314 = DIRECTION('',(-0.,-1.));
#9315 = ( GEOMETRIC_REPRESENTATION_CONTEXT(2) 
PARAMETRIC_REPRESENTATION_CONTEXT() REPRESENTATION_CONTEXT('2D SPACE',''
  ) );
#9316 = ORIENTED_EDGE('',*,*,#5998,.T.);
#9317 = ORIENTED_EDGE('',*,*,#9242,.F.);
#9318 = ORIENTED_EDGE('',*,*,#2597,.F.);
#9319 = ADVANCED_FACE('',(#9320),#1899,.F.);
#9320 = FACE_BOUND('',#9321,.F.);
#9321 = EDGE_LOOP('',(#9322,#9323,#9324,#9345));
#9322 = ORIENTED_EDGE('',*,*,#9271,.T.);
#9323 = ORIENTED_EDGE('',*,*,#5434,.T.);
#9324 = ORIENTED_EDGE('',*,*,#9325,.F.);
#9325 = EDGE_CURVE('',#1860,#5435,#9326,.T.);
#9326 = SURFACE_CURVE('',#9327,(#9331,#9338),.PCURVE_S1.);
#9327 = LINE('',#9328,#9329);
#9328 = CARTESIAN_POINT('',(-5.859558719488,4.70945790858,0.));
#9329 = VECTOR('',#9330,1.);
#9330 = DIRECTION('',(0.,0.,1.));
#9331 = PCURVE('',#1899,#9332);
#9332 = DEFINITIONAL_REPRESENTATION('',(#9333),#9337);
#9333 = LINE('',#9334,#9335);
#9334 = CARTESIAN_POINT('',(1.628390007606,0.));
#9335 = VECTOR('',#9336,1.);
#9336 = DIRECTION('',(0.,-1.));
#9337 = ( GEOMETRIC_REPRESENTATION_CONTEXT(2) 
PARAMETRIC_REPRESENTATION_CONTEXT() REPRESENTATION_CONTEXT('2D SPACE',''
  ) );
#9338 = PCURVE('',#1941,#9339);
#9339 = DEFINITIONAL_REPRESENTATION('',(#9340),#9344);
#9340 = LINE('',#9341,#9342);
#9341 = CARTESIAN_POINT('',(0.,0.));
#9342 = VECTOR('',#9343,1.);
#9343 = DIRECTION('',(0.,-1.));
#9344 = ( GEOMETRIC_REPRESENTATION_CONTEXT(2) 
PARAMETRIC_REPRESENTATION_CONTEXT() REPRESENTATION_CONTEXT('2D SPACE',''
  ) );
#9345 = ORIENTED_EDGE('',*,*,#1859,.F.);
#9346 = ADVANCED_FACE('',(#9347),#2585,.T.);
#9347 = FACE_BOUND('',#9348,.F.);
#9348 = EDGE_LOOP('',(#9349,#9370,#9371,#9372));
#9349 = ORIENTED_EDGE('',*,*,#9350,.T.);
#9350 = EDGE_CURVE('',#2503,#5928,#9351,.T.);
#9351 = SURFACE_CURVE('',#9352,(#9356,#9363),.PCURVE_S1.);
#9352 = LINE('',#9353,#9354);
#9353 = CARTESIAN_POINT('',(-8.421792391506,-3.173864035268,0.));
#9354 = VECTOR('',#9355,1.);
#9355 = DIRECTION('',(0.,0.,1.));
#9356 = PCURVE('',#2585,#9357);
#9357 = DEFINITIONAL_REPRESENTATION('',(#9358),#9362);
#9358 = LINE('',#9359,#9360);
#9359 = CARTESIAN_POINT('',(-0.,0.));
#9360 = VECTOR('',#9361,1.);
#9361 = DIRECTION('',(-0.,-1.));
#9362 = ( GEOMETRIC_REPRESENTATION_CONTEXT(2) 
PARAMETRIC_REPRESENTATION_CONTEXT() REPRESENTATION_CONTEXT('2D SPACE',''
  ) );
#9363 = PCURVE('',#2542,#9364);
#9364 = DEFINITIONAL_REPRESENTATION('',(#9365),#9369);
#9365 = LINE('',#9366,#9367);
#9366 = CARTESIAN_POINT('',(1.628390007606,0.));
#9367 = VECTOR('',#9368,1.);
#9368 = DIRECTION('',(0.,-1.));
#9369 = ( GEOMETRIC_REPRESENTATION_CONTEXT(2) 
PARAMETRIC_REPRESENTATION_CONTEXT() REPRESENTATION_CONTEXT('2D SPACE',''
  ) );
#9370 = ORIENTED_EDGE('',*,*,#5974,.T.);
#9371 = ORIENTED_EDGE('',*,*,#9296,.F.);
#9372 = ORIENTED_EDGE('',*,*,#2568,.F.);
#9373 = ADVANCED_FACE('',(#9374),#1941,.F.);
#9374 = FACE_BOUND('',#9375,.F.);
#9375 = EDGE_LOOP('',(#9376,#9377,#9378,#9399));
#9376 = ORIENTED_EDGE('',*,*,#9325,.T.);
#9377 = ORIENTED_EDGE('',*,*,#5481,.T.);
#9378 = ORIENTED_EDGE('',*,*,#9379,.F.);
#9379 = EDGE_CURVE('',#1926,#5482,#9380,.T.);
#9380 = SURFACE_CURVE('',#9381,(#9385,#9392),.PCURVE_S1.);
#9381 = LINE('',#9382,#9383);
#9382 = CARTESIAN_POINT('',(-5.261297748015,4.228622235046,0.));
#9383 = VECTOR('',#9384,1.);
#9384 = DIRECTION('',(0.,0.,1.));
#9385 = PCURVE('',#1941,#9386);
#9386 = DEFINITIONAL_REPRESENTATION('',(#9387),#9391);
#9387 = LINE('',#9388,#9389);
#9388 = CARTESIAN_POINT('',(0.767540966287,0.));
#9389 = VECTOR('',#9390,1.);
#9390 = DIRECTION('',(0.,-1.));
#9391 = ( GEOMETRIC_REPRESENTATION_CONTEXT(2) 
PARAMETRIC_REPRESENTATION_CONTEXT() REPRESENTATION_CONTEXT('2D SPACE',''
  ) );
#9392 = PCURVE('',#1970,#9393);
#9393 = DEFINITIONAL_REPRESENTATION('',(#9394),#9398);
#9394 = LINE('',#9395,#9396);
#9395 = CARTESIAN_POINT('',(-0.,0.));
#9396 = VECTOR('',#9397,1.);
#9397 = DIRECTION('',(-0.,-1.));
#9398 = ( GEOMETRIC_REPRESENTATION_CONTEXT(2) 
PARAMETRIC_REPRESENTATION_CONTEXT() REPRESENTATION_CONTEXT('2D SPACE',''
  ) );
#9399 = ORIENTED_EDGE('',*,*,#1925,.F.);
#9400 = ADVANCED_FACE('',(#9401),#2542,.F.);
#9401 = FACE_BOUND('',#9402,.F.);
#9402 = EDGE_LOOP('',(#9403,#9424,#9425,#9426));
#9403 = ORIENTED_EDGE('',*,*,#9404,.T.);
#9404 = EDGE_CURVE('',#2475,#5905,#9405,.T.);
#9405 = SURFACE_CURVE('',#9406,(#9410,#9417),.PCURVE_S1.);
#9406 = LINE('',#9407,#9408);
#9407 = CARTESIAN_POINT('',(-7.215757887517,-2.108615728042,0.));
#9408 = VECTOR('',#9409,1.);
#9409 = DIRECTION('',(0.,0.,1.));
#9410 = PCURVE('',#2542,#9411);
#9411 = DEFINITIONAL_REPRESENTATION('',(#9412),#9416);
#9412 = LINE('',#9413,#9414);
#9413 = CARTESIAN_POINT('',(0.,0.));
#9414 = VECTOR('',#9415,1.);
#9415 = DIRECTION('',(0.,-1.));
#9416 = ( GEOMETRIC_REPRESENTATION_CONTEXT(2) 
PARAMETRIC_REPRESENTATION_CONTEXT() REPRESENTATION_CONTEXT('2D SPACE',''
  ) );
#9417 = PCURVE('',#2490,#9418);
#9418 = DEFINITIONAL_REPRESENTATION('',(#9419),#9423);
#9419 = LINE('',#9420,#9421);
#9420 = CARTESIAN_POINT('',(0.767540966287,0.));
#9421 = VECTOR('',#9422,1.);
#9422 = DIRECTION('',(0.,-1.));
#9423 = ( GEOMETRIC_REPRESENTATION_CONTEXT(2) 
PARAMETRIC_REPRESENTATION_CONTEXT() REPRESENTATION_CONTEXT('2D SPACE',''
  ) );
#9424 = ORIENTED_EDGE('',*,*,#5927,.T.);
#9425 = ORIENTED_EDGE('',*,*,#9350,.F.);
#9426 = ORIENTED_EDGE('',*,*,#2502,.F.);
#9427 = ADVANCED_FACE('',(#9428),#1970,.T.);
#9428 = FACE_BOUND('',#9429,.F.);
#9429 = EDGE_LOOP('',(#9430,#9431,#9432,#9453));
#9430 = ORIENTED_EDGE('',*,*,#9379,.T.);
#9431 = ORIENTED_EDGE('',*,*,#5504,.T.);
#9432 = ORIENTED_EDGE('',*,*,#9433,.F.);
#9433 = EDGE_CURVE('',#1954,#5505,#9434,.T.);
#9434 = SURFACE_CURVE('',#9435,(#9439,#9446),.PCURVE_S1.);
#9435 = LINE('',#9436,#9437);
#9436 = CARTESIAN_POINT('',(-5.920149014587,3.242581632756,0.));
#9437 = VECTOR('',#9438,1.);
#9438 = DIRECTION('',(0.,0.,1.));
#9439 = PCURVE('',#1970,#9440);
#9440 = DEFINITIONAL_REPRESENTATION('',(#9441),#9445);
#9441 = LINE('',#9442,#9443);
#9442 = CARTESIAN_POINT('',(-0.175915773115,0.));
#9443 = VECTOR('',#9444,1.);
#9444 = DIRECTION('',(-0.,-1.));
#9445 = ( GEOMETRIC_REPRESENTATION_CONTEXT(2) 
PARAMETRIC_REPRESENTATION_CONTEXT() REPRESENTATION_CONTEXT('2D SPACE',''
  ) );
#9446 = PCURVE('',#1998,#9447);
#9447 = DEFINITIONAL_REPRESENTATION('',(#9448),#9452);
#9448 = LINE('',#9449,#9450);
#9449 = CARTESIAN_POINT('',(0.,0.));
#9450 = VECTOR('',#9451,1.);
#9451 = DIRECTION('',(0.,-1.));
#9452 = ( GEOMETRIC_REPRESENTATION_CONTEXT(2) 
PARAMETRIC_REPRESENTATION_CONTEXT() REPRESENTATION_CONTEXT('2D SPACE',''
  ) );
#9453 = ORIENTED_EDGE('',*,*,#1953,.F.);
#9454 = ADVANCED_FACE('',(#9455),#2490,.F.);
#9455 = FACE_BOUND('',#9456,.F.);
#9456 = EDGE_LOOP('',(#9457,#9478,#9479,#9480));
#9457 = ORIENTED_EDGE('',*,*,#9458,.T.);
#9458 = EDGE_CURVE('',#2446,#5881,#9459,.T.);
#9459 = SURFACE_CURVE('',#9460,(#9464,#9471),.PCURVE_S1.);
#9460 = LINE('',#9461,#9462);
#9461 = CARTESIAN_POINT('',(-6.479028974922,-1.893326052776,0.));
#9462 = VECTOR('',#9463,1.);
#9463 = DIRECTION('',(0.,0.,1.));
#9464 = PCURVE('',#2490,#9465);
#9465 = DEFINITIONAL_REPRESENTATION('',(#9466),#9470);
#9466 = LINE('',#9467,#9468);
#9467 = CARTESIAN_POINT('',(0.,0.));
#9468 = VECTOR('',#9469,1.);
#9469 = DIRECTION('',(0.,-1.));
#9470 = ( GEOMETRIC_REPRESENTATION_CONTEXT(2) 
PARAMETRIC_REPRESENTATION_CONTEXT() REPRESENTATION_CONTEXT('2D SPACE',''
  ) );
#9471 = PCURVE('',#2462,#9472);
#9472 = DEFINITIONAL_REPRESENTATION('',(#9473),#9477);
#9473 = LINE('',#9474,#9475);
#9474 = CARTESIAN_POINT('',(-0.175915773115,0.));
#9475 = VECTOR('',#9476,1.);
#9476 = DIRECTION('',(-0.,-1.));
#9477 = ( GEOMETRIC_REPRESENTATION_CONTEXT(2) 
PARAMETRIC_REPRESENTATION_CONTEXT() REPRESENTATION_CONTEXT('2D SPACE',''
  ) );
#9478 = ORIENTED_EDGE('',*,*,#5904,.T.);
#9479 = ORIENTED_EDGE('',*,*,#9404,.F.);
#9480 = ORIENTED_EDGE('',*,*,#2474,.F.);
#9481 = ADVANCED_FACE('',(#9482),#1998,.F.);
#9482 = FACE_BOUND('',#9483,.F.);
#9483 = EDGE_LOOP('',(#9484,#9485,#9486,#9507));
#9484 = ORIENTED_EDGE('',*,*,#9433,.T.);
#9485 = ORIENTED_EDGE('',*,*,#5528,.T.);
#9486 = ORIENTED_EDGE('',*,*,#9487,.F.);
#9487 = EDGE_CURVE('',#1983,#5529,#9488,.T.);
#9488 = SURFACE_CURVE('',#9489,(#9493,#9500),.PCURVE_S1.);
#9489 = LINE('',#9490,#9491);
#9490 = CARTESIAN_POINT('',(-6.593327813879,3.611294853448,0.));
#9491 = VECTOR('',#9492,1.);
#9492 = DIRECTION('',(0.,0.,1.));
#9493 = PCURVE('',#1998,#9494);
#9494 = DEFINITIONAL_REPRESENTATION('',(#9495),#9499);
#9495 = LINE('',#9496,#9497);
#9496 = CARTESIAN_POINT('',(0.767540966287,0.));
#9497 = VECTOR('',#9498,1.);
#9498 = DIRECTION('',(0.,-1.));
#9499 = ( GEOMETRIC_REPRESENTATION_CONTEXT(2) 
PARAMETRIC_REPRESENTATION_CONTEXT() REPRESENTATION_CONTEXT('2D SPACE',''
  ) );
#9500 = PCURVE('',#2050,#9501);
#9501 = DEFINITIONAL_REPRESENTATION('',(#9502),#9506);
#9502 = LINE('',#9503,#9504);
#9503 = CARTESIAN_POINT('',(0.,0.));
#9504 = VECTOR('',#9505,1.);
#9505 = DIRECTION('',(0.,-1.));
#9506 = ( GEOMETRIC_REPRESENTATION_CONTEXT(2) 
PARAMETRIC_REPRESENTATION_CONTEXT() REPRESENTATION_CONTEXT('2D SPACE',''
  ) );
#9507 = ORIENTED_EDGE('',*,*,#1982,.F.);
#9508 = ADVANCED_FACE('',(#9509),#2462,.T.);
#9509 = FACE_BOUND('',#9510,.F.);
#9510 = EDGE_LOOP('',(#9511,#9532,#9533,#9534));
#9511 = ORIENTED_EDGE('',*,*,#9512,.T.);
#9512 = EDGE_CURVE('',#2418,#5858,#9513,.T.);
#9513 = SURFACE_CURVE('',#9514,(#9518,#9525),.PCURVE_S1.);
#9514 = LINE('',#9515,#9516);
#9515 = CARTESIAN_POINT('',(-6.710386772941,-0.730211857986,0.));
#9516 = VECTOR('',#9517,1.);
#9517 = DIRECTION('',(0.,0.,1.));
#9518 = PCURVE('',#2462,#9519);
#9519 = DEFINITIONAL_REPRESENTATION('',(#9520),#9524);
#9520 = LINE('',#9521,#9522);
#9521 = CARTESIAN_POINT('',(-0.,0.));
#9522 = VECTOR('',#9523,1.);
#9523 = DIRECTION('',(-0.,-1.));
#9524 = ( GEOMETRIC_REPRESENTATION_CONTEXT(2) 
PARAMETRIC_REPRESENTATION_CONTEXT() REPRESENTATION_CONTEXT('2D SPACE',''
  ) );
#9525 = PCURVE('',#2433,#9526);
#9526 = DEFINITIONAL_REPRESENTATION('',(#9527),#9531);
#9527 = LINE('',#9528,#9529);
#9528 = CARTESIAN_POINT('',(0.767540966287,0.));
#9529 = VECTOR('',#9530,1.);
#9530 = DIRECTION('',(0.,-1.));
#9531 = ( GEOMETRIC_REPRESENTATION_CONTEXT(2) 
PARAMETRIC_REPRESENTATION_CONTEXT() REPRESENTATION_CONTEXT('2D SPACE',''
  ) );
#9532 = ORIENTED_EDGE('',*,*,#5880,.T.);
#9533 = ORIENTED_EDGE('',*,*,#9458,.F.);
#9534 = ORIENTED_EDGE('',*,*,#2445,.F.);
#9535 = ADVANCED_FACE('',(#9536),#2050,.F.);
#9536 = FACE_BOUND('',#9537,.F.);
#9537 = EDGE_LOOP('',(#9538,#9539,#9540,#9561));
#9538 = ORIENTED_EDGE('',*,*,#9487,.T.);
#9539 = ORIENTED_EDGE('',*,*,#5551,.T.);
#9540 = ORIENTED_EDGE('',*,*,#9541,.F.);
#9541 = EDGE_CURVE('',#2011,#5552,#9542,.T.);
#9542 = SURFACE_CURVE('',#9543,(#9547,#9554),.PCURVE_S1.);
#9543 = LINE('',#9544,#9545);
#9544 = CARTESIAN_POINT('',(-8.199367291681,3.710845727878,0.));
#9545 = VECTOR('',#9546,1.);
#9546 = DIRECTION('',(0.,0.,1.));
#9547 = PCURVE('',#2050,#9548);
#9548 = DEFINITIONAL_REPRESENTATION('',(#9549),#9553);
#9549 = LINE('',#9550,#9551);
#9550 = CARTESIAN_POINT('',(1.628390007606,0.));
#9551 = VECTOR('',#9552,1.);
#9552 = DIRECTION('',(0.,-1.));
#9553 = ( GEOMETRIC_REPRESENTATION_CONTEXT(2) 
PARAMETRIC_REPRESENTATION_CONTEXT() REPRESENTATION_CONTEXT('2D SPACE',''
  ) );
#9554 = PCURVE('',#2093,#9555);
#9555 = DEFINITIONAL_REPRESENTATION('',(#9556),#9560);
#9556 = LINE('',#9557,#9558);
#9557 = CARTESIAN_POINT('',(-0.,0.));
#9558 = VECTOR('',#9559,1.);
#9559 = DIRECTION('',(-0.,-1.));
#9560 = ( GEOMETRIC_REPRESENTATION_CONTEXT(2) 
PARAMETRIC_REPRESENTATION_CONTEXT() REPRESENTATION_CONTEXT('2D SPACE',''
  ) );
#9561 = ORIENTED_EDGE('',*,*,#2010,.F.);
#9562 = ADVANCED_FACE('',(#9563),#2433,.F.);
#9563 = FACE_BOUND('',#9564,.F.);
#9564 = EDGE_LOOP('',(#9565,#9586,#9587,#9588));
#9565 = ORIENTED_EDGE('',*,*,#9566,.T.);
#9566 = EDGE_CURVE('',#2352,#5811,#9567,.T.);
#9567 = SURFACE_CURVE('',#9568,(#9572,#9579),.PCURVE_S1.);
#9568 = LINE('',#9569,#9570);
#9569 = CARTESIAN_POINT('',(-7.47342332818,-0.813244082441,0.));
#9570 = VECTOR('',#9571,1.);
#9571 = DIRECTION('',(0.,0.,1.));
#9572 = PCURVE('',#2433,#9573);
#9573 = DEFINITIONAL_REPRESENTATION('',(#9574),#9578);
#9574 = LINE('',#9575,#9576);
#9575 = CARTESIAN_POINT('',(0.,0.));
#9576 = VECTOR('',#9577,1.);
#9577 = DIRECTION('',(0.,-1.));
#9578 = ( GEOMETRIC_REPRESENTATION_CONTEXT(2) 
PARAMETRIC_REPRESENTATION_CONTEXT() REPRESENTATION_CONTEXT('2D SPACE',''
  ) );
#9579 = PCURVE('',#2391,#9580);
#9580 = DEFINITIONAL_REPRESENTATION('',(#9581),#9585);
#9581 = LINE('',#9582,#9583);
#9582 = CARTESIAN_POINT('',(1.628390007606,0.));
#9583 = VECTOR('',#9584,1.);
#9584 = DIRECTION('',(0.,-1.));
#9585 = ( GEOMETRIC_REPRESENTATION_CONTEXT(2) 
PARAMETRIC_REPRESENTATION_CONTEXT() REPRESENTATION_CONTEXT('2D SPACE',''
  ) );
#9586 = ORIENTED_EDGE('',*,*,#5857,.T.);
#9587 = ORIENTED_EDGE('',*,*,#9512,.F.);
#9588 = ORIENTED_EDGE('',*,*,#2417,.F.);
#9589 = ADVANCED_FACE('',(#9590),#2093,.T.);
#9590 = FACE_BOUND('',#9591,.F.);
#9591 = EDGE_LOOP('',(#9592,#9593,#9594,#9615));
#9592 = ORIENTED_EDGE('',*,*,#9541,.T.);
#9593 = ORIENTED_EDGE('',*,*,#5598,.T.);
#9594 = ORIENTED_EDGE('',*,*,#9595,.F.);
#9595 = EDGE_CURVE('',#2077,#5599,#9596,.T.);
#9596 = SURFACE_CURVE('',#9597,(#9601,#9608),.PCURVE_S1.);
#9597 = LINE('',#9598,#9599);
#9598 = CARTESIAN_POINT('',(-8.421792391506,3.173864035268,0.));
#9599 = VECTOR('',#9600,1.);
#9600 = DIRECTION('',(0.,0.,1.));
#9601 = PCURVE('',#2093,#9602);
#9602 = DEFINITIONAL_REPRESENTATION('',(#9603),#9607);
#9603 = LINE('',#9604,#9605);
#9604 = CARTESIAN_POINT('',(-6.459176073719E-02,0.));
#9605 = VECTOR('',#9606,1.);
#9606 = DIRECTION('',(-0.,-1.));
#9607 = ( GEOMETRIC_REPRESENTATION_CONTEXT(2) 
PARAMETRIC_REPRESENTATION_CONTEXT() REPRESENTATION_CONTEXT('2D SPACE',''
  ) );
#9608 = PCURVE('',#2145,#9609);
#9609 = DEFINITIONAL_REPRESENTATION('',(#9610),#9614);
#9610 = LINE('',#9611,#9612);
#9611 = CARTESIAN_POINT('',(0.,0.));
#9612 = VECTOR('',#9613,1.);
#9613 = DIRECTION('',(0.,-1.));
#9614 = ( GEOMETRIC_REPRESENTATION_CONTEXT(2) 
PARAMETRIC_REPRESENTATION_CONTEXT() REPRESENTATION_CONTEXT('2D SPACE',''
  ) );
#9615 = ORIENTED_EDGE('',*,*,#2076,.F.);
#9616 = ADVANCED_FACE('',(#9617),#2391,.F.);
#9617 = FACE_BOUND('',#9618,.F.);
#9618 = EDGE_LOOP('',(#9619,#9640,#9641,#9642));
#9619 = ORIENTED_EDGE('',*,*,#9620,.T.);
#9620 = EDGE_CURVE('',#2323,#5787,#9621,.T.);
#9621 = SURFACE_CURVE('',#9622,(#9626,#9633),.PCURVE_S1.);
#9622 = LINE('',#9623,#9624);
#9623 = CARTESIAN_POINT('',(-8.995306800448,-0.29061239789,0.));
#9624 = VECTOR('',#9625,1.);
#9625 = DIRECTION('',(0.,0.,1.));
#9626 = PCURVE('',#2391,#9627);
#9627 = DEFINITIONAL_REPRESENTATION('',(#9628),#9632);
#9628 = LINE('',#9629,#9630);
#9629 = CARTESIAN_POINT('',(0.,0.));
#9630 = VECTOR('',#9631,1.);
#9631 = DIRECTION('',(0.,-1.));
#9632 = ( GEOMETRIC_REPRESENTATION_CONTEXT(2) 
PARAMETRIC_REPRESENTATION_CONTEXT() REPRESENTATION_CONTEXT('2D SPACE',''
  ) );
#9633 = PCURVE('',#2339,#9634);
#9634 = DEFINITIONAL_REPRESENTATION('',(#9635),#9639);
#9635 = LINE('',#9636,#9637);
#9636 = CARTESIAN_POINT('',(-6.459176073723E-02,0.));
#9637 = VECTOR('',#9638,1.);
#9638 = DIRECTION('',(-0.,-1.));
#9639 = ( GEOMETRIC_REPRESENTATION_CONTEXT(2) 
PARAMETRIC_REPRESENTATION_CONTEXT() REPRESENTATION_CONTEXT('2D SPACE',''
  ) );
#9640 = ORIENTED_EDGE('',*,*,#5810,.T.);
#9641 = ORIENTED_EDGE('',*,*,#9566,.F.);
#9642 = ORIENTED_EDGE('',*,*,#2351,.F.);
#9643 = ADVANCED_FACE('',(#9644),#2145,.F.);
#9644 = FACE_BOUND('',#9645,.F.);
#9645 = EDGE_LOOP('',(#9646,#9647,#9648,#9669));
#9646 = ORIENTED_EDGE('',*,*,#9595,.T.);
#9647 = ORIENTED_EDGE('',*,*,#5622,.T.);
#9648 = ORIENTED_EDGE('',*,*,#9649,.F.);
#9649 = EDGE_CURVE('',#2106,#5623,#9650,.T.);
#9650 = SURFACE_CURVE('',#9651,(#9655,#9662),.PCURVE_S1.);
#9651 = LINE('',#9652,#9653);
#9652 = CARTESIAN_POINT('',(-7.215757887517,2.108615728042,0.));
#9653 = VECTOR('',#9654,1.);
#9654 = DIRECTION('',(0.,0.,1.));
#9655 = PCURVE('',#2145,#9656);
#9656 = DEFINITIONAL_REPRESENTATION('',(#9657),#9661);
#9657 = LINE('',#9658,#9659);
#9658 = CARTESIAN_POINT('',(1.628390007606,0.));
#9659 = VECTOR('',#9660,1.);
#9660 = DIRECTION('',(0.,-1.));
#9661 = ( GEOMETRIC_REPRESENTATION_CONTEXT(2) 
PARAMETRIC_REPRESENTATION_CONTEXT() REPRESENTATION_CONTEXT('2D SPACE',''
  ) );
#9662 = PCURVE('',#2187,#9663);
#9663 = DEFINITIONAL_REPRESENTATION('',(#9664),#9668);
#9664 = LINE('',#9665,#9666);
#9665 = CARTESIAN_POINT('',(0.,0.));
#9666 = VECTOR('',#9667,1.);
#9667 = DIRECTION('',(0.,-1.));
#9668 = ( GEOMETRIC_REPRESENTATION_CONTEXT(2) 
PARAMETRIC_REPRESENTATION_CONTEXT() REPRESENTATION_CONTEXT('2D SPACE',''
  ) );
#9669 = ORIENTED_EDGE('',*,*,#2105,.F.);
#9670 = ADVANCED_FACE('',(#9671),#2339,.T.);
#9671 = FACE_BOUND('',#9672,.F.);
#9672 = EDGE_LOOP('',(#9673,#9694,#9695,#9696));
#9673 = ORIENTED_EDGE('',*,*,#9674,.T.);
#9674 = EDGE_CURVE('',#2257,#5740,#9675,.T.);
#9675 = SURFACE_CURVE('',#9676,(#9680,#9687),.PCURVE_S1.);
#9676 = LINE('',#9677,#9678);
#9677 = CARTESIAN_POINT('',(-8.995306800448,0.29061239789,0.));
#9678 = VECTOR('',#9679,1.);
#9679 = DIRECTION('',(0.,0.,1.));
#9680 = PCURVE('',#2339,#9681);
#9681 = DEFINITIONAL_REPRESENTATION('',(#9682),#9686);
#9682 = LINE('',#9683,#9684);
#9683 = CARTESIAN_POINT('',(-0.,0.));
#9684 = VECTOR('',#9685,1.);
#9685 = DIRECTION('',(-0.,-1.));
#9686 = ( GEOMETRIC_REPRESENTATION_CONTEXT(2) 
PARAMETRIC_REPRESENTATION_CONTEXT() REPRESENTATION_CONTEXT('2D SPACE',''
  ) );
#9687 = PCURVE('',#2296,#9688);
#9688 = DEFINITIONAL_REPRESENTATION('',(#9689),#9693);
#9689 = LINE('',#9690,#9691);
#9690 = CARTESIAN_POINT('',(1.628390007606,0.));
#9691 = VECTOR('',#9692,1.);
#9692 = DIRECTION('',(0.,-1.));
#9693 = ( GEOMETRIC_REPRESENTATION_CONTEXT(2) 
PARAMETRIC_REPRESENTATION_CONTEXT() REPRESENTATION_CONTEXT('2D SPACE',''
  ) );
#9694 = ORIENTED_EDGE('',*,*,#5786,.T.);
#9695 = ORIENTED_EDGE('',*,*,#9620,.F.);
#9696 = ORIENTED_EDGE('',*,*,#2322,.F.);
#9697 = ADVANCED_FACE('',(#9698),#2187,.F.);
#9698 = FACE_BOUND('',#9699,.F.);
#9699 = EDGE_LOOP('',(#9700,#9701,#9702,#9723));
#9700 = ORIENTED_EDGE('',*,*,#9649,.T.);
#9701 = ORIENTED_EDGE('',*,*,#5669,.T.);
#9702 = ORIENTED_EDGE('',*,*,#9703,.F.);
#9703 = EDGE_CURVE('',#2172,#5670,#9704,.T.);
#9704 = SURFACE_CURVE('',#9705,(#9709,#9716),.PCURVE_S1.);
#9705 = LINE('',#9706,#9707);
#9706 = CARTESIAN_POINT('',(-6.479028974922,1.893326052776,0.));
#9707 = VECTOR('',#9708,1.);
#9708 = DIRECTION('',(0.,0.,1.));
#9709 = PCURVE('',#2187,#9710);
#9710 = DEFINITIONAL_REPRESENTATION('',(#9711),#9715);
#9711 = LINE('',#9712,#9713);
#9712 = CARTESIAN_POINT('',(0.767540966287,0.));
#9713 = VECTOR('',#9714,1.);
#9714 = DIRECTION('',(0.,-1.));
#9715 = ( GEOMETRIC_REPRESENTATION_CONTEXT(2) 
PARAMETRIC_REPRESENTATION_CONTEXT() REPRESENTATION_CONTEXT('2D SPACE',''
  ) );
#9716 = PCURVE('',#2216,#9717);
#9717 = DEFINITIONAL_REPRESENTATION('',(#9718),#9722);
#9718 = LINE('',#9719,#9720);
#9719 = CARTESIAN_POINT('',(-0.,0.));
#9720 = VECTOR('',#9721,1.);
#9721 = DIRECTION('',(-0.,-1.));
#9722 = ( GEOMETRIC_REPRESENTATION_CONTEXT(2) 
PARAMETRIC_REPRESENTATION_CONTEXT() REPRESENTATION_CONTEXT('2D SPACE',''
  ) );
#9723 = ORIENTED_EDGE('',*,*,#2171,.F.);
#9724 = ADVANCED_FACE('',(#9725),#2296,.F.);
#9725 = FACE_BOUND('',#9726,.F.);
#9726 = EDGE_LOOP('',(#9727,#9748,#9749,#9750));
#9727 = ORIENTED_EDGE('',*,*,#9728,.T.);
#9728 = EDGE_CURVE('',#2229,#5717,#9729,.T.);
#9729 = SURFACE_CURVE('',#9730,(#9734,#9741),.PCURVE_S1.);
#9730 = LINE('',#9731,#9732);
#9731 = CARTESIAN_POINT('',(-7.47342332818,0.813244082441,0.));
#9732 = VECTOR('',#9733,1.);
#9733 = DIRECTION('',(0.,0.,1.));
#9734 = PCURVE('',#2296,#9735);
#9735 = DEFINITIONAL_REPRESENTATION('',(#9736),#9740);
#9736 = LINE('',#9737,#9738);
#9737 = CARTESIAN_POINT('',(0.,0.));
#9738 = VECTOR('',#9739,1.);
#9739 = DIRECTION('',(0.,-1.));
#9740 = ( GEOMETRIC_REPRESENTATION_CONTEXT(2) 
PARAMETRIC_REPRESENTATION_CONTEXT() REPRESENTATION_CONTEXT('2D SPACE',''
  ) );
#9741 = PCURVE('',#2244,#9742);
#9742 = DEFINITIONAL_REPRESENTATION('',(#9743),#9747);
#9743 = LINE('',#9744,#9745);
#9744 = CARTESIAN_POINT('',(0.767540966287,0.));
#9745 = VECTOR('',#9746,1.);
#9746 = DIRECTION('',(0.,-1.));
#9747 = ( GEOMETRIC_REPRESENTATION_CONTEXT(2) 
PARAMETRIC_REPRESENTATION_CONTEXT() REPRESENTATION_CONTEXT('2D SPACE',''
  ) );
#9748 = ORIENTED_EDGE('',*,*,#5739,.T.);
#9749 = ORIENTED_EDGE('',*,*,#9674,.F.);
#9750 = ORIENTED_EDGE('',*,*,#2256,.F.);
#9751 = ADVANCED_FACE('',(#9752),#2216,.T.);
#9752 = FACE_BOUND('',#9753,.F.);
#9753 = EDGE_LOOP('',(#9754,#9755,#9756,#9777));
#9754 = ORIENTED_EDGE('',*,*,#9703,.T.);
#9755 = ORIENTED_EDGE('',*,*,#5692,.T.);
#9756 = ORIENTED_EDGE('',*,*,#9757,.F.);
#9757 = EDGE_CURVE('',#2200,#5693,#9758,.T.);
#9758 = SURFACE_CURVE('',#9759,(#9763,#9770),.PCURVE_S1.);
#9759 = LINE('',#9760,#9761);
#9760 = CARTESIAN_POINT('',(-6.710386772941,0.730211857986,0.));
#9761 = VECTOR('',#9762,1.);
#9762 = DIRECTION('',(0.,0.,1.));
#9763 = PCURVE('',#2216,#9764);
#9764 = DEFINITIONAL_REPRESENTATION('',(#9765),#9769);
#9765 = LINE('',#9766,#9767);
#9766 = CARTESIAN_POINT('',(-0.175915773115,0.));
#9767 = VECTOR('',#9768,1.);
#9768 = DIRECTION('',(-0.,-1.));
#9769 = ( GEOMETRIC_REPRESENTATION_CONTEXT(2) 
PARAMETRIC_REPRESENTATION_CONTEXT() REPRESENTATION_CONTEXT('2D SPACE',''
  ) );
#9770 = PCURVE('',#2244,#9771);
#9771 = DEFINITIONAL_REPRESENTATION('',(#9772),#9776);
#9772 = LINE('',#9773,#9774);
#9773 = CARTESIAN_POINT('',(0.,0.));
#9774 = VECTOR('',#9775,1.);
#9775 = DIRECTION('',(0.,-1.));
#9776 = ( GEOMETRIC_REPRESENTATION_CONTEXT(2) 
PARAMETRIC_REPRESENTATION_CONTEXT() REPRESENTATION_CONTEXT('2D SPACE',''
  ) );
#9777 = ORIENTED_EDGE('',*,*,#2199,.F.);
#9778 = ADVANCED_FACE('',(#9779),#2244,.F.);
#9779 = FACE_BOUND('',#9780,.F.);
#9780 = EDGE_LOOP('',(#9781,#9782,#9783,#9784));
#9781 = ORIENTED_EDGE('',*,*,#9757,.T.);
#9782 = ORIENTED_EDGE('',*,*,#5716,.T.);
#9783 = ORIENTED_EDGE('',*,*,#9728,.F.);
#9784 = ORIENTED_EDGE('',*,*,#2228,.F.);
#9785 = ADVANCED_FACE('',(#9786),#4182,.F.);
#9786 = FACE_BOUND('',#9787,.T.);
#9787 = EDGE_LOOP('',(#9788,#9789,#9808,#9809));
#9788 = ORIENTED_EDGE('',*,*,#4163,.F.);
#9789 = ORIENTED_EDGE('',*,*,#9790,.F.);
#9790 = EDGE_CURVE('',#7223,#4164,#9791,.T.);
#9791 = SURFACE_CURVE('',#9792,(#9796,#9802),.PCURVE_S1.);
#9792 = LINE('',#9793,#9794);
#9793 = CARTESIAN_POINT('',(2.024845673132,-1.55,0.));
#9794 = VECTOR('',#9795,1.);
#9795 = DIRECTION('',(-0.,-0.,-1.));
#9796 = PCURVE('',#4182,#9797);
#9797 = DEFINITIONAL_REPRESENTATION('',(#9798),#9801);
#9798 = B_SPLINE_CURVE_WITH_KNOTS('',1,(#9799,#9800),.UNSPECIFIED.,.F.,
  .F.,(2,2),(-6.,-0.),.PIECEWISE_BEZIER_KNOTS.);
#9799 = CARTESIAN_POINT('',(-5.629843805801,-6.));
#9800 = CARTESIAN_POINT('',(-5.629843805801,0.));
#9801 = ( GEOMETRIC_REPRESENTATION_CONTEXT(2) 
PARAMETRIC_REPRESENTATION_CONTEXT() REPRESENTATION_CONTEXT('2D SPACE',''
  ) );
#9802 = PCURVE('',#4210,#9803);
#9803 = DEFINITIONAL_REPRESENTATION('',(#9804),#9807);
#9804 = B_SPLINE_CURVE_WITH_KNOTS('',1,(#9805,#9806),.UNSPECIFIED.,.F.,
  .F.,(2,2),(-6.0000006,6.E-07),.PIECEWISE_BEZIER_KNOTS.);
#9805 = CARTESIAN_POINT('',(5.574845673132,-6.0000006));
#9806 = CARTESIAN_POINT('',(5.574845673132,6.E-07));
#9807 = ( GEOMETRIC_REPRESENTATION_CONTEXT(2) 
PARAMETRIC_REPRESENTATION_CONTEXT() REPRESENTATION_CONTEXT('2D SPACE',''
  ) );
#9808 = ORIENTED_EDGE('',*,*,#7222,.F.);
#9809 = ORIENTED_EDGE('',*,*,#9810,.T.);
#9810 = EDGE_CURVE('',#7198,#4166,#9811,.T.);
#9811 = SURFACE_CURVE('',#9812,(#9816,#9822),.PCURVE_S1.);
#9812 = LINE('',#9813,#9814);
#9813 = CARTESIAN_POINT('',(2.024845673132,1.55,0.));
#9814 = VECTOR('',#9815,1.);
#9815 = DIRECTION('',(-0.,-0.,-1.));
#9816 = PCURVE('',#4182,#9817);
#9817 = DEFINITIONAL_REPRESENTATION('',(#9818),#9821);
#9818 = B_SPLINE_CURVE_WITH_KNOTS('',1,(#9819,#9820),.UNSPECIFIED.,.F.,
  .F.,(2,2),(-6.,0.),.PIECEWISE_BEZIER_KNOTS.);
#9819 = CARTESIAN_POINT('',(-6.936526808558,-6.));
#9820 = CARTESIAN_POINT('',(-6.936526808558,0.));
#9821 = ( GEOMETRIC_REPRESENTATION_CONTEXT(2) 
PARAMETRIC_REPRESENTATION_CONTEXT() REPRESENTATION_CONTEXT('2D SPACE',''
  ) );
#9822 = PCURVE('',#4265,#9823);
#9823 = DEFINITIONAL_REPRESENTATION('',(#9824),#9827);
#9824 = B_SPLINE_CURVE_WITH_KNOTS('',1,(#9825,#9826),.UNSPECIFIED.,.F.,
  .F.,(2,2),(-6.0000006,6.E-07),.PIECEWISE_BEZIER_KNOTS.);
#9825 = CARTESIAN_POINT('',(1.525154326868,-6.0000006));
#9826 = CARTESIAN_POINT('',(1.525154326868,6.E-07));
#9827 = ( GEOMETRIC_REPRESENTATION_CONTEXT(2) 
PARAMETRIC_REPRESENTATION_CONTEXT() REPRESENTATION_CONTEXT('2D SPACE',''
  ) );
#9828 = ADVANCED_FACE('',(#9829),#4265,.T.);
#9829 = FACE_BOUND('',#9830,.T.);
#9830 = EDGE_LOOP('',(#9831,#9832,#9833,#9834));
#9831 = ORIENTED_EDGE('',*,*,#4251,.F.);
#9832 = ORIENTED_EDGE('',*,*,#9810,.F.);
#9833 = ORIENTED_EDGE('',*,*,#7197,.T.);
#9834 = ORIENTED_EDGE('',*,*,#9835,.T.);
#9835 = EDGE_CURVE('',#7200,#4223,#9836,.T.);
#9836 = SURFACE_CURVE('',#9837,(#9841,#9847),.PCURVE_S1.);
#9837 = LINE('',#9838,#9839);
#9838 = CARTESIAN_POINT('',(-2.024845673132,1.55,0.));
#9839 = VECTOR('',#9840,1.);
#9840 = DIRECTION('',(-0.,-0.,-1.));
#9841 = PCURVE('',#4265,#9842);
#9842 = DEFINITIONAL_REPRESENTATION('',(#9843),#9846);
#9843 = B_SPLINE_CURVE_WITH_KNOTS('',1,(#9844,#9845),.UNSPECIFIED.,.F.,
  .F.,(2,2),(-6.0000006,6.E-07),.PIECEWISE_BEZIER_KNOTS.);
#9844 = CARTESIAN_POINT('',(5.574845673132,-6.0000006));
#9845 = CARTESIAN_POINT('',(5.574845673132,6.E-07));
#9846 = ( GEOMETRIC_REPRESENTATION_CONTEXT(2) 
PARAMETRIC_REPRESENTATION_CONTEXT() REPRESENTATION_CONTEXT('2D SPACE',''
  ) );
#9847 = PCURVE('',#4239,#9848);
#9848 = DEFINITIONAL_REPRESENTATION('',(#9849),#9852);
#9849 = B_SPLINE_CURVE_WITH_KNOTS('',1,(#9850,#9851),.UNSPECIFIED.,.F.,
  .F.,(2,2),(-6.0000006,6.E-07),.PIECEWISE_BEZIER_KNOTS.);
#9850 = CARTESIAN_POINT('',(-2.488251152211,-6.0000006));
#9851 = CARTESIAN_POINT('',(-2.488251152211,6.E-07));
#9852 = ( GEOMETRIC_REPRESENTATION_CONTEXT(2) 
PARAMETRIC_REPRESENTATION_CONTEXT() REPRESENTATION_CONTEXT('2D SPACE',''
  ) );
#9853 = ADVANCED_FACE('',(#9854),#4239,.F.);
#9854 = FACE_BOUND('',#9855,.T.);
#9855 = EDGE_LOOP('',(#9856,#9857,#9858,#9859));
#9856 = ORIENTED_EDGE('',*,*,#4222,.F.);
#9857 = ORIENTED_EDGE('',*,*,#9835,.F.);
#9858 = ORIENTED_EDGE('',*,*,#7273,.T.);
#9859 = ORIENTED_EDGE('',*,*,#9860,.T.);
#9860 = EDGE_CURVE('',#7251,#4195,#9861,.T.);
#9861 = SURFACE_CURVE('',#9862,(#9866,#9872),.PCURVE_S1.);
#9862 = LINE('',#9863,#9864);
#9863 = CARTESIAN_POINT('',(-2.024845673132,-1.55,0.));
#9864 = VECTOR('',#9865,1.);
#9865 = DIRECTION('',(-0.,-0.,-1.));
#9866 = PCURVE('',#4239,#9867);
#9867 = DEFINITIONAL_REPRESENTATION('',(#9868),#9871);
#9868 = B_SPLINE_CURVE_WITH_KNOTS('',1,(#9869,#9870),.UNSPECIFIED.,.F.,
  .F.,(2,2),(-6.0000006,6.E-07),.PIECEWISE_BEZIER_KNOTS.);
#9869 = CARTESIAN_POINT('',(-3.794934154968,-6.0000006));
#9870 = CARTESIAN_POINT('',(-3.794934154968,6.E-07));
#9871 = ( GEOMETRIC_REPRESENTATION_CONTEXT(2) 
PARAMETRIC_REPRESENTATION_CONTEXT() REPRESENTATION_CONTEXT('2D SPACE',''
  ) );
#9872 = PCURVE('',#4210,#9873);
#9873 = DEFINITIONAL_REPRESENTATION('',(#9874),#9877);
#9874 = B_SPLINE_CURVE_WITH_KNOTS('',1,(#9875,#9876),.UNSPECIFIED.,.F.,
  .F.,(2,2),(-6.0000006,6.E-07),.PIECEWISE_BEZIER_KNOTS.);
#9875 = CARTESIAN_POINT('',(1.525154326868,-6.0000006));
#9876 = CARTESIAN_POINT('',(1.525154326868,6.E-07));
#9877 = ( GEOMETRIC_REPRESENTATION_CONTEXT(2) 
PARAMETRIC_REPRESENTATION_CONTEXT() REPRESENTATION_CONTEXT('2D SPACE',''
  ) );
#9878 = ADVANCED_FACE('',(#9879),#4210,.T.);
#9879 = FACE_BOUND('',#9880,.T.);
#9880 = EDGE_LOOP('',(#9881,#9882,#9883,#9884));
#9881 = ORIENTED_EDGE('',*,*,#4194,.F.);
#9882 = ORIENTED_EDGE('',*,*,#9860,.F.);
#9883 = ORIENTED_EDGE('',*,*,#7250,.T.);
#9884 = ORIENTED_EDGE('',*,*,#9790,.T.);
#9885 = ( GEOMETRIC_REPRESENTATION_CONTEXT(3) 
GLOBAL_UNCERTAINTY_ASSIGNED_CONTEXT((#9889)) 
GLOBAL_UNIT_ASSIGNED_CONTEXT((#9886,#9887,#9888)) REPRESENTATION_CONTEXT
('Context #1','3D Context with UNIT and UNCERTAINTY') );
#9886 = ( LENGTH_UNIT() NAMED_UNIT(*) SI_UNIT(.MILLI.,.METRE.) );
#9887 = ( NAMED_UNIT(*) PLANE_ANGLE_UNIT() SI_UNIT($,.RADIAN.) );
#9888 = ( NAMED_UNIT(*) SI_UNIT($,.STERADIAN.) SOLID_ANGLE_UNIT() );
#9889 = UNCERTAINTY_MEASURE_WITH_UNIT(LENGTH_MEASURE(1.E-07),#9886,
  'distance_accuracy_value','confusion accuracy');
#9890 = PRODUCT_RELATED_PRODUCT_CATEGORY('part',$,(#7));
ENDSEC;
END-ISO-10303-21;
